datetime,open,high,low,close,volume,amount,code
2015-01-05,8.46045525,9.2472237,8.334716,9.053226,46087474.0,1123567584.0,600588.SH
2015-01-06,8.90593145,9.8148466,8.82689535,9.53103515,43615569.0,1130591568.0,600588.SH
2015-01-07,9.4915171,9.8795125,9.4484065,9.70347755,37071208.0,997518464.0,600588.SH
2015-01-08,9.699885,10.05914,9.5849234,9.8723274,31871589.0,876956800.0,600588.SH
2015-01-09,9.79688385,10.42917265,9.6567744,9.96214115,38325535.0,1084233712.0,600588.SH
2015-01-12,9.88310505,10.5980225,9.771736,10.43635775,32845655.0,947482528.0,600588.SH
2015-01-13,10.54413425,11.4817898,10.37887695,11.4817898,48469972.0,1522282800.0,600588.SH
2015-01-14,11.6757875,12.0278574,11.24827405,11.5895663,45030096.0,1460671424.0,600588.SH
2015-01-15,11.32012505,12.27574335,11.3165325,12.25418805,34140355.0,1138067808.0,600588.SH
2015-01-16,12.0565978,13.4792476,12.0350425,13.4792476,30173179.0,1092254992.0,600588.SH
2015-01-19,13.54750605,14.5498275,12.82181095,13.15951065,67971556.0,2575268128.0,600588.SH
2015-01-20,13.292435,14.1474619,12.90084705,13.77742925,53773248.0,2044184512.0,600588.SH
2015-01-21,13.4720625,14.0037599,13.1559181,13.76305905,44640468.0,1672860256.0,600588.SH
2015-01-22,13.6085794,13.75587395,13.05891925,13.2277691,49887044.0,1845538512.0,600588.SH
2015-01-23,13.08047455,13.3714711,12.27574335,12.37633475,55489894.0,1963683504.0,600588.SH
2015-01-26,12.52003675,13.15951065,12.38351985,13.1199926,42529315.0,1518384576.0,600588.SH
2015-01-27,13.15232555,13.46128485,12.5595548,12.7607376,36123862.0,1300001200.0,600588.SH
2015-01-28,12.789478,13.220584,12.46974105,12.75714505,33434937.0,1204099376.0,600588.SH
2015-01-29,12.5379995,13.3211754,12.48411125,13.292435,35667447.0,1293176560.0,600588.SH
2015-01-30,13.51158055,13.70557825,12.0350425,12.2290402,42495996.0,1519582784.0,600588.SH
2015-02-02,12.142819,13.1774734,12.0781531,12.7966631,34747667.0,1235455760.0,600588.SH
2015-02-03,12.78588545,14.0756109,12.58470265,13.7163559,63242008.0,2400021600.0,600588.SH
2015-02-04,13.79179945,15.016859,13.57624645,14.9090825,56931471.0,2265555584.0,600588.SH
2015-02-05,14.69712205,15.6563329,14.3342745,14.61808595,51883663.0,2167907264.0,600588.SH
2015-02-06,14.4276808,14.89111975,13.4792476,13.51158055,33882010.0,1314471968.0,600588.SH
2015-02-09,13.56906135,14.36660745,13.37506365,13.7379112,27057348.0,1046356064.0,600588.SH
2015-02-10,13.723541,14.35223725,13.1128075,14.17979485,33411690.0,1272022288.0,600588.SH
2015-02-11,14.17979485,14.9090825,14.05046305,14.3414596,36645997.0,1476734320.0,600588.SH
2015-02-12,14.28038625,14.63964125,13.56906135,13.9965748,46931617.0,1817896544.0,600588.SH
2015-02-13,14.010945,14.2696086,13.6660602,13.94268655,34584566.0,1344402832.0,600588.SH
2015-02-16,13.795392,15.33659595,13.65528255,15.33659595,58793591.0,2415376352.0,600588.SH
2015-02-17,15.39407675,15.43000225,14.5498275,14.7150848,41490201.0,1705101888.0,600588.SH
2015-02-25,14.657604,14.9665633,14.1115364,14.18697995,27823002.0,1113355696.0,600588.SH
2015-02-26,14.1905725,14.4779765,13.87083555,14.33068195,23742749.0,935895600.0,600588.SH
2015-02-27,14.1977576,14.65401145,13.9462791,14.30912665,26272144.0,1040646096.0,600588.SH
2015-03-02,14.30912665,14.9090825,13.86365045,14.61090085,48670590.0,1936085072.0,600588.SH
2015-03-03,14.35223725,14.53904985,13.939094,14.01453755,38539012.0,1525079856.0,600588.SH
2015-03-04,13.939094,13.939094,13.579839,13.7163559,35173530.0,1344313392.0,600588.SH
2015-03-05,13.65169,13.65169,13.05891925,13.22417655,44579320.0,1646174080.0,600588.SH
2015-03-06,13.28884245,13.723541,12.93318,13.35350835,31008096.0,1159884160.0,600588.SH
2015-03-09,13.37506365,14.41690315,13.37506365,14.1833874,55067275.0,2146212880.0,600588.SH
2015-03-10,14.23727565,14.2480533,13.867243,14.0037599,27343873.0,1068308656.0,600588.SH
2015-03-11,14.02172265,14.02890775,13.5439135,13.59780175,25927331.0,985372560.0,600588.SH
2015-03-12,13.5008029,13.8241324,13.2133989,13.46846995,24008649.0,896227856.0,600588.SH
2015-03-13,13.48284015,14.1905725,13.47565505,13.94268655,32243110.0,1241582240.0,600588.SH
2015-03-16,14.0756109,15.2395971,13.9678344,14.97015585,60381553.0,2440697072.0,600588.SH
2015-03-17,15.08871,15.08871,14.4348659,14.6073083,46996588.0,1914173872.0,600588.SH
2015-03-18,14.4779765,14.78334325,14.1833874,14.6216785,41440903.0,1667950624.0,600588.SH
2015-03-19,14.5785679,14.7653805,14.28038625,14.40971805,30230220.0,1217136832.0,600588.SH
2015-03-20,14.585753,15.56651915,14.49593925,14.8803421,62888310.0,2632901392.0,600588.SH
2015-03-23,15.4120395,15.519816,14.7007146,15.3832991,56277454.0,2371927584.0,600588.SH
2015-03-24,15.447965,16.9209105,15.14259825,16.9209105,70144892.0,3183196960.0,600588.SH
2015-03-25,17.78671505,18.61300155,17.4957185,17.9986755,99153667.0,5064343296.0,600588.SH
2015-03-26,17.890899,18.37589325,16.47902685,16.87420735,69681640.0,3361952992.0,600588.SH
2015-03-27,16.884985,17.7112715,16.166475,16.65146925,62003188.0,2910298944.0,600588.SH
2015-03-30,16.3461025,16.7772085,15.8431455,16.2886217,53909276.0,2426889664.0,600588.SH
2015-03-31,16.166475,16.9424658,16.13414205,16.39999075,47836922.0,2209017600.0,600588.SH
2015-04-01,16.52573,16.9927615,16.39999075,16.7556532,35510349.0,1648525792.0,600588.SH
2015-04-02,16.79517125,17.0215019,16.34969505,16.62991395,37432163.0,1724696512.0,600588.SH
2015-04-03,16.4898045,16.52213745,16.08384635,16.29221425,36944772.0,1666600288.0,600588.SH
2015-04-07,16.29221425,16.7053575,15.90421885,16.53650765,46538990.0,2117286784.0,600588.SH
2015-04-08,16.53650765,16.53650765,15.80722,15.98325495,45215065.0,2022294368.0,600588.SH
2015-04-09,15.950922,15.950922,14.97015585,15.68866585,41082535.0,1769043056.0,600588.SH
2015-04-10,15.7641094,16.29939935,15.7569243,16.06947615,33525303.0,1501894432.0,600588.SH
2015-04-13,16.238326,17.16879645,16.238326,16.8275042,57273404.0,2675726800.0,600588.SH
2015-04-14,16.82391165,16.82391165,16.1305495,16.2598813,41072904.0,1873310496.0,600588.SH
2015-04-15,16.166475,16.166475,15.22881945,15.26474495,36484337.0,1583578736.0,600588.SH
2015-04-16,15.0527845,15.7569243,14.73304755,15.33659595,28295107.0,1205456096.0,600588.SH
2015-04-17,15.3401885,15.663518,15.19289395,15.32941085,25828746.0,1107362096.0,600588.SH
2015-04-20,15.07793235,15.57370425,14.873157,15.47311285,33291262.0,1415738144.0,600588.SH
2015-04-21,15.47311285,16.42873115,15.447965,16.4035833,47081625.0,2107710832.0,600588.SH
2015-04-22,16.4395088,17.12568585,16.3748429,16.47184175,48451619.0,2250149456.0,600588.SH
2015-04-23,16.453879,16.52213745,16.0299581,16.1736601,30034511.0,1355839248.0,600588.SH
2015-04-24,16.07666125,17.3592016,15.9149965,17.29094315,65035562.0,3055684208.0,600588.SH
2015-04-27,17.9196394,18.1423775,16.88857755,16.9496509,54970662.0,2662173632.0,600588.SH
2015-04-28,16.89576265,16.9280956,16.0084028,16.25628875,30475465.0,1384182000.0,600588.SH
2015-04-29,16.166475,16.86702225,16.02636555,16.68739475,25751892.0,1185993584.0,600588.SH
2015-04-30,16.9998102,18.3578859,16.834932,17.9760627,40183888.0,1653446192.0,600588.SH
2015-05-04,17.485767,17.485767,16.5529035,17.0822493,39674946.0,1559020864.0,600588.SH
2015-05-05,16.9260489,16.965099,15.836985,15.8586795,33159292.0,1253936000.0,600588.SH
2015-05-06,16.270875,17.4467169,15.9758298,16.7264595,60000118.0,2330178720.0,600588.SH
2015-05-07,16.4227365,17.2861776,16.3359585,16.7307984,37590008.0,1462702464.0,600588.SH
2015-05-08,16.878321,18.4056138,16.878321,18.4056138,92178473.0,3818398848.0,600588.SH
2015-05-11,18.570492,19.95894,17.9890794,19.4512887,98436426.0,4268321648.0,600588.SH
2015-05-12,19.4512887,21.3387102,19.0954989,20.9482092,77312450.0,3587610544.0,600588.SH
2015-05-13,20.8050255,20.9438703,19.95894,20.0977848,50655783.0,2384462832.0,600588.SH
2015-05-14,20.0760903,20.6227917,19.785384,19.9979901,33873926.0,1573922352.0,600588.SH
2015-05-15,20.566386,21.4732161,20.0066679,20.7876699,46768156.0,2230639056.0,600588.SH
2015-05-18,20.8874646,22.2932682,20.82672,21.9591729,43943697.0,2191297824.0,600588.SH
2015-05-19,22.0372731,22.2802515,20.870109,21.3820992,40906018.0,2012338304.0,600588.SH
2015-05-20,21.3951159,23.3823321,21.390777,22.4234352,40161512.0,2084669216.0,600588.SH
2015-05-21,22.4581464,23.647005,22.1327289,22.8095973,36502920.0,1929663472.0,600588.SH
2015-05-22,23.2174539,23.9854392,22.0893399,22.8095973,38696141.0,2042166208.0,600588.SH
2015-05-25,22.3409961,22.952781,21.6858222,22.4624853,39595842.0,2027351888.0,600588.SH
2015-05-26,22.5015354,23.647005,22.5015354,23.2044372,36269962.0,1934313088.0,600588.SH
2015-05-27,23.343282,24.29784,22.432113,23.9897781,47351627.0,2543306656.0,600588.SH
2015-05-28,23.9811003,26.0117055,22.779225,23.2825374,53723137.0,3056648352.0,600588.SH
2015-05-29,23.343282,25.6125267,22.2021513,25.6125267,55137196.0,3107754560.0,600588.SH
2015-06-01,26.8751466,28.1724777,25.8424884,27.9468549,57485083.0,3547947216.0,600588.SH
2015-06-02,28.593351,30.7411065,27.7732989,30.7411065,58450900.0,4028572368.0,600588.SH
2015-06-03,31.1923521,32.2770771,28.810296,30.2508108,57820652.0,4049720160.0,600588.SH
2015-06-04,29.9470878,30.0425436,27.2265975,29.3656752,40327936.0,2670221808.0,600588.SH
2015-06-05,29.417742,30.2334552,27.76896,28.1985111,38811282.0,2589141360.0,600588.SH
2015-06-08,28.246239,28.6280622,26.076789,27.2526309,44316974.0,2770953520.0,600588.SH
2015-06-09,27.2613087,28.0162773,26.5367124,27.5606928,28570747.0,1806333504.0,600588.SH
2015-06-10,27.33507,29.3569974,26.857791,28.8363294,39142340.0,2554067616.0,600588.SH
2015-06-11,28.8753795,30.1466772,28.853685,29.5088589,34771448.0,2359595648.0,600588.SH
2015-06-12,30.3723,31.6696311,29.5088589,29.8039041,40091235.0,2832256832.0,600588.SH
2015-06-15,29.634687,29.634687,27.3827979,27.6474708,39831233.0,2588852544.0,600588.SH
2015-06-16,27.33507,27.33507,25.8207939,26.1071613,32012436.0,1956345808.0,600588.SH
2015-06-17,25.946622,27.6344541,25.1569422,27.33507,37197839.0,2275834960.0,600588.SH
2015-06-18,26.9315523,27.985905,25.8077772,26.2850562,24192090.0,1515097952.0,600588.SH
2015-06-19,25.16562,26.1852615,23.6556828,23.6556828,31009195.0,1762542496.0,600588.SH
2015-06-23,22.8616641,24.5234628,21.303999,23.994117,37389344.0,1982173904.0,600588.SH
2015-06-24,24.29784,24.5928852,23.0005089,24.1937064,33414311.0,1845689904.0,600588.SH
2015-06-25,24.4366848,24.5885463,21.9288006,22.3409961,27654214.0,1497551696.0,600588.SH
2015-06-26,21.477555,21.477555,20.1064626,20.1064626,29938432.0,1412088784.0,600588.SH
2015-06-29,20.1064626,20.39283,18.0975519,18.0975519,44479949.0,1883618800.0,600588.SH
2015-06-30,18.0888741,19.9068732,16.314264,19.9068732,64940576.0,2743266512.0,600588.SH
2015-07-01,19.9502622,21.6771444,19.5293889,20.0413791,64893932.0,3125318560.0,600588.SH
2015-07-02,20.39283,21.1564764,19.09116,19.5293889,61791048.0,2878789040.0,600588.SH
2015-07-03,19.0998378,20.8961424,17.5768839,19.8331119,55886541.0,2438686944.0,600588.SH
2015-07-06,21.8159892,21.8159892,17.8502346,19.1128545,75801090.0,3405716448.0,600588.SH
2015-07-07,19.1128545,19.1128545,19.1128545,19.1128545,0.0,0.0,600588.SH
2015-07-08,19.1128545,19.1128545,19.1128545,19.1128545,0.0,0.0,600588.SH
2015-07-09,19.1128545,19.1128545,19.1128545,19.1128545,0.0,0.0,600588.SH
2015-07-10,19.1128545,19.1128545,19.1128545,19.1128545,0.0,0.0,600588.SH
2015-07-13,21.0263094,21.0263094,20.262663,21.0263094,73422687.0,3540292336.0,600588.SH
2015-07-14,21.0349872,22.8443085,20.696553,21.2909823,108454835.0,5406978304.0,600588.SH
2015-07-15,20.436219,20.696553,19.1605824,19.1605824,44734217.0,2025206576.0,600588.SH
2015-07-16,17.2427886,18.787437,17.2427886,17.3512611,137425986.0,5552695040.0,600588.SH
2015-07-17,17.3512611,18.8221482,16.48782,18.4012749,93089349.0,3807823648.0,600588.SH
2015-07-20,18.6052032,19.7333172,18.0107739,18.7700814,82623172.0,3598902464.0,600588.SH
2015-07-21,18.440325,19.1692602,17.963046,18.4663584,60586027.0,2595468656.0,600588.SH
2015-07-22,18.310158,20.3147298,18.22338,20.3147298,140419538.0,6460247040.0,600588.SH
2015-07-23,20.3971689,21.1217652,19.7723673,20.82672,116872715.0,5499856128.0,600588.SH
2015-07-24,20.5707249,21.6684666,19.6161669,20.1021237,92293652.0,4430091008.0,600588.SH
2015-07-27,19.481661,20.522997,18.093213,18.093213,80257136.0,3592957008.0,600588.SH
2015-07-28,16.48782,17.746101,16.2838917,16.2838917,107024589.0,4078737568.0,600588.SH
2015-07-29,16.9173711,17.9109792,15.533262,17.9109792,101803451.0,3936309632.0,600588.SH
2015-07-30,18.22338,19.0781433,16.9000155,17.3556,101978554.0,4316480512.0,600588.SH
2015-07-31,17.0128269,17.3903112,16.3359585,16.9954713,60935721.0,2370807088.0,600588.SH
2015-08-03,16.0582689,16.3880253,15.2946225,15.5072286,82909102.0,2974971360.0,600588.SH
2015-08-04,15.403095,16.7004261,15.3814005,16.6093092,51497679.0,1902975152.0,600588.SH
2015-08-05,16.4791422,16.5398868,15.5376009,15.750207,52139797.0,1925264336.0,600588.SH
2015-08-06,15.2946225,16.2144693,15.18615,15.706818,35719479.0,1294086560.0,600588.SH
2015-08-07,15.8586795,16.574598,15.8326461,16.3186029,51563891.0,1936654512.0,600588.SH
2015-08-10,16.617987,17.529156,16.2535194,17.3035332,61034082.0,2377508320.0,600588.SH
2015-08-11,17.2861776,17.442378,16.791543,17.0215047,52418833.0,2069870640.0,600588.SH
2015-08-12,16.791543,16.9867935,16.2535194,16.2969084,37976948.0,1458606016.0,600588.SH
2015-08-13,16.05393,16.834932,15.8890518,16.748154,36752726.0,1384557312.0,600588.SH
2015-08-14,16.9173711,18.006435,16.661376,17.3512611,71424210.0,2858597808.0,600588.SH
2015-08-17,17.182044,17.225433,16.7394762,17.0692326,41038663.0,1607168848.0,600588.SH
2015-08-18,17.225433,17.9370126,15.62004,15.7632237,65466354.0,2563754096.0,600588.SH
2015-08-19,15.4117728,16.3793475,14.7392433,16.2665361,50823828.0,1840191200.0,600588.SH
2015-08-20,16.2405027,16.878321,15.8630184,15.9584742,42965051.0,1621227520.0,600588.SH
2015-08-21,15.489873,15.967152,14.665482,14.7782934,36536007.0,1283792944.0,600588.SH
2015-08-24,13.9018356,14.231592,13.2987285,13.2987285,27840532.0,859587024.0,600588.SH
2015-08-25,12.0100752,12.4439652,11.9710251,11.9710251,31488338.0,872021888.0,600588.SH
2015-08-26,11.541474,12.0838365,10.7734887,10.7734887,58807934.0,1524292528.0,600588.SH
2015-08-27,11.064195,11.2594455,9.719136,10.8212166,60308109.0,1477198256.0,600588.SH
2015-08-28,10.9817559,11.9016027,10.6346439,11.9016027,66592299.0,1716001104.0,600588.SH
2015-08-31,11.541474,11.6976744,10.7865054,11.2290732,56119400.0,1441168528.0,600588.SH
2015-09-01,10.84725,11.0425005,10.1052981,10.4697657,50198987.0,1211258352.0,600588.SH
2015-09-02,9.7842195,10.803861,9.6540525,10.41336,42280400.0,1004445056.0,600588.SH
2015-09-07,10.4654268,11.194362,10.2484818,10.4350545,28959356.0,719331104.0,600588.SH
2015-09-08,10.6216272,11.150973,10.1790594,11.0251449,26714896.0,655455424.0,600588.SH
2015-09-09,11.0945673,12.0230919,11.0468394,11.758419,50282571.0,1342948960.0,600588.SH
2015-09-10,11.4156459,11.7106911,11.237751,11.2637844,29526225.0,780104016.0,600588.SH
2015-09-11,11.584863,11.8104858,11.28114,11.4503571,31234338.0,833341456.0,600588.SH
2015-09-14,11.3505624,11.4937461,10.3048875,10.41336,40787527.0,1003683872.0,600588.SH
2015-09-15,10.153026,10.7300997,9.54558,9.5542578,25576199.0,587129456.0,600588.SH
2015-09-16,9.8883531,10.5088158,9.762525,10.5088158,47067020.0,1108638304.0,600588.SH
2015-09-17,10.4350545,11.0511783,10.2354651,10.3092264,50461676.0,1235370608.0,600588.SH
2015-09-18,10.3960044,10.4914602,10.0749258,10.3482765,28958065.0,688210688.0,600588.SH
2015-09-21,10.022859,11.324529,9.9881478,11.2551066,45703261.0,1138496016.0,600588.SH
2015-09-22,11.367918,11.5935408,10.8342333,11.1770064,40262910.0,1044974720.0,600588.SH
2015-09-23,10.9166724,11.3635791,10.890639,11.0468394,27273987.0,696492976.0,600588.SH
2015-09-24,11.1292785,11.4763905,11.0945673,11.2724622,24783039.0,643122064.0,600588.SH
2015-09-25,11.2334121,11.324529,10.283193,10.4480712,23711379.0,590221248.0,600588.SH
2015-09-28,10.4480712,10.9644003,10.1486871,10.8689445,23699760.0,581174288.0,600588.SH
2015-09-29,10.586916,10.6693551,10.3092264,10.4827824,20807020.0,501962304.0,600588.SH
2015-09-30,10.5652215,10.7908443,10.3395987,10.4784435,16097982.0,391940304.0,600588.SH
2015-10-08,10.9166724,11.5284573,10.7648109,11.5284573,57933743.0,1523678304.0,600588.SH
2015-10-09,11.5284573,11.888586,11.3635791,11.7497412,55524896.0,1491315872.0,600588.SH
2015-10-12,12.018753,12.9255831,11.8495359,12.6175212,65379581.0,1897547968.0,600588.SH
2015-10-13,12.5741322,12.9950055,12.4743375,12.8474829,39711331.0,1166694992.0,600588.SH
2015-10-14,12.6739269,12.8301273,12.2704092,12.4005762,31993185.0,921594176.0,600588.SH
2015-10-15,12.3007815,13.45059,12.3007815,13.0644279,38193053.0,1139224400.0,600588.SH
2015-10-16,13.3768287,13.45059,12.756366,13.2857118,41016311.0,1242915264.0,600588.SH
2015-10-19,13.2987285,13.3334397,12.712977,12.9559554,29706601.0,888197344.0,600588.SH
2015-10-20,12.929922,14.231592,12.8952108,13.9105134,51503332.0,1613188176.0,600588.SH
2015-10-21,13.9105134,13.9105134,12.5177265,12.5177265,49581848.0,1505208880.0,600588.SH
2015-10-22,12.4309485,13.0383945,12.279087,12.9082275,42974123.0,1263028176.0,600588.SH
2015-10-23,13.1251725,13.320423,12.8474829,13.1642226,40978434.0,1239215792.0,600588.SH
2015-10-26,13.45059,13.88448,12.9169053,13.5894348,53381312.0,1653782112.0,600588.SH
2015-10-27,13.233645,13.7369574,12.539421,13.5634014,48592822.0,1475599248.0,600588.SH
2015-10-28,13.3421175,14.0233248,13.233645,13.3855065,40114934.0,1263633392.0,600588.SH
2015-10-29,13.580757,13.6415016,12.712977,13.2206283,36438954.0,1100304864.0,600588.SH
2015-10-30,13.0167,13.4288955,12.799755,13.0036833,31107988.0,941803632.0,600588.SH
2015-11-02,12.539421,13.3421175,12.3962373,12.6088434,34955744.0,1037846144.0,600588.SH
2015-11-03,12.7737216,12.8171106,12.2009868,12.4049151,25875677.0,744077888.0,600588.SH
2015-11-04,12.3875595,13.3160841,12.3571872,13.3074063,47101533.0,1407463984.0,600588.SH
2015-11-05,13.3421175,13.5634014,12.973311,13.4158788,52406230.0,1608887216.0,600588.SH
2015-11-06,13.4549289,14.6784987,13.4549289,14.4875871,73623794.0,2416319584.0,600588.SH
2015-11-09,14.2966755,14.969205,13.9191912,14.7218877,55181224.0,1850636368.0,600588.SH
2015-11-10,14.535315,15.099372,14.3010144,14.5006038,39650262.0,1338765856.0,600588.SH
2015-11-11,14.5396539,15.055983,14.5136205,14.8997826,36127706.0,1230314400.0,600588.SH
2015-11-12,14.882427,15.055983,14.3096922,14.5439928,34601795.0,1161405536.0,600588.SH
2015-11-13,14.2532865,14.3921313,13.7890242,13.8801411,33285086.0,1076368800.0,600588.SH
2015-11-16,13.493979,14.1361362,13.4288955,14.0493582,29248678.0,934682768.0,600588.SH
2015-11-17,14.2793199,14.3834535,13.5200124,13.6588572,38938158.0,1251070768.0,600588.SH
2015-11-18,13.6631961,13.8627855,13.2293061,13.3291008,24152416.0,750505120.0,600588.SH
2015-11-19,13.4332344,13.7760075,13.277034,13.7586519,20472860.0,638870688.0,600588.SH
2015-11-20,13.8671244,14.1795252,13.754313,13.9972914,29868439.0,963852992.0,600588.SH
2015-11-23,14.0016303,14.058036,13.407201,13.5286902,27792713.0,879671264.0,600588.SH
2015-11-24,13.45059,13.7499741,13.2987285,13.7369574,17157259.0,535487296.0,600588.SH
2015-11-25,13.7456352,14.1925419,13.667535,14.0840694,34593179.0,1112928400.0,600588.SH
2015-11-26,14.1751863,14.188203,13.5286902,13.5503847,30792279.0,981877568.0,600588.SH
2015-11-27,13.45059,13.5937737,12.3007815,12.5350821,31234779.0,936884944.0,600588.SH
2015-11-30,12.5654544,12.712977,11.628252,12.279087,27518436.0,774365360.0,600588.SH
2015-12-01,12.3398316,12.6522324,12.0447864,12.4049151,21955577.0,620885520.0,600588.SH
2015-12-02,12.365865,12.452643,11.845197,12.3094593,14381342.0,403426304.0,600588.SH
2015-12-03,12.3615261,12.7042992,12.322476,12.6435546,17661960.0,510767664.0,600588.SH
2015-12-04,12.58281,12.6478935,12.2313591,12.4266096,15497283.0,445052224.0,600588.SH
2015-12-07,12.5047098,12.8648385,12.3354927,12.6912825,20343364.0,592033536.0,600588.SH
2015-12-08,12.5003709,13.2553395,12.452643,13.0123611,32420781.0,958474192.0,600588.SH
2015-12-09,12.8344662,13.6198071,12.7910772,13.1555448,36978185.0,1135232368.0,600588.SH
2015-12-10,13.103478,13.4158788,12.799755,13.1859171,31571253.0,955260848.0,600588.SH
2015-12-11,13.146867,13.146867,12.712977,12.7867383,16921581.0,502480240.0,600588.SH
2015-12-14,12.58281,12.9082275,12.365865,12.8084328,19292764.0,561384064.0,600588.SH
2015-12-15,12.8084328,13.580757,12.8084328,13.190256,24584328.0,749456048.0,600588.SH
2015-12-16,13.277034,13.2987285,12.929922,13.0687668,18571899.0,559236272.0,600588.SH
2015-12-17,13.1512059,13.667535,13.1338503,13.537368,31101542.0,961731504.0,600588.SH
2015-12-18,13.4722845,13.5286902,13.060089,13.2293061,20558215.0,628949712.0,600588.SH
2015-12-21,13.4245566,13.5937737,13.2293061,13.45059,25405965.0,786569376.0,600588.SH
2015-12-22,13.4636067,14.0059692,13.3681509,13.9105134,41118874.0,1308663168.0,600588.SH
2015-12-23,13.8714633,13.8714633,13.4636067,13.580757,28273601.0,889057392.0,600588.SH
2015-12-24,13.4592678,13.9669191,13.3030674,13.8107187,29925974.0,942471488.0,600588.SH
2015-12-25,13.7890242,13.8758022,13.5113346,13.7196018,17806452.0,561314224.0,600588.SH
2015-12-28,13.7196018,13.9495635,13.1685615,13.2032727,25799783.0,812706992.0,600588.SH
2015-12-29,13.6892295,13.797702,13.2379839,13.4462511,20768022.0,644421888.0,600588.SH
2015-12-30,13.4419122,14.5266372,13.277034,14.2706421,58912004.0,1912826560.0,600588.SH
2015-12-31,14.1144417,14.2402698,13.6892295,13.8020409,29467921.0,948045440.0,600588.SH
2016-01-04,13.7760075,13.9452246,12.4222707,12.4222707,25129658.0,750885136.0,600588.SH
2016-01-05,11.71503,12.3485094,11.237751,11.9580084,30167127.0,829338560.0,600588.SH
2016-01-06,12.0968532,12.2530536,11.71503,12.2183424,18937788.0,526849120.0,600588.SH
2016-01-07,11.975364,11.975364,10.9947726,10.9947726,4889600.0,127734998.0,600588.SH
2016-01-08,11.1336174,11.28114,9.97947,10.6867107,26942779.0,670659072.0,600588.SH
2016-01-11,10.41336,10.586916,9.6193413,9.6193413,32432516.0,739330144.0,600588.SH
2016-01-12,9.6974415,9.805914,9.2635515,9.6106635,21074100.0,466387328.0,600588.SH
2016-01-13,9.7581861,9.7972362,8.7602391,8.7949503,22870822.0,493567296.0,600588.SH
2016-01-14,8.460855,9.198468,8.3784159,9.1464012,22221872.0,452676192.0,600588.SH
2016-01-15,9.0639621,9.1030122,8.460855,8.721189,19038645.0,385369712.0,600588.SH
2016-01-18,8.4131271,9.1333845,8.4131271,9.0379287,19564979.0,400450752.0,600588.SH
2016-01-19,9.024912,9.3850407,8.807967,9.3242961,22680110.0,478186912.0,600588.SH
2016-01-20,9.1897902,9.3156183,8.938134,9.1247067,19386861.0,407719952.0,600588.SH
2016-01-21,8.9468118,9.3590073,8.6778,8.8340004,21020119.0,439348880.0,600588.SH
2016-01-22,9.0596232,9.11169,8.591022,9.0509454,22075833.0,454609824.0,600588.SH
2016-01-25,9.1507401,9.2201625,8.9598285,9.0639621,16382335.0,342495488.0,600588.SH
2016-01-26,8.9294562,8.9771841,8.157132,8.157132,23140747.0,457698608.0,600588.SH
2016-01-27,8.1310986,8.200521,7.4542302,7.8186978,20691649.0,374363120.0,600588.SH
2016-01-28,7.7622921,8.157132,7.6408029,7.7579532,19940587.0,362090640.0,600588.SH
2016-01-29,7.7058864,8.2048599,7.7058864,8.0833707,19672827.0,364703568.0,600588.SH
2016-02-01,8.0486595,8.200521,7.6624974,7.8664257,16338161.0,298670656.0,600588.SH
2016-02-02,7.896798,8.504244,7.853409,8.2482489,25409539.0,484242848.0,600588.SH
2016-02-03,8.070354,8.1961821,7.9141536,8.1788265,16836005.0,312950400.0,600588.SH
2016-02-04,8.157132,8.4348216,8.157132,8.2829601,19567270.0,374204880.0,600588.SH
2016-02-05,8.2916379,8.4912273,8.2569267,8.287299,16832982.0,323467984.0,600588.SH
2016-02-15,8.0182872,8.1484542,7.8013422,8.0660151,18233515.0,335894848.0,600588.SH
2016-02-16,8.1180819,8.8730505,8.0920485,8.8730505,38159083.0,760968080.0,600588.SH
2016-02-17,8.8296615,8.9337951,8.6387499,8.9121006,28796470.0,583714304.0,600588.SH
2016-02-18,8.9641674,9.1767735,8.807967,8.8990839,30477573.0,630555248.0,600588.SH
2016-02-19,8.8383393,9.0118953,8.7732558,8.8470171,21402179.0,437684928.0,600588.SH
2016-02-22,8.9598285,9.0899955,8.8340004,9.0856566,26199294.0,542247248.0,600588.SH
2016-02-23,9.0769788,9.0943344,8.6778,8.8600338,20299101.0,415768448.0,600588.SH
2016-02-24,8.8209837,8.9164395,8.5866831,8.8773894,19685602.0,397555712.0,600588.SH
2016-02-25,8.8426782,8.8687116,7.9879149,7.9879149,25143529.0,483268768.0,600588.SH
2016-02-26,8.0790318,8.0833707,7.6581585,7.8403923,18325863.0,333336816.0,600588.SH
2016-02-29,7.723242,7.81002,7.0550514,7.0593903,20240896.0,336886672.0,600588.SH
2016-03-01,7.1071182,7.3544355,6.9769512,7.245963,14623729.0,240940003.0,600588.SH
2016-03-02,7.2676575,7.7362587,7.2242685,7.6581585,20603065.0,355216336.0,600588.SH
2016-03-03,7.679853,8.1614709,7.6234473,7.7926644,23514235.0,428373952.0,600588.SH
2016-03-04,7.7362587,7.7753088,7.289352,7.4846025,18567476.0,322548768.0,600588.SH
2016-03-07,7.6060917,7.9358481,7.5757194,7.7579532,15933237.0,284922368.0,600588.SH
2016-03-08,7.7145642,7.8230367,7.289352,7.7796477,19214444.0,333693744.0,600588.SH
2016-03-09,7.6060917,7.7970033,7.37613,7.5410082,14434429.0,251623003.0,600588.SH
2016-03-10,7.5887361,7.6581585,7.3110465,7.332741,12702767.0,217866764.0,600588.SH
2016-03-11,7.2633186,7.4325357,7.1808795,7.3110465,8487980.0,143156644.0,600588.SH
2016-03-14,7.3848078,8.0443206,7.3848078,8.0443206,23605221.0,426841760.0,600588.SH
2016-03-15,8.3089935,8.4782106,8.1094041,8.2352322,49705662.0,950600304.0,600588.SH
2016-03-16,8.330688,8.3957715,7.9879149,8.1744876,30881624.0,584701536.0,600588.SH
2016-03-17,8.200521,8.9251173,8.1180819,8.7515613,50088267.0,985062480.0,600588.SH
2016-03-18,8.6778,9.328635,8.5736664,9.0639621,49143421.0,1011316976.0,600588.SH
2016-03-21,9.11169,9.5108688,8.9598285,9.2331792,46841719.0,995964240.0,600588.SH
2016-03-22,9.0726399,9.1507401,8.894745,9.0639621,32562637.0,678271440.0,600588.SH
2016-03-23,8.9945397,9.2375181,8.938134,9.2201625,25661862.0,538746896.0,600588.SH
2016-03-24,9.1073511,9.458802,8.9424729,8.9902008,31338733.0,661617968.0,600588.SH
2016-03-25,8.9468118,9.11169,8.7732558,8.9685063,21843327.0,449474784.0,600588.SH
2016-03-28,9.0162342,9.2201625,8.8730505,8.981523,19091304.0,398744064.0,600588.SH
2016-03-29,8.8773894,8.9728452,8.591022,8.6864778,17862834.0,359165440.0,600588.SH
2016-03-30,8.7819336,9.2028069,8.7515613,9.1811124,24446509.0,504624352.0,600588.SH
2016-03-31,9.1811124,9.2505348,9.024912,9.0552843,25705772.0,541142704.0,600588.SH
2016-04-01,8.9511507,9.4067352,8.8817283,9.372024,36828243.0,774897424.0,600588.SH
2016-04-05,9.3112794,9.7278138,9.1767735,9.6670692,37965415.0,832143936.0,600588.SH
2016-04-06,9.5672745,9.6627303,9.3980574,9.502191,25076189.0,550840672.0,600588.SH
2016-04-07,9.54558,9.632358,9.1160289,9.1854513,25888510.0,555544672.0,600588.SH
2016-04-08,9.0379287,9.0769788,8.9034228,9.0596232,17056982.0,353585664.0,600588.SH
2016-04-11,9.1941291,9.3850407,9.1637568,9.2331792,17660043.0,377655696.0,600588.SH
2016-04-12,9.198468,9.4457853,9.0726399,9.2071458,17038930.0,363001696.0,600588.SH
2016-04-13,9.241857,9.6106635,9.241857,9.4197519,30706370.0,669356464.0,600588.SH
2016-04-14,9.4935132,9.54558,9.3416517,9.5152077,18199873.0,396642896.0,600588.SH
2016-04-15,9.5542578,9.6063246,9.3416517,9.4457853,16994536.0,369618688.0,600588.SH
2016-04-18,9.3069405,9.3156183,9.024912,9.1073511,17397457.0,365620512.0,600588.SH
2016-04-19,9.241857,9.2635515,8.9728452,9.068301,11668825.0,243926122.0,600588.SH
2016-04-20,9.1290456,9.2028069,8.2699434,8.4955662,22576761.0,452208992.0,600588.SH
2016-04-21,8.4434994,8.6430888,8.2959768,8.3653992,14675135.0,287366384.0,600588.SH
2016-04-22,8.3610603,8.4565161,8.2222155,8.4391605,10840164.0,208854008.0,600588.SH
2016-04-25,8.4172935,8.4172935,8.23364346,8.36044944,7904072.0,150298457.0,600588.SH
2016-04-26,8.4610197,8.56596258,8.36919468,8.53535424,10173980.0,197220767.0,600588.SH
2016-04-27,8.56158996,8.5703352,8.44790184,8.51349114,9044923.0,176191535.0,600588.SH
2016-04-28,8.5703352,8.5921983,8.27299704,8.43478398,11468538.0,220488938.0,600588.SH
2016-04-29,8.3735673,8.4391566,8.2861149,8.35607682,10564307.0,201897766.0,600588.SH
2016-05-03,8.307978,8.68839594,8.2642518,8.64466974,17521345.0,341932304.0,600588.SH
2016-05-04,8.60531616,8.74086738,8.53535424,8.66216022,15409254.0,304349712.0,600588.SH
2016-05-05,8.6577876,8.71900428,8.5484721,8.6577876,12702296.0,250704927.0,600588.SH
2016-05-06,8.66216022,8.80208406,8.16805416,8.18117202,17607652.0,342986064.0,600588.SH
2016-05-09,8.089347,8.12432796,7.59961356,7.78763622,16798621.0,299907200.0,600588.SH
2016-05-10,7.6958112,7.8051267,7.66957548,7.74828264,8482389.0,150211336.0,600588.SH
2016-05-11,7.80075408,7.82261718,7.5646326,7.68269334,7905366.0,139132174.0,600588.SH
2016-05-12,7.53402426,7.75265526,7.35037422,7.64771238,12249631.0,211446386.0,600588.SH
2016-05-13,7.64771238,7.70892906,7.50341592,7.52527902,8188797.0,142438247.0,600588.SH
2016-05-16,7.55588736,7.63896714,7.4771802,7.6302219,10265731.0,177769922.0,600588.SH
2016-05-17,7.6302219,7.85759814,7.53402426,7.70892906,15591676.0,273843776.0,600588.SH
2016-05-18,7.6083588,7.6083588,7.29353016,7.41596352,13811645.0,234998327.0,600588.SH
2016-05-19,7.42908138,7.66957548,7.3897278,7.46406234,12423591.0,214745134.0,600588.SH
2016-05-20,7.33725636,7.61710404,7.3022754,7.6083588,10677354.0,183520773.0,600588.SH
2016-05-23,7.62584928,7.7614005,7.59961356,7.68269334,10098321.0,177094082.0,600588.SH
2016-05-24,7.6739481,7.68269334,7.4771802,7.60398618,8511450.0,147412605.0,600588.SH
2016-05-25,7.66957548,7.7832636,7.55151474,7.59961356,11446350.0,201086392.0,600588.SH
2016-05-26,7.61273142,7.65645762,7.35037422,7.63896714,12077102.0,207310426.0,600588.SH
2016-05-27,7.63896714,7.65645762,7.56025998,7.59524094,8749713.0,152329761.0,600588.SH
2016-05-30,7.51216116,7.652085,7.43782662,7.56025998,8924901.0,154320389.0,600588.SH
2016-05-31,7.61710404,8.31672324,7.60398618,8.31672324,32102792.0,591525376.0,600588.SH
2016-06-01,8.33421372,8.62280664,8.31672324,8.44790184,38798807.0,751454048.0,600588.SH
2016-06-02,8.44790184,8.55721734,8.33421372,8.50037328,25201802.0,486563856.0,600588.SH
2016-06-03,8.4828828,8.7889662,8.34295896,8.60531616,33380341.0,652368144.0,600588.SH
2016-06-06,8.60531616,8.64029712,8.43041136,8.47851018,16350066.0,318290848.0,600588.SH
2016-06-07,8.4610197,8.69276856,8.40417564,8.55284472,16237103.0,317772160.0,600588.SH
2016-06-08,8.53972686,8.70588642,8.4391566,8.59657092,19460993.0,382823680.0,600588.SH
2016-06-13,8.45227446,8.50911852,7.83136242,7.85322552,22735689.0,428966368.0,600588.SH
2016-06-14,7.83136242,7.9363053,7.64333976,7.8269898,17890137.0,317843824.0,600588.SH
2016-06-15,7.6739481,8.2423887,7.652085,8.08060176,19147747.0,350704064.0,600588.SH
2016-06-16,8.08060176,8.21615298,7.96254102,8.0674839,13787117.0,254469950.0,600588.SH
2016-06-17,8.10246486,8.30360538,8.03687556,8.09809224,13312270.0,248476164.0,600588.SH
2016-06-20,7.9581684,8.12432796,7.79200884,8.06311128,12614179.0,229644657.0,600588.SH
2016-06-21,8.11995534,8.25550656,7.85322552,7.90132434,15278636.0,282391120.0,600588.SH
2016-06-22,7.81824456,8.18554464,7.79638146,8.16805416,14891870.0,273516112.0,600588.SH
2016-06-23,8.15930892,8.37793992,8.02813032,8.2861149,21401179.0,400661008.0,600588.SH
2016-06-24,8.20740774,8.4391566,7.870716,8.1549363,22221050.0,416259264.0,600588.SH
2016-06-27,8.0674839,8.67527808,8.06311128,8.57470782,31220565.0,604904976.0,600588.SH
2016-06-28,8.526609,8.67090546,8.40417564,8.62280664,24474996.0,479134000.0,600588.SH
2016-06-29,8.65341498,8.6796507,8.45227446,8.50037328,19782168.0,386448848.0,600588.SH
2016-06-30,8.55721734,8.60094354,8.44352922,8.56158996,14174261.0,276142640.0,600588.SH
2016-07-01,8.55721734,8.65341498,8.40417564,8.46539232,13558510.0,264227261.0,600588.SH
2016-07-04,8.39980302,8.69714118,8.37793992,8.63155188,19664730.0,385747728.0,600588.SH
2016-07-05,8.63155188,8.7889662,8.55721734,8.67090546,20457756.0,405631760.0,600588.SH
2016-07-06,8.6359245,8.78022096,8.60968878,8.6796507,17312722.0,343741216.0,600588.SH
2016-07-07,8.68402332,8.69714118,8.40417564,8.54409948,17206733.0,335777520.0,600588.SH
2016-07-08,8.4828828,8.63155188,8.4610197,8.55721734,11782676.0,230374504.0,600588.SH
2016-07-11,8.5484721,8.91139956,8.5484721,8.68839594,29973737.0,599444416.0,600588.SH
2016-07-12,8.62717926,8.91139956,8.4391566,8.88953646,31610811.0,628498464.0,600588.SH
2016-07-13,8.90265432,9.0294603,8.82831978,8.9201448,27061328.0,552621872.0,600588.SH
2016-07-14,8.9201448,9.06006864,8.8545555,8.9857341,21288456.0,436249824.0,600588.SH
2016-07-15,8.963871,8.99010672,8.79333882,8.8545555,13555238.0,275078880.0,600588.SH
2016-07-18,8.80208406,8.8545555,8.6577876,8.79771144,13893489.0,277628256.0,600588.SH
2016-07-19,8.7889662,9.04695078,8.77147572,9.04257816,20306644.0,413105984.0,600588.SH
2016-07-20,9.0513234,9.34428894,8.93326266,9.182502,27470379.0,575268032.0,600588.SH
2016-07-21,9.17812938,10.1007522,9.11254008,9.84714024,55772615.0,1234939472.0,600588.SH
2016-07-22,9.70284378,10.53364158,9.67223544,10.32812844,62362069.0,1459021328.0,600588.SH
2016-07-25,10.41995346,10.52489634,10.1007522,10.34561892,34013793.0,803966096.0,600588.SH
2016-07-26,10.34999154,10.4505618,10.1663415,10.4286987,27248573.0,642859664.0,600588.SH
2016-07-27,10.3849725,10.79599878,9.93896526,10.2537939,55249291.0,1315006464.0,600588.SH
2016-07-28,10.17945936,10.35873678,9.72033426,9.76843308,37374420.0,848750272.0,600588.SH
2016-07-29,9.80341404,10.1444784,9.401133,9.92147478,40001165.0,897351056.0,600588.SH
2016-08-01,9.619764,10.09637958,9.5541747,9.87337596,28812479.0,648976064.0,600588.SH
2016-08-02,9.74219736,9.91710216,9.47109492,9.69847116,22093305.0,487313488.0,600588.SH
2016-08-03,9.6853533,9.89961168,9.47109492,9.8821212,24743105.0,548118864.0,600588.SH
2016-08-04,9.85588548,10.7785083,9.80341404,10.70854638,48584994.0,1142879984.0,600588.SH
2016-08-05,10.5380142,10.87470594,10.4286987,10.49866062,40017600.0,975882896.0,600588.SH
2016-08-08,10.54675944,10.92717738,10.41995346,10.73915472,38467332.0,943385744.0,600588.SH
2016-08-09,10.51177848,10.6910559,10.44181656,10.5380142,26069849.0,627204656.0,600588.SH
2016-08-10,10.60797612,10.72166424,10.34561892,10.44618918,22917010.0,550853648.0,600588.SH
2016-08-11,10.4068356,10.44618918,9.99580932,10.01767242,21761057.0,507395168.0,600588.SH
2016-08-12,10.19694984,10.2537939,9.838395,10.20569508,19397545.0,447982640.0,600588.SH
2016-08-15,10.2100677,11.22451554,10.1444784,11.22451554,51450337.0,1291271936.0,600588.SH
2016-08-16,11.27698698,11.50873584,11.15892624,11.18078934,55022212.0,1424460848.0,600588.SH
2016-08-17,11.06710122,11.29447746,10.90094166,11.2376334,30404186.0,771736784.0,600588.SH
2016-08-18,11.150181,11.4125382,11.07584646,11.09770956,29102500.0,746801840.0,600588.SH
2016-08-19,11.04523812,11.30759532,10.8440976,11.2157703,23467674.0,597182832.0,600588.SH
2016-08-22,11.1064548,11.3906751,10.9752762,11.02337502,17531875.0,447954256.0,600588.SH
2016-08-23,11.0845917,11.12394528,10.62983922,10.81348926,19485803.0,485208016.0,600588.SH
2016-08-24,10.81348926,11.07147384,10.78725354,10.8659607,14147355.0,353465920.0,600588.SH
2016-08-25,10.82660712,11.29010484,10.62983922,11.18078934,24673501.0,624111312.0,600588.SH
2016-08-26,11.1939072,11.31196794,11.01025716,11.15892624,23473133.0,597623104.0,600588.SH
2016-08-29,11.0627286,11.15455362,10.8440976,11.08021908,14648797.0,368241360.0,600588.SH
2016-08-30,11.2157703,11.22888816,10.94029524,11.02337502,11637374.0,294966448.0,600588.SH
2016-08-31,10.94029524,11.46938226,10.8440976,11.4562644,32791509.0,843430688.0,600588.SH
2016-09-01,11.3906751,11.43877392,10.93592262,11.05398336,22149616.0,569916336.0,600588.SH
2016-09-02,10.95778572,11.05398336,10.31501058,10.57299516,31995510.0,781595408.0,600588.SH
2016-09-05,10.5817404,10.74789996,10.49866062,10.59485826,11582340.0,281072304.0,600588.SH
2016-09-06,10.54675944,10.7785083,10.37622726,10.66482018,14339429.0,347411056.0,600588.SH
2016-09-07,10.6473297,10.8003714,10.56424992,10.65170232,13648336.0,333146992.0,600588.SH
2016-09-08,10.62983922,10.70854638,10.49866062,10.5380142,9451641.0,229346152.0,600588.SH
2016-09-09,10.47679752,10.47679752,10.1663415,10.22755818,15849437.0,373310240.0,600588.SH
2016-09-12,9.9695736,10.17945936,9.9039843,10.07451648,10327406.0,237207812.0,600588.SH
2016-09-13,10.13136054,10.2100677,9.92147478,10.00018194,9158455.0,210369363.0,600588.SH
2016-09-14,9.92147478,10.0788891,9.89086644,9.91710216,7194260.0,164082142.0,600588.SH
2016-09-19,9.90835692,10.11387006,9.90835692,10.03953552,5584089.0,128219813.0,600588.SH
2016-09-20,10.0132998,10.12698792,9.9258474,9.98269146,5484646.0,125510108.0,600588.SH
2016-09-21,9.97831884,10.13573316,9.89086644,10.04828076,8384664.0,192181923.0,600588.SH
2016-09-22,10.09200696,10.14010578,10.00455456,10.03079028,6945682.0,159639443.0,600588.SH
2016-09-23,10.04390814,10.25816652,10.00455456,10.0788891,9766721.0,226475414.0,600588.SH
2016-09-26,10.01767242,10.07451648,9.47109492,9.47984016,18085611.0,399306432.0,600588.SH
2016-09-27,9.52793898,9.80341404,9.2918175,9.79029618,17129992.0,375687920.0,600588.SH
2016-09-28,9.71158902,9.86900334,9.64599972,9.72470688,6125373.0,136819972.0,600588.SH
2016-09-29,9.7072164,10.05265338,9.7072164,9.84276762,16558490.0,373982224.0,600588.SH
2016-09-30,9.838395,10.0132998,9.78155094,9.89086644,10294233.0,233075964.0,600588.SH
2016-10-10,9.99580932,10.46367966,9.99580932,10.2975201,12575960.0,295054928.0,600588.SH
2016-10-11,10.275657,10.34999154,10.1663415,10.23630342,7538438.0,176686285.0,600588.SH
2016-10-12,10.1663415,10.38059988,10.16196888,10.26253914,6840089.0,160785586.0,600588.SH
2016-10-13,10.2319308,10.30626534,10.17071412,10.29314748,6189203.0,145057109.0,600588.SH
2016-10-14,10.19694984,10.2975201,10.00892718,10.18383198,7245899.0,167928515.0,600588.SH
2016-10-17,10.1882046,10.24067604,9.9258474,9.96082836,6470136.0,149337462.0,600588.SH
2016-10-18,9.83402238,10.1663415,9.7072164,10.09200696,10423007.0,236655790.0,600588.SH
2016-10-19,10.09200696,10.14010578,9.9914367,10.06577124,5309310.0,122230378.0,600588.SH
2016-10-20,10.01767242,10.09637958,9.93022002,9.98706408,6229683.0,142382659.0,600588.SH
2016-10-21,9.9914367,10.20132246,9.8602581,10.17508674,12860684.0,295044592.0,600588.SH
2016-10-24,10.2537939,10.43307132,10.13573316,10.18383198,14306962.0,335562544.0,600588.SH
2016-10-25,10.1444784,10.1663415,10.02641766,10.10512482,7429374.0,171454337.0,600588.SH
2016-10-26,10.10512482,10.10512482,9.96082836,10.02204504,6248019.0,143071762.0,600588.SH
2016-10-27,9.9695736,10.09637958,9.93022002,10.00018194,3995576.0,91432639.0,600588.SH
2016-10-28,9.9695736,10.1226153,9.89086644,10.02204504,8337776.0,191168248.0,600588.SH
2016-10-31,9.9695736,10.00892718,9.74219736,9.95208312,5766407.0,130287544.0,600588.SH
2016-11-01,9.9914367,10.02204504,9.89523906,9.97394622,5058077.0,115067404.0,600588.SH
2016-11-02,9.93022002,10.1663415,9.8821212,10.07014386,11644421.0,268049744.0,600588.SH
2016-11-03,10.03953552,10.37185464,10.0132998,10.28002962,16530159.0,387815024.0,600588.SH
2016-11-04,10.28877486,10.35873678,10.17071412,10.24067604,8929392.0,209328488.0,600588.SH
2016-11-07,10.19694984,10.68668328,10.19694984,10.5598773,22609463.0,542271600.0,600588.SH
2016-11-08,10.57299516,10.7566452,10.51177848,10.6036035,12578828.0,305254576.0,600588.SH
2016-11-09,10.5598773,10.78288092,10.4505618,10.6254666,16164138.0,393284656.0,600588.SH
2016-11-10,10.712919,10.78288092,10.55550468,10.66044756,10196297.0,248319433.0,600588.SH
2016-11-11,10.6036035,10.66044756,10.34561892,10.43744394,12564606.0,300542464.0,600588.SH
2016-11-14,10.4724249,10.71729162,10.39371774,10.70417376,14380722.0,346837952.0,600588.SH
2016-11-15,10.65170232,10.69542852,10.4068356,10.5598773,12779528.0,307768304.0,600588.SH
2016-11-16,10.55113206,10.59485826,10.44181656,10.494288,7699456.0,185069135.0,600588.SH
2016-11-17,10.48991538,10.48991538,10.24067604,10.39809036,11830894.0,279734560.0,600588.SH
2016-11-18,10.46367966,10.4724249,10.2537939,10.28440224,9330923.0,220844755.0,600588.SH
2016-11-21,10.28440224,10.3412463,10.19694984,10.2319308,9306673.0,218513029.0,600588.SH
2016-11-22,10.24067604,10.41995346,10.16196888,10.35873678,9799940.0,230581401.0,600588.SH
2016-11-23,10.34561892,10.4286987,10.19694984,10.23630342,7217648.0,170418978.0,600588.SH
2016-11-24,10.22755818,10.59048564,10.02204504,10.4286987,22034654.0,519608736.0,600588.SH
2016-11-25,10.35436416,10.8222345,10.275657,10.74789996,35764210.0,871678704.0,600588.SH
2016-11-28,10.70854638,10.78725354,10.61234874,10.66482018,11284846.0,275886496.0,600588.SH
2016-11-29,10.6473297,10.87907856,10.55550468,10.6473297,11734110.0,286317104.0,600588.SH
2016-11-30,10.56424992,10.85721546,10.5380142,10.84847022,17996811.0,442071136.0,600588.SH
2016-12-01,10.8440976,10.8440976,10.6254666,10.712919,9688695.0,237234399.0,600588.SH
2016-12-02,10.6910559,10.81786188,10.32812844,10.59048564,25047544.0,606488224.0,600588.SH
2016-12-05,10.3631094,10.48554276,10.24942128,10.32375582,10876091.0,257548607.0,600588.SH
2016-12-06,10.3631094,10.42432608,10.21444032,10.22755818,8911544.0,209678927.0,600588.SH
2016-12-07,10.20132246,10.35436416,10.05265338,10.3193832,6268102.0,146591139.0,600588.SH
2016-12-08,10.275657,10.33687368,10.1444784,10.22755818,4804712.0,112525288.0,600588.SH
2016-12-09,10.25816652,10.35436416,10.11824268,10.17945936,6694312.0,156249777.0,600588.SH
2016-12-12,10.18383198,10.2319308,9.2480913,9.7072164,16425935.0,367824176.0,600588.SH
2016-12-13,9.58478304,9.76406046,9.43174134,9.75968784,11738832.0,257869248.0,600588.SH
2016-12-14,9.72033426,9.7509426,9.53668422,9.7072164,6269372.0,138158348.0,600588.SH
2016-12-15,9.62413662,9.80778666,9.58041042,9.70284378,5385826.0,119357929.0,600588.SH
2016-12-16,9.70284378,9.78592356,9.6416271,9.65911758,5146182.0,114171654.0,600588.SH
2016-12-19,9.65911758,9.68972592,9.4448592,9.5323116,4243599.0,92524736.0,600588.SH
2016-12-20,9.54105684,9.65911758,9.182502,9.4229961,13496113.0,292283504.0,600588.SH
2016-12-21,9.5323116,9.56729256,9.40550562,9.53668422,9952892.0,215849067.0,600588.SH
2016-12-22,9.62850924,9.6853533,9.46234968,9.49295802,5062372.0,110528759.0,600588.SH
2016-12-23,9.49295802,9.68098068,9.45797706,9.56729256,11458601.0,251324397.0,600588.SH
2016-12-26,9.5104485,9.53668422,9.27432702,9.49295802,7047938.0,151827091.0,600588.SH
2016-12-27,9.4885854,9.58915566,9.3574068,9.44923182,14314942.0,310056656.0,600588.SH
2016-12-28,9.43174134,9.47984016,9.30930798,9.31805322,9067828.0,194462857.0,600588.SH
2016-12-29,9.32679846,9.4229961,9.09942222,9.23934606,7864644.0,165923916.0,600588.SH
2016-12-30,9.21311034,9.26558178,9.06881388,9.10379484,4735646.0,99145406.0,600588.SH
2017-01-03,9.182502,9.29619012,9.15189366,9.16938414,4720251.0,99555685.0,600588.SH
2017-01-04,9.21748296,9.43174134,9.17375676,9.38801514,6975300.0,148970723.0,600588.SH
2017-01-05,9.38801514,9.4229961,9.34428894,9.38801514,3340834.0,71701937.0,600588.SH
2017-01-06,9.38801514,9.41425086,9.28307226,9.3355437,3388345.0,72321041.0,600588.SH
2017-01-09,9.3574068,9.37489728,9.17375676,9.26558178,4465648.0,94516189.0,600588.SH
2017-01-10,9.25683654,9.2918175,9.10816746,9.1606389,7660953.0,160759352.0,600588.SH
2017-01-11,9.17812938,9.25683654,9.06444126,9.12565794,5226726.0,109395511.0,600588.SH
2017-01-12,9.0950496,9.1606389,8.93763528,9.03383292,13168841.0,272362768.0,600588.SH
2017-01-13,9.0513234,9.0513234,8.35607682,8.42166612,14737215.0,289854992.0,600588.SH
2017-01-16,8.43041136,8.48725542,7.66083024,7.98877674,11277895.0,209800752.0,600588.SH
2017-01-17,8.0018946,8.18991726,7.88383386,8.12870058,5819302.0,107179760.0,600588.SH
2017-01-18,8.11995534,8.1330732,7.98440412,8.04124818,3934641.0,72305564.0,600588.SH
2017-01-19,8.06311128,8.06311128,7.9581684,8.03687556,2415669.0,44248525.0,600588.SH
2017-01-20,8.04124818,8.55284472,7.99752198,8.4391566,24623996.0,471514112.0,600588.SH
2017-01-23,8.3954304,8.64904236,8.35607682,8.48725542,22243287.0,433586800.0,600588.SH
2017-01-24,8.50037328,8.50037328,8.32546848,8.34733158,5477194.0,104991207.0,600588.SH
2017-01-25,8.34733158,8.45227446,8.33421372,8.34733158,4879012.0,93518235.0,600588.SH
2017-01-26,8.37793992,8.3954304,8.33421372,8.34733158,3167658.0,60540538.0,600588.SH
2017-02-03,8.34733158,8.47413756,8.2642518,8.3517042,4285642.0,82175263.0,600588.SH
2017-02-06,8.3517042,8.3954304,8.27299704,8.38668516,4790816.0,91383668.0,600588.SH
2017-02-07,8.3954304,8.4172935,8.28174228,8.32546848,3134766.0,59830028.0,600588.SH
2017-02-08,8.31235062,8.31672324,8.2205256,8.30360538,5181564.0,98019079.0,600588.SH
2017-02-09,8.32546848,8.3517042,8.28174228,8.32546848,5856763.0,111414957.0,600588.SH
2017-02-10,8.33421372,8.41292088,8.32109586,8.3298411,5571717.0,106521923.0,600588.SH
2017-02-13,8.32109586,8.50037328,8.29048752,8.43041136,8746437.0,168344428.0,600588.SH
2017-02-14,8.42166612,8.50037328,8.38668516,8.40417564,3275046.0,63174190.0,600588.SH
2017-02-15,8.41292088,8.5047459,8.31672324,8.3298411,4458168.0,85827755.0,600588.SH
2017-02-16,8.31235062,8.38668516,8.31235062,8.34295896,3689645.0,70360127.0,600588.SH
2017-02-17,8.3517042,8.40854826,8.24676132,8.25113394,4967404.0,94389837.0,600588.SH
2017-02-20,8.25550656,8.27736966,8.0674839,8.15930892,8157612.0,151936903.0,600588.SH
2017-02-21,8.15930892,8.33858634,8.13744582,8.27736966,7485968.0,141632564.0,600588.SH
2017-02-22,8.307978,8.44790184,8.2205256,8.39105778,8626164.0,164334221.0,600588.SH
2017-02-23,8.3954304,8.4172935,8.27299704,8.34733158,4722616.0,89811886.0,600588.SH
2017-02-24,8.32109586,8.41292088,8.2861149,8.38668516,6238921.0,119367242.0,600588.SH
2017-02-27,8.39105778,8.46976494,8.31672324,8.33421372,6456258.0,123916223.0,600588.SH
2017-02-28,8.33421372,8.40417564,8.21615298,8.39980302,8091348.0,153993328.0,600588.SH
2017-03-01,8.39980302,8.42603874,8.33858634,8.41292088,4918807.0,94411224.0,600588.SH
2017-03-02,8.41292088,8.43478398,8.307978,8.32109586,4218146.0,80729721.0,600588.SH
2017-03-03,8.32109586,8.33421372,8.18554464,8.27299704,5280042.0,99614908.0,600588.SH
2017-03-06,8.27299704,8.46539232,8.25550656,8.43478398,7827514.0,150290856.0,600588.SH
2017-03-07,8.40417564,8.47413756,8.35607682,8.46976494,6531837.0,125718623.0,600588.SH
2017-03-08,8.50037328,8.7233769,8.50037328,8.58782568,12116972.0,238688498.0,600588.SH
2017-03-09,8.5484721,8.58782568,8.4172935,8.50037328,5693592.0,110243681.0,600588.SH
2017-03-10,8.50911852,8.55284472,8.39980302,8.40417564,4157045.0,80227958.0,600588.SH
2017-03-13,8.44352922,8.46539232,8.31672324,8.42603874,4467104.0,85825168.0,600588.SH
2017-03-14,8.43041136,8.46539232,8.34295896,8.38668516,5900640.0,113255139.0,600588.SH
2017-03-15,8.3954304,8.3954304,8.27299704,8.34733158,4897697.0,93235079.0,600588.SH
2017-03-16,8.31235062,8.39980302,8.31235062,8.36482206,6861490.0,131125577.0,600588.SH
2017-03-17,8.37793992,8.4172935,8.27736966,8.2861149,6926271.0,132374300.0,600588.SH
2017-03-20,8.2205256,8.32546848,8.18991726,8.29486014,5538834.0,104630079.0,600588.SH
2017-03-21,8.29486014,8.29923276,8.1986625,8.22489822,5141612.0,96836755.0,600588.SH
2017-03-22,8.19428988,8.19428988,7.99752198,8.12870058,6783341.0,125752826.0,600588.SH
2017-03-23,8.12870058,8.18554464,7.99752198,8.1112101,3890938.0,72126050.0,600588.SH
2017-03-24,8.12432796,8.19428988,8.09809224,8.18117202,4214563.0,78531906.0,600588.SH
2017-03-27,8.1986625,8.2205256,8.07185652,8.11995534,4511267.0,83741046.0,600588.SH
2017-03-28,8.1112101,8.13744582,8.05436604,8.11558272,3957085.0,73270632.0,600588.SH
2017-03-29,8.11558272,8.14619106,7.96254102,7.98877674,4595779.0,84670125.0,600588.SH
2017-03-30,7.98877674,8.01938508,7.77889098,7.80075408,9353410.0,168396242.0,600588.SH
2017-03-31,7.80075408,7.870716,7.77014574,7.77889098,3857656.0,68968185.0,600588.SH
2017-04-05,7.79200884,7.94067792,7.79200884,7.92318744,5105742.0,92139625.0,600588.SH
2017-04-06,7.94942316,7.95379578,7.84448028,7.8925791,4769876.0,86172901.0,600588.SH
2017-04-07,7.91881482,7.91881482,7.84010766,7.88383386,4206860.0,75781697.0,600588.SH
2017-04-10,7.87946124,7.90132434,7.8051267,7.81824456,6310131.0,113140927.0,600588.SH
2017-04-11,7.8051267,8.19428988,7.79638146,8.1330732,11780818.0,217334185.0,600588.SH
2017-04-12,8.12432796,8.12432796,7.91006958,7.92756006,8462274.0,154285250.0,600588.SH
2017-04-13,7.93193268,8.01501246,7.8925791,7.9144422,3955814.0,71780467.0,600588.SH
2017-04-14,7.9363053,8.0456208,7.82261718,7.86197076,4921533.0,88732436.0,600588.SH
2017-04-17,7.86634338,7.92756006,7.72204692,7.81824456,4949020.0,88602874.0,600588.SH
2017-04-18,7.81824456,7.870716,7.6958112,7.70455644,3912475.0,69633583.0,600588.SH
2017-04-19,7.70018382,7.87508862,7.67832072,7.80075408,5718605.0,101692110.0,600588.SH
2017-04-20,7.86197076,8.1112101,7.80949932,8.0456208,10742324.0,195720635.0,600588.SH
2017-04-21,8.0456208,8.10246486,7.91881482,7.9581684,4297991.0,78492431.0,600588.SH
2017-04-24,7.9581684,7.96254102,7.66520286,7.74828264,5798151.0,103159487.0,600588.SH
2017-04-25,7.8051267,7.870716,7.6958112,7.8269898,3844985.0,68605185.0,600588.SH
2017-04-26,7.83580119,7.83580119,7.7080675,7.76532743,4043652.0,71248371.0,600588.SH
2017-04-27,7.80056431,7.80056431,7.3116526,7.56711998,7853865.0,133798977.0,600588.SH
2017-04-28,7.5318831,7.58033381,7.45700473,7.54950154,3251134.0,55526369.0,600588.SH
2017-05-02,7.55390615,7.6199753,7.50986005,7.54950154,2445245.0,41957359.0,600588.SH
2017-05-03,7.50545544,7.57152459,7.49224161,7.54069232,2733479.0,46719873.0,600588.SH
2017-05-04,7.53628771,7.6199753,7.46140934,7.54069232,3325286.0,56952900.0,600588.SH
2017-05-05,7.54069232,7.54950154,7.43938629,7.47462317,2961360.0,50280604.0,600588.SH
2017-05-08,7.487837,7.55390615,7.3997448,7.43057707,2856175.0,48425697.0,600588.SH
2017-05-09,7.41295863,7.41295863,7.23677423,7.35129409,4038452.0,67037588.0,600588.SH
2017-05-10,7.35129409,7.39534019,7.05618522,7.06939905,4758389.0,78231390.0,600588.SH
2017-05-11,7.07380366,7.07380366,6.36466145,6.69060259,13292488.0,202429915.0,600588.SH
2017-05-12,6.61572422,6.66417493,6.41311216,6.52763202,10849997.0,161508831.0,600588.SH
2017-05-15,6.66417493,6.73024408,6.43953982,6.51441819,8736175.0,130568084.0,600588.SH
2017-05-16,6.5188228,6.80952706,6.41751677,6.79190862,9987645.0,149498907.0,600588.SH
2017-05-17,6.7390533,6.84476394,6.67298415,6.6950072,7792993.0,119187983.0,600588.SH
2017-05-18,6.56727351,7.0033299,6.56727351,6.99452068,16378378.0,255858460.0,600588.SH
2017-05-19,6.91083309,7.11784976,6.8711916,7.047376,8804689.0,140014608.0,600588.SH
2017-05-22,7.0033299,7.047376,6.77869479,6.79190862,6094615.0,95348953.0,600588.SH
2017-05-23,6.80512245,6.89321465,6.55405968,6.67738876,5813045.0,88972853.0,600588.SH
2017-05-24,6.54084585,6.74786252,6.52763202,6.62893805,7808332.0,117692359.0,600588.SH
2017-05-25,6.65536571,6.77429018,6.57167812,6.68179337,9852469.0,149571834.0,600588.SH
2017-05-26,6.7390533,6.80512245,6.68179337,6.72143486,4307142.0,65935463.0,600588.SH
2017-05-31,6.7830994,6.84476394,6.67738876,6.68179337,4872335.0,74531218.0,600588.SH
2017-06-01,6.606915,6.65536571,6.33823379,6.36025684,8673733.0,127944756.0,600588.SH
2017-06-02,6.35144762,6.3866845,6.0783618,6.32501996,9244056.0,130625284.0,600588.SH
2017-06-05,6.32061535,6.44834904,6.28978308,6.39108911,6493270.0,94044078.0,600588.SH
2017-06-06,6.36025684,6.80952706,6.35585223,6.67298415,14241425.0,214860605.0,600588.SH
2017-06-07,6.62893805,6.78750401,6.62893805,6.75667174,9260881.0,141129045.0,600588.SH
2017-06-08,6.84916855,6.96809302,6.73024408,6.88000082,11920895.0,185667229.0,600588.SH
2017-06-09,6.89761926,6.93726075,6.74786252,6.77869479,7589940.0,117266891.0,600588.SH
2017-06-12,6.7390533,6.89761926,6.71262564,6.77869479,8099828.0,125496779.0,600588.SH
2017-06-13,6.77869479,6.90642848,6.77869479,6.8711916,5211460.0,80891367.0,600588.SH
2017-06-14,6.86238238,7.02975756,6.77869479,7.01654373,10554685.0,165076790.0,600588.SH
2017-06-15,6.99011607,7.11784976,6.91083309,7.03856678,12560419.0,200331418.0,600588.SH
2017-06-16,7.0033299,7.5318831,7.0033299,7.37331714,15115406.0,249732953.0,600588.SH
2017-06-19,7.3556987,7.45700473,7.31605721,7.40414941,7368903.0,123700334.0,600588.SH
2017-06-20,7.39534019,7.68604445,7.37331714,7.57152459,14292072.0,245178041.0,600588.SH
2017-06-21,7.5759292,7.71687672,7.3997448,7.61116608,12397623.0,214748041.0,600588.SH
2017-06-22,7.62437991,7.68163984,7.36450792,7.37772175,9126746.0,155776564.0,600588.SH
2017-06-23,7.40414941,7.4437909,7.047376,7.17070508,12499920.0,204443720.0,600588.SH
2017-06-26,7.1795143,7.55390615,7.1354682,7.4437909,13449236.0,224940986.0,600588.SH
2017-06-27,7.5318831,7.55390615,7.3997448,7.4437909,5309634.0,89990662.0,600588.SH
2017-06-28,7.4437909,7.4437909,7.2235604,7.27641572,6150805.0,101956748.0,600588.SH
2017-06-29,7.30284338,7.54069232,7.23677423,7.50105083,10263171.0,173436902.0,600588.SH
2017-06-30,7.487837,7.63318913,7.3997448,7.54069232,7449586.0,127197350.0,600588.SH
2017-07-03,7.52307388,7.54509693,7.41295863,7.50105083,5452176.0,92431040.0,600588.SH
2017-07-04,7.50105083,7.52307388,7.39534019,7.43057707,3276998.0,55314882.0,600588.SH
2017-07-05,7.34688948,7.50545544,7.33808026,7.46581395,4477302.0,75507551.0,600588.SH
2017-07-06,7.46581395,7.61116608,7.3556987,7.55831076,7914049.0,134700329.0,600588.SH
2017-07-07,7.50986005,7.54069232,7.45700473,7.487837,3982154.0,67778856.0,600588.SH
2017-07-10,7.487837,7.5318831,7.30284338,7.33367565,4484579.0,75427933.0,600588.SH
2017-07-11,7.3556987,7.37331714,7.14868203,7.1795143,6025532.0,99182656.0,600588.SH
2017-07-12,7.17070508,7.23236962,6.90642848,7.02535295,7205605.0,115107933.0,600588.SH
2017-07-13,7.02535295,7.18832352,6.8711916,7.14868203,5636013.0,90973955.0,600588.SH
2017-07-14,7.11784976,7.2235604,7.09582671,7.14868203,2664790.0,43300864.0,600588.SH
2017-07-17,7.08261288,7.21034657,6.80512245,6.91083309,7258037.0,115649532.0,600588.SH
2017-07-18,6.90202387,7.01654373,6.8711916,6.96368841,2427756.0,38356235.0,600588.SH
2017-07-19,6.9592838,7.10904054,6.89321465,7.10023132,3863431.0,61569727.0,600588.SH
2017-07-20,7.10463593,7.42617246,7.10463593,7.34688948,7196618.0,118871640.0,600588.SH
2017-07-21,7.34688948,7.72128133,7.32486643,7.52307388,10546878.0,181125945.0,600588.SH
2017-07-24,7.52307388,7.61557069,7.3997448,7.54509693,5481851.0,93326620.0,600588.SH
2017-07-25,7.55390615,7.60235686,7.43498168,7.52307388,3296269.0,56049498.0,600588.SH
2017-07-26,7.47902778,7.57152459,7.40414941,7.487837,3419960.0,58051172.0,600588.SH
2017-07-27,7.487837,7.98555793,7.43057707,7.9723441,17861428.0,315661536.0,600588.SH
2017-07-28,7.95032105,7.95472566,7.7961597,7.928298,10372353.0,185735875.0,600588.SH
2017-07-31,7.8842519,7.9723441,7.80496892,7.90627495,5499412.0,98598450.0,600588.SH
2017-08-01,7.86663346,8.04281786,7.67723523,7.86222885,8873691.0,157378948.0,600588.SH
2017-08-02,7.83580119,7.85341963,7.4437909,7.49664622,13986989.0,240896378.0,600588.SH
2017-08-03,7.487837,7.65080757,7.43057707,7.56711998,6042639.0,103764924.0,600588.SH
2017-08-04,7.56711998,7.6199753,7.43498168,7.46581395,5021234.0,85732799.0,600588.SH
2017-08-07,7.49664622,7.61116608,7.45260012,7.52307388,3838293.0,65624057.0,600588.SH
2017-08-08,7.50986005,7.7080675,7.40414941,7.69044906,8291864.0,142827934.0,600588.SH
2017-08-09,7.62878452,7.64199835,7.50105083,7.56271537,5043648.0,86716498.0,600588.SH
2017-08-10,7.61557069,7.61557069,7.40414941,7.487837,4661304.0,79282937.0,600588.SH
2017-08-11,7.43498168,7.77854126,7.40855402,7.64640296,9645259.0,166763357.0,600588.SH
2017-08-14,7.62437991,8.4128051,7.59354764,8.4128051,38035030.0,714149296.0,600588.SH
2017-08-15,8.4128051,8.80922,8.29828524,8.72553241,35438228.0,691247200.0,600588.SH
2017-08-16,8.62422638,9.50514838,8.50970652,9.06468738,31188147.0,636835872.0,600588.SH
2017-08-17,9.06468738,9.06468738,9.06468738,9.06468738,0.0,0.0,600588.SH
2017-08-18,9.06468738,9.06468738,9.06468738,9.06468738,0.0,0.0,600588.SH
2017-08-21,9.41705618,9.8663264,9.2056349,9.64169129,34971678.0,755870048.0,600588.SH
2017-08-22,9.4699115,9.54038526,9.09992426,9.28051327,24236106.0,510420192.0,600588.SH
2017-08-23,9.18801646,9.3377732,8.92373986,9.18361185,18957965.0,394151280.0,600588.SH
2017-08-24,9.249681,9.249681,8.98980901,9.15718419,12192180.0,252483395.0,600588.SH
2017-08-25,9.1615888,9.3818193,9.06468738,9.28491788,14694537.0,308946992.0,600588.SH
2017-08-28,9.249681,9.66811895,9.17920724,9.45669767,24337250.0,524009520.0,600588.SH
2017-08-29,9.3818193,9.4699115,9.09992426,9.2056349,19037393.0,398369520.0,600588.SH
2017-08-30,9.1175427,9.1615888,8.89290759,9.13956575,22049997.0,452127872.0,600588.SH
2017-08-31,9.0734966,9.22765795,8.9854044,9.19242107,10745529.0,222958434.0,600588.SH
2017-09-01,9.15277958,10.11298456,9.09551965,10.11298456,30608375.0,676839280.0,600588.SH
2017-09-04,10.32440584,11.12604486,10.32440584,11.12604486,35580864.0,876363344.0,600588.SH
2017-09-05,11.1877094,11.35508458,10.52261329,10.99831117,43329104.0,1077081824.0,600588.SH
2017-09-06,10.91021897,11.4079399,10.63272854,11.21854167,38480993.0,966966432.0,600588.SH
2017-09-07,11.011525,11.13485408,10.71201152,10.76927145,22668448.0,562664608.0,600588.SH
2017-09-08,10.7032023,10.97628812,10.5270179,10.77808067,15591784.0,380529536.0,600588.SH
2017-09-11,10.66356081,10.81331755,10.41249804,10.72962996,15323480.0,369013552.0,600588.SH
2017-09-12,10.69439308,11.44758139,10.53142251,11.23616011,33064209.0,829773650.0,600588.SH
2017-09-13,11.05997571,11.66781189,10.89260053,11.56650586,32973473.0,851054450.0,600588.SH
2017-09-14,11.48281827,11.72507182,11.3198477,11.44317678,18856365.0,492640717.0,600588.SH
2017-09-15,11.34627536,11.42996295,10.8793867,10.99390656,14312702.0,360194741.0,600588.SH
2017-09-18,10.92783741,11.15247252,10.86176826,11.01592961,10642636.0,265258279.0,600588.SH
2017-09-19,11.0555711,11.0555711,10.571064,10.68998847,12077664.0,294528740.0,600588.SH
2017-09-20,10.68558386,10.91902819,10.59308705,10.77808067,8911187.0,218012744.0,600588.SH
2017-09-21,10.81772216,11.03354805,10.66356081,10.76046223,8906992.0,219943367.0,600588.SH
2017-09-22,10.6591562,10.81331755,10.130603,10.49618563,8860938.0,210701476.0,600588.SH
2017-09-25,10.46975797,10.64594237,10.2627413,10.27155052,6156626.0,146112025.0,600588.SH
2017-09-26,10.3067874,10.41690265,10.15703066,10.34642889,7275738.0,169744947.0,600588.SH
2017-09-27,10.37285655,10.41690265,10.130603,10.31119201,9606811.0,224757068.0,600588.SH
2017-09-28,10.3067874,10.67677464,10.2186952,10.571064,13249328.0,316532066.0,600588.SH
2017-09-29,10.571064,10.63713315,10.39047499,10.42130726,7957080.0,189354583.0,600588.SH
2017-10-09,10.49618563,11.22294628,10.44773492,11.15687713,16685537.0,411145171.0,600588.SH
2017-10-10,11.04676188,11.39032146,10.9234328,11.04235727,15242294.0,384333267.0,600588.SH
2017-10-11,10.99831117,11.26699238,10.50059024,10.53142251,17222517.0,423897543.0,600588.SH
2017-10-12,10.54904095,10.55344556,10.14822144,10.20988598,14646376.0,341964188.0,600588.SH
2017-10-13,10.3067874,10.37285655,10.16143527,10.33761967,7335641.0,171061684.0,600588.SH
2017-10-16,10.3067874,10.3067874,9.60645441,9.70335583,15529063.0,347025233.0,600588.SH
2017-10-17,9.76942498,9.86192179,9.6460959,9.70335583,4571652.0,101227222.0,600588.SH
2017-10-18,9.74740193,10.38166577,9.7341881,9.97644165,11276371.0,258653683.0,600588.SH
2017-10-19,9.97644165,10.10857995,9.79144803,9.82668491,4236085.0,95581456.0,600588.SH
2017-10-20,9.81347108,10.15262605,9.76502037,9.99406009,4919704.0,111807515.0,600588.SH
2017-10-23,10.01167853,10.27155052,10.01167853,10.16583988,5098324.0,117684588.0,600588.SH
2017-10-24,10.16583988,10.20988598,9.85751718,9.98084626,4370599.0,99024718.0,600588.SH
2017-10-25,9.9984647,10.11738917,9.93680016,10.06453385,3657931.0,83361686.0,600588.SH
2017-10-26,10.0425108,10.0865569,9.7341881,9.81787569,11308114.0,252012534.0,600588.SH
2017-10-27,9.7782342,9.93239555,9.71216505,9.78263881,5135767.0,114443932.0,600588.SH
2017-10-30,9.87954023,9.98084626,9.51836221,9.9103725,10428596.0,232610738.0,600588.SH
2017-10-31,9.83989874,10.33321506,9.79144803,10.22309981,12377351.0,285526910.0,600588.SH
2017-11-01,10.25393208,10.32000123,10.0865569,10.28035974,8305219.0,192633294.0,600588.SH
2017-11-02,10.24071825,10.54023173,10.06893846,10.38607038,12442334.0,293071219.0,600588.SH
2017-11-03,10.38166577,10.50499485,10.08215229,10.24512286,8163546.0,190676755.0,600588.SH
2017-11-06,10.130603,10.32440584,9.96763243,10.16143527,7019340.0,161809047.0,600588.SH
2017-11-07,10.1746491,10.68998847,10.02048775,10.67677464,17772561.0,418214136.0,600588.SH
2017-11-08,10.64594237,10.90140975,10.4389257,10.63272854,15226117.0,369806705.0,600588.SH
2017-11-09,10.68558386,11.0555711,10.57546861,10.95866968,13382633.0,329512013.0,600588.SH
2017-11-10,10.88379131,11.0555711,10.7032023,10.78688989,13001186.0,320237144.0,600588.SH
2017-11-13,10.78688989,11.09080798,10.57987322,11.00712039,14855041.0,368030202.0,600588.SH
2017-11-14,11.011525,11.36829841,10.7912945,10.93664663,20315442.0,513649094.0,600588.SH
2017-11-15,10.86617287,10.86617287,10.3067874,10.50499485,14941540.0,356823620.0,600588.SH
2017-11-16,10.31559662,10.41690265,10.09096151,10.12619839,11636497.0,270191345.0,600588.SH
2017-11-17,10.0865569,10.20988598,9.4699115,9.61526363,16851611.0,376377481.0,600588.SH
2017-11-20,9.28491788,9.65050051,9.17480263,9.64169129,6562727.0,141424614.0,600588.SH
2017-11-21,9.56240831,9.7782342,9.18361185,9.45669767,12439795.0,266486187.0,600588.SH
2017-11-22,9.3818193,9.65490512,9.3377732,9.56681292,8188962.0,176909813.0,600588.SH
2017-11-23,9.47872072,9.54478987,9.21003951,9.25849022,6839904.0,144699687.0,600588.SH
2017-11-24,9.1615888,9.31575015,9.1615888,9.22325334,4688184.0,98379942.0,600588.SH
2017-11-27,9.15277958,9.35539164,8.95016752,9.04266433,5042757.0,105437555.0,600588.SH
2017-11-28,9.03825972,9.26729944,9.0294505,9.23646717,4882639.0,101226224.0,600588.SH
2017-11-29,9.249681,9.35539164,9.09992426,9.249681,4886152.0,102465282.0,600588.SH
2017-11-30,9.249681,9.35539164,8.9413583,9.02504589,5083762.0,105263054.0,600588.SH
2017-12-01,9.02504589,9.30253632,8.96338135,9.17039802,6146868.0,128382064.0,600588.SH
2017-12-04,9.08230582,9.35098703,9.08230582,9.20123029,4054138.0,84831993.0,600588.SH
2017-12-05,9.24087178,9.28932249,8.75636468,8.80922,7216130.0,146957966.0,600588.SH
2017-12-06,8.80481539,8.80481539,8.42601893,8.64184482,8191272.0,159040594.0,600588.SH
2017-12-07,8.61101255,8.78279234,8.5889895,8.68148631,3520625.0,69488847.0,600588.SH
2017-12-08,8.6770817,8.95897674,8.65505865,8.7211278,4773267.0,95288943.0,600588.SH
2017-12-11,9.03385511,9.59324058,9.0294505,9.57562214,18373257.0,392602415.0,600588.SH
2017-12-12,9.44348384,9.66811895,9.40824696,9.50074377,11697678.0,253507579.0,600588.SH
2017-12-13,9.44788845,9.59324058,9.41705618,9.49193455,4673419.0,100854176.0,600588.SH
2017-12-14,9.46110228,9.7341881,9.43467462,9.65050051,9111096.0,199529559.0,600588.SH
2017-12-15,9.6020498,9.72978349,9.39062852,9.47431611,5789357.0,125371531.0,600588.SH
2017-12-18,9.47431611,9.58443136,9.37301008,9.47872072,4525208.0,97524100.0,600588.SH
2017-12-19,9.48752994,9.88834945,9.48752994,9.72097427,10637455.0,235417749.0,600588.SH
2017-12-20,9.56681292,9.68573739,9.4258654,9.68133278,7047165.0,152800145.0,600588.SH
2017-12-21,9.68133278,9.76942498,9.5139576,9.65050051,5969647.0,131092540.0,600588.SH
2017-12-22,9.690142,9.74299732,9.50074377,9.50514838,3951180.0,86016550.0,600588.SH
2017-12-25,9.59764519,9.690142,9.27170405,9.30253632,5966732.0,128109528.0,600588.SH
2017-12-26,9.25849022,9.43907923,9.10432887,9.40384235,4385780.0,92704315.0,600588.SH
2017-12-27,9.39943774,9.54919448,9.34217781,9.44788845,4378306.0,94038695.0,600588.SH
2017-12-28,9.44788845,9.4699115,9.05587816,9.09551965,6497567.0,136799495.0,600588.SH
2017-12-29,9.10432887,9.37301008,9.10432887,9.31575015,4985569.0,105007961.0,600588.SH
2018-01-02,9.38622391,9.53157604,9.32015476,9.42146079,6130901.0,131273568.0,600588.SH
2018-01-03,9.48752994,9.53157604,9.28932249,9.52717143,8470454.0,181485662.0,600588.SH
2018-01-04,9.47872072,9.51836221,9.37301008,9.42146079,6122148.0,131092550.0,600588.SH
2018-01-05,9.51836221,9.67252356,9.45669767,9.51836221,7971045.0,172850937.0,600588.SH
2018-01-08,9.3818193,9.46550689,9.05147355,9.22765795,12901260.0,268170042.0,600588.SH
2018-01-09,9.16599341,9.25408561,8.93695369,9.09992426,7461855.0,154087899.0,600588.SH
2018-01-10,9.00742745,9.39503313,9.00742745,9.35979625,12514162.0,263526891.0,600588.SH
2018-01-11,9.25849022,9.84430335,9.18361185,9.78263881,18688192.0,405669149.0,600588.SH
2018-01-12,9.88394484,10.76046223,9.68133278,10.130603,26623823.0,617385475.0,600588.SH
2018-01-15,9.92358633,10.06012924,9.62847746,9.77382959,12955802.0,288512963.0,600588.SH
2018-01-16,9.83989874,9.92358633,9.56681292,9.75621115,10674057.0,235812549.0,600588.SH
2018-01-17,9.53598065,9.53598065,8.78719695,9.26729944,16544945.0,342764318.0,600588.SH
2018-01-18,9.13516114,9.28932249,9.07790121,9.1615888,5468142.0,113962056.0,600588.SH
2018-01-19,9.15277958,9.39943774,9.15277958,9.21884873,5847524.0,123266403.0,600588.SH
2018-01-22,9.24087178,9.58443136,9.00742745,9.5139576,8538307.0,181749591.0,600588.SH
2018-01-23,9.45229306,9.90156328,9.40824696,9.81347108,10617808.0,235563443.0,600588.SH
2018-01-24,9.96322782,10.3508335,9.7341881,10.25833669,15757159.0,361430182.0,600588.SH
2018-01-25,10.25833669,10.3948796,10.06012924,10.12179378,7827402.0,181603270.0,600588.SH
2018-01-26,10.14381683,10.36845194,9.98084626,10.22309981,8348312.0,193121954.0,600588.SH
2018-01-29,10.27595513,10.44773492,9.84870796,9.98084626,9319670.0,214263562.0,600588.SH
2018-01-30,10.00286931,10.42130726,9.97644165,10.3948796,11108714.0,258396185.0,600588.SH
2018-01-31,10.37726116,10.55785017,10.11738917,10.13500761,13790074.0,324053680.0,600588.SH
2018-02-01,10.17024449,10.47856719,9.8663264,10.40368882,13240990.0,308569976.0,600588.SH
2018-02-02,10.29357357,10.7032023,10.16143527,10.64153776,16360697.0,391404715.0,600588.SH
2018-02-05,10.4389257,10.78688989,10.25833669,10.77808067,11754246.0,281318862.0,600588.SH
2018-02-06,10.49178102,10.8353406,10.2627413,10.45654414,17347990.0,415203856.0,600588.SH
2018-02-07,10.66356081,11.42996295,10.49618563,11.26258777,25930036.0,649037403.0,600588.SH
2018-02-08,11.2317555,11.47400905,10.8793867,11.35948919,23861041.0,609156693.0,600588.SH
2018-02-09,10.9674789,11.16128174,10.42571187,10.7032023,18937809.0,463094031.0,600588.SH
2018-02-12,10.71201152,11.77352253,10.71201152,11.77352253,17915625.0,469266611.0,600588.SH
2018-02-13,12.4650463,12.9495534,12.07303601,12.34171722,53825240.0,1544252388.0,600588.SH
2018-02-14,12.5531385,12.56194772,11.94089771,11.98934842,25505750.0,709577101.0,600588.SH
2018-02-22,12.22279275,13.18740234,12.03339452,13.18740234,47754580.0,1394420845.0,600588.SH
2018-02-23,12.9935995,13.27549454,12.79979666,13.11252397,26243556.0,776680444.0,600588.SH
2018-02-26,13.44286972,13.72036015,12.96717184,13.50012965,35173603.0,1070523527.0,600588.SH
2018-02-27,13.2578761,13.8304754,13.1697839,13.37680057,28867485.0,883717242.0,600588.SH
2018-02-28,13.19180695,14.68056513,12.9935995,14.43390697,43478379.0,1389100927.0,600588.SH
2018-03-01,14.07272895,15.87861905,13.94059065,15.87861905,36333216.0,1236501129.0,600588.SH
2018-03-02,16.9577485,17.43344638,16.14730026,16.39395842,67786913.0,2571279333.0,600588.SH
2018-03-05,16.78596871,18.03247334,16.4732414,18.03247334,53707321.0,2081625613.0,600588.SH
2018-03-06,18.41567441,18.48174356,17.42023255,17.73736447,52317012.0,2115718672.0,600588.SH
2018-03-07,17.7946244,18.22187157,17.20440666,17.63605844,48590787.0,1949532335.0,600588.SH
2018-03-08,17.49070631,17.90473965,17.0458407,17.34094957,52065371.0,2060409294.0,600588.SH
2018-03-09,17.03262687,18.88256307,16.8696563,17.8827166,74302494.0,3003987749.0,600588.SH
2018-03-12,17.61844,18.21306235,17.4422556,18.18663469,58318263.0,2355883598.0,600588.SH
2018-03-13,17.90914426,18.058901,17.43785099,17.62724922,40844663.0,1643947012.0,600588.SH
2018-03-14,17.52153858,18.31436838,15.86540522,15.86980983,100792192.0,3853543719.0,600588.SH
2018-03-15,15.5042272,15.91385593,15.37649351,15.80374068,56479078.0,2008625821.0,600588.SH
2018-03-16,15.80374068,15.9887343,15.57029635,15.70683926,40412330.0,1450951761.0,600588.SH
2018-03-19,15.6804116,16.15610948,15.42934883,15.82135912,49170800.0,1770285489.0,600588.SH
2018-03-20,15.46458571,16.55692899,15.42053961,16.28824778,48909458.0,1792941930.0,600588.SH
2018-03-21,16.28824778,16.44681374,15.65838855,15.7685038,36736156.0,1348686256.0,600588.SH
2018-03-22,15.9446882,16.14730026,15.1078123,15.21792755,41206171.0,1462130957.0,600588.SH
2018-03-23,14.53080839,15.21792755,14.09915661,14.62770981,46519896.0,1548251262.0,600588.SH
2018-03-26,14.7994896,16.09004033,14.7994896,16.09004033,49827707.0,1759321816.0,600588.SH
2018-03-27,16.37633998,16.86525169,16.03718501,16.8256102,62127729.0,2325505358.0,600588.SH
2018-03-28,16.33229388,16.92251162,16.22658324,16.49085984,42740637.0,1609459282.0,600588.SH
2018-03-29,16.6053797,16.90489318,16.0768265,16.4732414,33631183.0,1261711159.0,600588.SH
2018-03-30,16.49526445,17.11190985,16.297057,16.82120559,45597198.0,1730361051.0,600588.SH
2018-04-02,16.73311339,17.03703148,16.14289565,16.62299814,41923959.0,1579355422.0,600588.SH
2018-04-03,16.297057,16.40717225,15.1078123,15.73767153,46429077.0,1661641863.0,600588.SH
2018-04-04,15.6804116,15.80374068,14.8435357,15.14745379,33249707.0,1149117784.0,600588.SH
2018-04-09,15.27078287,15.70683926,14.83913109,15.44696727,27375265.0,956470186.0,600588.SH
2018-04-10,15.26197365,15.32363819,14.89198641,15.30161514,21039775.0,721613466.0,600588.SH
2018-04-11,15.4601811,15.83016834,15.1959045,15.33244741,28652929.0,1009417711.0,600588.SH
2018-04-12,15.38530273,15.65838855,15.1959045,15.36327968,17979057.0,629976260.0,600588.SH
2018-04-13,15.5042272,15.61434245,14.94924634,15.06817081,17979303.0,621612694.0,600588.SH
2018-04-16,14.94924634,16.57454743,14.75984811,16.57454743,47518100.0,1706228889.0,600588.SH
2018-04-17,16.55692899,16.6934719,15.5042272,15.9887343,35406269.0,1295395363.0,600588.SH
2018-04-18,15.856596,16.88727474,15.74207614,16.60978431,43419054.0,1624028988.0,600588.SH
2018-04-19,16.5172875,16.84763325,16.06361267,16.29265239,31393083.0,1169019797.0,600588.SH
2018-04-20,16.2089648,16.36312615,15.2839967,15.32363819,24620683.0,881347618.0,600588.SH
2018-04-23,15.30161514,15.47339493,14.7994896,15.35006585,18407855.0,632444985.0,600588.SH
2018-04-24,15.3280428,15.96671125,15.12983535,15.93147437,21035139.0,747041242.0,600588.SH
2018-04-25,15.8125499,17.21321588,15.71564848,16.28824778,42309899.0,1586945633.0,600588.SH
2018-04-26,16.22658324,16.72430417,15.9446882,16.19575097,24971318.0,926522158.0,600588.SH
2018-04-27,16.5172875,16.5613336,15.2399506,16.19575097,22407686.0,816306151.0,600588.SH
2018-05-02,16.60969881,17.0178984,15.6955617,16.02327123,20118968.0,574526021.0,600588.SH
2018-05-03,15.93703188,16.19574993,15.1206327,16.06926555,26035526.0,711393152.0,600588.SH
2018-05-04,16.098012,16.93165905,15.84504324,16.41997224,35228451.0,1012186658.0,600588.SH
2018-05-07,16.47171585,17.3628558,16.31073573,17.20187568,46892770.0,1382951972.0,600588.SH
2018-05-08,17.04664485,17.9377848,16.90866189,17.78255397,48699899.0,1473016199.0,600588.SH
2018-05-09,17.73655965,18.16200711,17.35135722,17.70206391,35080222.0,1076527221.0,600588.SH
2018-05-10,17.68481604,17.89179048,16.56945378,17.05239414,40223242.0,1202510887.0,600588.SH
2018-05-11,17.06389272,17.15588136,16.4429694,16.672941,26704035.0,776925830.0,600588.SH
2018-05-14,16.63269597,17.08688988,15.9255333,16.20724851,31648790.0,905484644.0,600588.SH
2018-05-15,16.23024567,16.66719171,15.9830262,16.63844526,21345179.0,608210844.0,600588.SH
2018-05-16,16.62119739,16.62119739,15.8105475,15.82779537,28420779.0,800809012.0,600588.SH
2018-05-17,15.71280957,16.00602336,15.45984081,15.81629679,23581506.0,644983263.0,600588.SH
2018-05-18,15.64956738,15.87953898,15.24136779,15.71855886,21867774.0,593661859.0,600588.SH
2018-05-21,15.5805759,16.33948218,15.5805759,16.13825703,23664440.0,663961462.0,600588.SH
2018-05-22,16.02327123,16.31073573,15.60357306,15.91403472,23754298.0,657150339.0,600588.SH
2018-05-23,15.90253614,16.30498644,15.58632519,15.84504324,27432055.0,763693501.0,600588.SH
2018-05-24,15.8105475,15.94278117,15.45984081,15.48858726,15281943.0,415254519.0,600588.SH
2018-05-25,15.33335643,15.5805759,14.74692885,14.91365826,25707015.0,672803789.0,600588.SH
2018-05-28,14.91365826,15.37360146,14.78142459,15.16662702,16490866.0,435687689.0,600588.SH
2018-05-29,15.14937915,15.43684365,14.91365826,15.14362986,14945724.0,395580128.0,600588.SH
2018-05-30,14.8906611,15.19537347,14.43646719,14.86191465,18136673.0,469373640.0,600588.SH
2018-05-31,14.87341323,15.09763554,13.798296,14.1432534,38077811.0,948731747.0,600588.SH
2018-06-01,13.97652399,14.38472358,13.73505381,14.23524204,22253596.0,544089691.0,600588.SH
2018-06-04,14.12025624,14.2582392,13.7408031,13.91903109,15732948.0,382674678.0,600588.SH
2018-06-05,13.92478038,14.63769234,13.92478038,14.62044447,24187280.0,605368446.0,600588.SH
2018-06-06,14.60894589,15.04589193,14.47671222,14.86191465,21262467.0,548948283.0,600588.SH
2018-06-07,14.88491181,15.1206327,14.67793737,14.86766394,16958685.0,440151350.0,600588.SH
2018-06-08,15.24136779,15.33910572,14.78142459,14.89641039,21498212.0,562794853.0,600588.SH
2018-06-11,14.7181824,14.86191465,14.49396009,14.56870086,11777841.0,300576189.0,600588.SH
2018-06-12,14.48246151,14.86766394,14.2007463,14.68943595,13078465.0,332388520.0,600588.SH
2018-06-13,14.74117956,14.88491181,13.62006801,13.67181162,32708550.0,810346276.0,600588.SH
2018-06-14,13.65456375,14.11450695,13.54532724,13.93052967,20951983.0,507301464.0,600588.SH
2018-06-15,13.99952115,14.16050127,13.7408031,13.88453535,12521005.0,303503837.0,600588.SH
2018-06-19,13.29235848,13.85003961,12.49895646,12.52195362,26302443.0,599192794.0,600588.SH
2018-06-20,12.51620433,12.7634238,12.11375403,12.44721285,25798299.0,557190459.0,600588.SH
2018-06-21,12.46446072,12.58519581,11.44683639,11.64231225,29355888.0,610574768.0,600588.SH
2018-06-22,11.65381083,12.45871143,11.57332077,12.17124693,24525556.0,516193260.0,600588.SH
2018-06-25,12.22873983,12.74042664,12.22873983,12.41271711,19627866.0,427793676.0,600588.SH
2018-06-26,12.3034806,13.53957795,12.23448912,13.40734428,31952440.0,726930091.0,600588.SH
2018-06-27,13.38434712,13.65456375,12.95889966,13.223367,24732810.0,571960989.0,600588.SH
2018-06-28,13.223367,13.64306517,12.96464895,13.11987978,21287842.0,491929730.0,600588.SH
2018-06-29,13.11987978,14.12600553,13.00489398,14.09150979,31200239.0,739875326.0,600588.SH
2018-07-02,14.0857605,14.0857605,13.3383528,13.72930452,23039245.0,552346507.0,600588.SH
2018-07-03,13.64881446,14.63194305,13.52233008,14.28123636,31736139.0,776059241.0,600588.SH
2018-07-04,14.14900269,14.22949275,13.5108315,13.63731588,20779417.0,500294592.0,600588.SH
2018-07-05,13.5108315,13.93627896,13.09688262,13.1083812,19363000.0,455475898.0,600588.SH
2018-07-06,13.14862623,14.0282676,13.14862623,13.60282014,34726284.0,821774028.0,600588.SH
2018-07-09,13.798296,13.86728748,13.38434712,13.6833102,25469962.0,604370258.0,600588.SH
2018-07-10,13.57982298,13.66031304,13.05663759,13.34985138,28108347.0,647385927.0,600588.SH
2018-07-11,13.0508883,13.223367,12.19424409,12.56794794,29548274.0,650774378.0,600588.SH
2018-07-12,12.7059309,13.78104813,12.63693942,13.58557227,40880764.0,946314699.0,600588.SH
2018-07-13,14.0857605,14.40772074,13.94777754,14.12600553,42585487.0,1051393828.0,600588.SH
2018-07-16,14.36747571,14.58019944,14.0857605,14.30998281,32994337.0,819764190.0,600588.SH
2018-07-17,14.30998281,15.74155602,13.86153819,15.74155602,50366910.0,1298438155.0,600588.SH
2018-07-18,15.88528827,16.17850206,15.55182945,15.58632519,57525586.0,1588571659.0,600588.SH
2018-07-19,15.67256454,15.7530546,15.18387489,15.40234791,33901887.0,908532151.0,600588.SH
2018-07-20,15.40234791,16.29923715,15.24136779,15.90253614,54630366.0,1505154593.0,600588.SH
2018-07-23,15.6955617,16.41422295,15.60357306,16.0405191,38846378.0,1081382795.0,600588.SH
2018-07-24,15.93703188,16.21874709,15.63231951,15.89678685,30171500.0,833872158.0,600588.SH
2018-07-25,15.85654182,16.21874709,15.6380688,15.66681525,27363392.0,757744656.0,600588.SH
2018-07-26,15.56332803,15.57482661,14.83891749,15.03439335,31143635.0,819499763.0,600588.SH
2018-07-27,15.10338483,15.31610856,14.74692885,15.18387489,23304125.0,612279252.0,600588.SH
2018-07-30,15.09763554,15.30460998,14.56295157,14.79292317,19109194.0,493087202.0,600588.SH
2018-07-31,14.6606895,15.05164122,14.60894589,14.8331682,16928084.0,436722386.0,600588.SH
2018-08-01,14.8906611,15.37935075,14.373225,14.45371506,20789326.0,540702588.0,600588.SH
2018-08-02,14.2582392,14.373225,13.64881446,14.12025624,22695813.0,554416328.0,600588.SH
2018-08-03,14.17774914,14.3157321,13.4533386,13.47058647,17145476.0,415193967.0,600588.SH
2018-08-06,13.41884286,13.96502541,13.3383528,13.41309357,18724812.0,443701444.0,600588.SH
2018-08-07,13.63731588,14.44221648,13.59707085,14.38472358,26524880.0,648021240.0,600588.SH
2018-08-08,14.2582392,14.65494021,14.2007463,14.39622216,21817784.0,547506125.0,600588.SH
2018-08-09,14.38472358,15.74730531,14.26398849,15.50583513,39243287.0,1040121157.0,600588.SH
2018-08-10,15.47133939,16.08076413,15.36210288,15.91403472,39690478.0,1088516796.0,600588.SH
2018-08-13,16.14400632,17.15588136,16.06926555,16.79942538,62339303.0,1789933326.0,600588.SH
2018-08-14,16.62694668,16.73618319,16.13250774,16.27623999,33659841.0,959636371.0,600588.SH
2018-08-15,16.33948218,16.52345946,15.65531667,16.01752194,37088591.0,1041157675.0,600588.SH
2018-08-16,15.6955617,16.24174425,15.55182945,15.91403472,31788225.0,878053340.0,600588.SH
2018-08-17,16.098012,16.1555049,15.13213128,15.24711708,28131357.0,763273020.0,600588.SH
2018-08-20,15.25286637,15.8680404,15.2356185,15.85079253,25716210.0,694818970.0,600588.SH
2018-08-21,15.523083,15.73005744,14.96540187,15.523083,33721131.0,901765569.0,600588.SH
2018-08-22,15.38510004,15.74730531,15.2356185,15.53458158,23466913.0,631783850.0,600588.SH
2018-08-23,15.52883229,16.28198928,15.37360146,16.0405191,35755439.0,995809274.0,600588.SH
2018-08-24,15.89103756,16.32223431,15.87953898,16.00602336,19917276.0,557259993.0,600588.SH
2018-08-27,16.00602336,16.83392112,15.93128259,16.58670165,27163037.0,779651197.0,600588.SH
2018-08-28,16.7304339,16.77642822,16.20149922,16.37397792,20545873.0,588283603.0,600588.SH
2018-08-29,16.37972721,16.51771017,15.97727691,16.28198928,15924419.0,448669769.0,600588.SH
2018-08-30,16.24174425,16.3279836,15.8680404,15.87378969,12852664.0,357582802.0,600588.SH
2018-08-31,15.87953898,16.5579552,15.79904892,16.03476981,24992877.0,702455891.0,600588.SH
2018-09-03,15.97152762,16.66144242,15.3506043,16.5579552,28913808.0,804097257.0,600588.SH
2018-09-04,16.46021727,18.04127202,16.31648502,17.43759657,46433827.0,1375533344.0,600588.SH
2018-09-05,17.33985864,17.43184728,16.8454197,16.9604055,28732155.0,857985013.0,600588.SH
2018-09-06,16.93165905,17.4203487,16.90866189,17.04089556,24008097.0,717133152.0,600588.SH
2018-09-07,17.14438278,17.33985864,15.523083,16.0405191,37098740.0,1063353664.0,600588.SH
2018-09-10,15.75880389,15.95427975,15.1781256,15.28161282,27844466.0,750372558.0,600588.SH
2018-09-11,15.2931114,15.65531667,15.13213128,15.43684365,17224543.0,461315928.0,600588.SH
2018-09-12,15.39084933,15.62657022,14.99414832,15.2931114,18028839.0,481467957.0,600588.SH
2018-09-13,15.523083,15.6955617,14.99989761,15.4080972,22235858.0,594899926.0,600588.SH
2018-09-14,15.3506043,15.37360146,14.37897429,14.40772074,35631886.0,908959207.0,600588.SH
2018-09-17,14.40197145,14.63194305,13.99952115,14.26973778,20790994.0,516381472.0,600588.SH
2018-09-18,14.28698565,15.26436495,14.15475198,15.14362986,31992336.0,818191139.0,600588.SH
2018-09-19,15.12638199,15.82779537,14.90790897,15.45409152,33216523.0,890141348.0,600588.SH
2018-09-20,15.4080972,15.6380688,15.2356185,15.43684365,16371758.0,439195021.0,600588.SH
2018-09-21,15.30460998,15.4080972,14.36172642,15.0056469,37536233.0,967537477.0,600588.SH
2018-09-25,14.7181824,15.33910572,14.65494021,15.09188625,21044894.0,553214458.0,600588.SH
2018-09-26,15.1206327,15.33910572,14.63194305,15.2356185,25955127.0,676167281.0,600588.SH
2018-09-27,15.24136779,16.00027407,15.06888909,15.63231951,44751929.0,1219390423.0,600588.SH
2018-09-28,15.6955617,16.06351626,15.16087773,15.99452478,33990509.0,924500047.0,600588.SH
2018-10-08,15.4655901,15.91403472,15.31035927,15.61507164,25559669.0,695377636.0,600588.SH
2018-10-09,15.74155602,16.1555049,14.59744731,14.72968098,38178952.0,1011529816.0,600588.SH
2018-10-10,14.66643879,14.68943595,14.18924772,14.36172642,21233260.0,532741384.0,600588.SH
2018-10-11,13.50508221,13.9132818,12.92440392,12.92440392,29406573.0,680803506.0,600588.SH
2018-10-12,12.92440392,13.223367,12.28048344,13.03364043,24735181.0,552344538.0,600588.SH
2018-10-15,13.07963475,13.42459215,12.80941812,12.94740108,23876403.0,544820120.0,600588.SH
2018-10-16,12.90140676,13.02789114,12.00451752,12.22873983,30639926.0,665353374.0,600588.SH
2018-10-17,12.55070007,13.08538404,12.22873983,13.02214185,36599205.0,806997353.0,600588.SH
2018-10-18,12.9933954,13.35560067,12.79217025,13.10263191,35632108.0,812853341.0,600588.SH
2018-10-19,12.9359025,14.38472358,12.82666599,14.17199985,41881779.0,992977490.0,600588.SH
2018-10-22,14.373225,15.0631398,14.18924772,14.67218808,39481688.0,1002935701.0,600588.SH
2018-10-23,14.70668382,14.70668382,14.28698565,14.4307179,21915083.0,551583056.0,600588.SH
2018-10-24,14.59744731,14.59744731,13.83279174,14.25248991,24610186.0,608542047.0,600588.SH
2018-10-25,13.5108315,13.86728748,13.18312197,13.70055807,23805786.0,561216342.0,600588.SH
2018-10-26,13.94777754,14.08001121,13.14287694,13.44184002,21331044.0,504134615.0,600588.SH
2018-10-29,13.50508221,14.30423352,13.26936132,13.77529884,28438985.0,688180239.0,600588.SH
2018-10-30,13.76954955,14.05701405,13.0508883,13.6833102,24246543.0,574604937.0,600588.SH
2018-10-31,13.6833102,14.09725908,13.5683244,13.79254671,21922889.0,527729716.0,600588.SH
2018-11-01,14.1432534,14.71243311,13.80404529,14.10300837,36699151.0,909530079.0,600588.SH
2018-11-02,14.46521364,14.70093453,14.27548707,14.63194305,33950923.0,856923495.0,600588.SH
2018-11-05,14.51695725,14.80442175,14.19499701,14.5457037,23702235.0,596668327.0,600588.SH
2018-11-06,14.46521364,14.51695725,14.05701405,14.2582392,14827388.0,366890670.0,600588.SH
2018-11-07,14.22949275,14.73543027,14.2007463,14.32723068,22440859.0,565382709.0,600588.SH
2018-11-08,14.49970938,14.49970938,13.71205665,13.71205665,22025415.0,538871521.0,600588.SH
2018-11-09,13.46483718,14.01676902,13.3958457,13.76954955,14230673.0,341512560.0,600588.SH
2018-11-12,13.66031304,14.75267814,13.60856943,14.72393169,36263279.0,908780032.0,600588.SH
2018-11-13,14.48246151,14.91940755,14.373225,14.72968098,30075241.0,768788072.0,600588.SH
2018-11-14,14.72968098,14.91940755,14.373225,14.63194305,21473079.0,546352638.0,600588.SH
2018-11-15,14.6031966,15.2931114,14.4882108,15.21837063,27903463.0,722391854.0,600588.SH
2018-11-16,15.1206327,15.58632519,15.0631398,15.21837063,29961116.0,800848273.0,600588.SH
2018-11-19,15.20687205,15.20687205,14.63194305,14.91365826,17191807.0,444040514.0,600588.SH
2018-11-20,14.66643879,14.87916252,14.33872926,14.39622216,16489804.0,417956694.0,600588.SH
2018-11-21,14.1432534,14.52845583,14.0857605,14.36172642,15492112.0,384844623.0,600588.SH
2018-11-22,14.38472358,14.57445015,14.07426192,14.24674062,12844171.0,319940792.0,600588.SH
2018-11-23,14.24674062,14.38472358,13.69480878,13.76380026,15619530.0,377581160.0,600588.SH
2018-11-26,13.7408031,13.95927612,13.32110493,13.4533386,16844505.0,395303496.0,600588.SH
2018-11-27,13.57982298,13.7408031,13.41884286,13.57982298,13403912.0,317099128.0,600588.SH
2018-11-28,13.47633576,13.75805097,13.18312197,13.71780594,13314708.0,313777702.0,600588.SH
2018-11-29,13.82704245,13.9707747,13.26936132,13.35560067,11963856.0,284590019.0,600588.SH
2018-11-30,13.41309357,13.62006801,13.09688262,13.59707085,12467914.0,288833955.0,600588.SH
2018-12-03,14.0857605,14.2582392,13.74655239,14.00527044,19356213.0,471623395.0,600588.SH
2018-12-04,13.9707747,14.09150979,13.83854103,14.02251831,10467713.0,254176227.0,600588.SH
2018-12-05,13.77529884,14.0857605,13.70055807,14.06276334,14164275.0,341804827.0,600588.SH
2018-12-06,13.87878606,14.18924772,13.5683244,13.71205665,13329280.0,320478573.0,600588.SH
2018-12-07,13.72355523,13.89603393,13.70055807,13.7408031,6316458.0,151482114.0,600588.SH
2018-12-10,13.5108315,13.78679742,13.30960635,13.36134996,10107999.0,237981327.0,600588.SH
2018-12-11,13.59132156,13.65456375,13.23486558,13.46483718,7555168.0,176316558.0,600588.SH
2018-12-12,13.5683244,13.61431872,13.41884286,13.49933292,6492378.0,152568632.0,600588.SH
2018-12-13,13.55682582,13.8557889,13.44184002,13.72930452,9800504.0,233690893.0,600588.SH
2018-12-14,13.69480878,13.76380026,13.24061487,13.26361203,9458314.0,221565202.0,600588.SH
2018-12-17,13.26361203,13.37859783,12.90715605,13.16012481,13243933.0,300594716.0,600588.SH
2018-12-18,13.05663759,13.17162339,12.86116173,12.94740108,8237862.0,186212535.0,600588.SH
2018-12-19,12.94740108,13.02214185,12.57944652,12.7059309,9379952.0,207730682.0,600588.SH
2018-12-20,12.648438,12.90140676,12.60244368,12.73467735,7826841.0,173474210.0,600588.SH
2018-12-21,12.648438,12.97614753,12.5909451,12.83816457,11127582.0,248495871.0,600588.SH
2018-12-24,12.73467735,13.09688262,12.65418729,12.9933954,8656776.0,195360491.0,600588.SH
2018-12-25,12.77492238,13.08538404,12.50470575,13.03938972,10988628.0,244034621.0,600588.SH
2018-12-26,12.9359025,12.94165179,12.70018161,12.7634238,8151917.0,182094397.0,600588.SH
2018-12-27,13.01064327,13.0508883,12.5334522,12.5334522,9448589.0,209669432.0,600588.SH
2018-12-28,12.75192522,12.75192522,12.09650616,12.2459877,10442477.0,224433725.0,600588.SH
2019-01-02,12.33797634,12.5909451,12.1884948,12.5334522,16958591.0,366334695.0,600588.SH
2019-01-03,12.81516741,13.13712765,12.74042664,12.86116173,22542399.0,505925810.0,600588.SH
2019-01-04,12.648438,13.53382866,12.60244368,13.5108315,25059807.0,574575840.0,600588.SH
2019-01-07,13.59707085,13.99377186,13.41309357,13.93627896,25276220.0,606061518.0,600588.SH
2019-01-08,13.82704245,14.01676902,13.71205665,13.82704245,14235129.0,343063475.0,600588.SH
2019-01-09,13.90753251,14.28698565,13.84429032,13.8557889,23626187.0,579597501.0,600588.SH
2019-01-10,13.9132818,14.34447855,13.87303677,14.16625056,39582842.0,977856474.0,600588.SH
2019-01-11,14.10875766,14.33872926,13.5683244,13.87303677,18564858.0,448953805.0,600588.SH
2019-01-14,13.87303677,14.10300837,13.80979458,13.94202825,10853338.0,263432120.0,600588.SH
2019-01-15,13.94202825,14.4882108,13.9132818,14.2582392,18794198.0,465861316.0,600588.SH
2019-01-16,14.30998281,14.74692885,14.13175482,14.16625056,18832956.0,473285328.0,600588.SH
2019-01-17,14.02251831,14.24674062,13.9132818,13.93052967,11633593.0,283795559.0,600588.SH
2019-01-18,13.94777754,14.2582392,13.9132818,14.2582392,10961785.0,268875187.0,600588.SH
2019-01-21,14.2582392,14.52270654,13.99952115,14.30423352,20678997.0,517628979.0,600588.SH
2019-01-22,14.36172642,14.53420512,14.15475198,14.2582392,9990555.0,249262211.0,600588.SH
2019-01-23,14.19499701,14.32148139,13.99952115,14.10300837,6054043.0,148531954.0,600588.SH
2019-01-24,14.12600553,14.84466678,14.06851263,14.68368666,34245319.0,869315941.0,600588.SH
2019-01-25,14.4882108,14.93665542,14.4882108,14.53995441,14833283.0,379500640.0,600588.SH
2019-01-28,14.6606895,15.01714548,14.51695725,14.8331682,15086756.0,388051426.0,600588.SH
2019-01-29,14.8331682,14.99414832,14.37897429,14.8331682,12182620.0,312571016.0,600588.SH
2019-01-30,14.82166962,15.10913412,14.63769234,14.63769234,12115018.0,314269063.0,600588.SH
2019-01-31,14.5457037,14.5457037,13.71205665,13.85003961,23057872.0,562812550.0,600588.SH
2019-02-01,13.99952115,14.26973778,13.7408031,14.26973778,15424705.0,376726372.0,600588.SH
2019-02-11,14.2582392,15.44259294,14.20649559,15.41959578,25279325.0,657075485.0,600588.SH
2019-02-12,15.3506043,15.39084933,15.0631398,15.20687205,20755320.0,549197575.0,600588.SH
2019-02-13,15.2356185,15.66106596,15.1206327,15.4080972,24479332.0,657660736.0,600588.SH
2019-02-14,15.37360146,15.8105475,15.21837063,15.56332803,17444557.0,473194697.0,600588.SH
2019-02-15,15.45409152,15.68406312,15.11488341,15.13213128,20802922.0,554965284.0,600588.SH
2019-02-18,15.27586353,15.8105475,15.2356185,15.71280957,21505355.0,582217711.0,600588.SH
2019-02-19,15.91403472,16.33948218,15.47708868,15.6955617,26399407.0,727264191.0,600588.SH
2019-02-20,15.66106596,15.89678685,15.4080972,15.8105475,16997581.0,464056546.0,600588.SH
2019-02-21,15.7530546,16.28198928,15.44834223,15.4655901,23649509.0,653961807.0,600588.SH
2019-02-22,15.43684365,16.54645662,15.33910572,16.3854765,30565131.0,847959443.0,600588.SH
2019-02-25,17.00639982,18.02402415,16.5579552,18.02402415,55195075.0,1677259290.0,600588.SH
2019-02-26,18.01827486,19.4900931,17.4778416,18.2827422,47043817.0,1501140828.0,600588.SH
2019-02-27,18.17350569,19.1451357,17.25936858,17.71356249,37038274.0,1169425031.0,600588.SH
2019-02-28,17.59857669,17.81704971,17.21337426,17.51808663,18403379.0,560104544.0,600588.SH
2019-03-01,17.60432598,17.85729474,17.1328842,17.85729474,23838515.0,730194268.0,600588.SH
2019-03-04,18.397728,19.06464564,17.7078132,17.9952777,44875033.0,1432818367.0,600588.SH
2019-03-05,17.822799,19.2026286,17.52958521,19.09914138,44272623.0,1423820717.0,600588.SH
2019-03-06,19.59358032,20.2375008,18.81742617,19.55908458,46293726.0,1574381905.0,600588.SH
2019-03-07,19.547586,21.51384318,19.2026286,21.51384318,53800647.0,1931016160.0,600588.SH
2019-03-08,20.31799086,23.21563302,20.30074299,21.24937584,76085974.0,2868177060.0,600588.SH
2019-03-11,22.46822532,22.74994053,19.74306186,21.1573872,50917307.0,1871222229.0,600588.SH
2019-03-12,21.29537016,22.10602005,20.80668051,21.7323162,47873944.0,1792692080.0,600588.SH
2019-03-13,21.5023446,21.6748233,19.59932961,19.71431541,50001681.0,1791707449.0,600588.SH
2019-03-14,19.7200647,19.85804766,18.5127138,18.84617262,37137576.0,1224252052.0,600588.SH
2019-03-15,19.11638925,19.70856612,18.6276996,19.16813286,28531121.0,952257762.0,600588.SH
2019-03-18,19.61657748,20.05352352,19.47859452,20.00177991,29735060.0,1023052030.0,600588.SH
2019-03-19,20.03627565,20.50771743,19.3751073,20.0650221,30112830.0,1051689095.0,600588.SH
2019-03-20,19.82355192,20.03052636,19.16238357,19.61082819,21046118.0,715885724.0,600588.SH
2019-03-21,19.6625718,20.4099795,19.53033813,20.03052636,30243770.0,1058402746.0,600588.SH
2019-03-22,20.2375008,20.26624725,19.47859452,20.13976287,21199233.0,735707697.0,600588.SH
2019-03-25,19.7200647,20.697444,19.62232677,20.31224157,26905393.0,947297589.0,600588.SH
2019-03-26,20.32374015,20.65719897,19.74881115,19.87529553,25208783.0,884452845.0,600588.SH
2019-03-27,20.03627565,20.0650221,18.69094179,19.01865132,25341354.0,845683772.0,600588.SH
2019-03-28,19.07039493,19.58208174,18.8576712,18.9151641,15688800.0,524028664.0,600588.SH
2019-03-29,18.74843469,19.67407038,18.38622942,19.4900931,26676563.0,889505601.0,600588.SH
2019-04-01,19.6625718,20.84692554,19.6625718,20.72044116,34342190.0,1219876961.0,600588.SH
2019-04-02,20.74343832,21.31836732,20.2949937,20.41572879,32812320.0,1188389280.0,600588.SH
2019-04-03,20.19150648,20.74918761,20.13401358,20.5249653,21201165.0,752504041.0,600588.SH
2019-04-04,20.697444,20.9849085,20.31799086,20.56521033,22631844.0,811633546.0,600588.SH
2019-04-08,20.7549369,20.78368335,19.3176144,19.6050789,31249998.0,1077520176.0,600588.SH
2019-04-09,19.3176144,19.86954624,19.29461724,19.43834949,16865996.0,572697810.0,600588.SH
2019-04-10,19.2601215,19.75456044,18.99565416,19.36935801,18124518.0,611292036.0,600588.SH
2019-04-11,19.31186511,19.53608742,18.75418398,18.84617262,19321074.0,639459701.0,600588.SH
2019-04-12,18.96115842,19.09914138,18.52996167,18.73693611,17398501.0,567116248.0,600588.SH
2019-04-15,19.13363712,19.58208174,18.69094179,18.78293043,19926267.0,664271594.0,600588.SH
2019-04-16,18.6851925,19.25437221,18.07576776,19.24862292,26444059.0,857908906.0,600588.SH
2019-04-17,19.28886795,19.46134665,19.01865132,19.07039493,16679356.0,556577793.0,600588.SH
2019-04-18,19.0876428,19.2026286,18.67944321,18.72543753,11067165.0,363250347.0,600588.SH
2019-04-19,18.65644605,19.11638925,18.54146025,18.71393895,11614591.0,379233448.0,600588.SH
2019-04-22,18.8576712,19.12788783,18.44372232,18.54146025,17702746.0,577348021.0,600588.SH
2019-04-23,18.5127138,18.81742617,18.36898155,18.52421238,10917600.0,352186056.0,600588.SH
2019-04-24,18.5702067,19.69131825,18.4552209,19.6050789,35829075.0,1198671358.0,600588.SH
2019-04-25,19.53608742,19.94428701,19.19113002,19.24287363,32560030.0,1110877913.0,600588.SH
2019-04-26,19.48434381,19.82355192,19.25437221,19.7200647,33383197.0,1138064903.0,600588.SH
2019-04-29,19.9500363,20.1800079,18.23674788,18.397728,39912900.0,1315581685.0,600588.SH
2019-04-30,18.11601279,18.70818966,17.8802919,18.15050853,17442061.0,555726959.0,600588.SH
2019-05-06,17.24212071,17.64457101,16.33373289,16.33373289,28332525.0,832608686.0,600588.SH
2019-05-07,16.590134,17.08783802,16.31111811,16.3639049,18094210.0,400153280.0,600588.SH
2019-05-08,15.85865991,17.33669003,15.6852176,17.12554287,36316755.0,808713102.0,600588.SH
2019-05-09,17.26128033,17.47996846,17.01242832,17.24619839,21224114.0,485336183.0,600588.SH
2019-05-10,17.48750943,18.33209807,16.83898601,18.11340994,37639179.0,891571293.0,600588.SH
2019-05-13,18.0229183,18.66390075,17.75898435,18.26422934,21709490.0,527253994.0,600588.SH
2019-05-14,17.91734472,18.38488486,17.74390241,17.7966892,18407218.0,439256457.0,600588.SH
2019-05-15,17.97767248,18.09078703,17.70619756,17.93242666,19978975.0,473567390.0,600588.SH
2019-05-16,17.93242666,18.06816412,17.40455876,17.46488652,19323292.0,450843548.0,600588.SH
2019-05-17,17.60816495,17.91734472,17.14816578,17.1934116,21527756.0,501179808.0,600588.SH
2019-05-20,17.45734555,17.7966892,17.2688213,17.75898435,20206201.0,471940726.0,600588.SH
2019-05-21,17.6458698,18.22652449,17.1934116,17.87963987,25775608.0,608161010.0,600588.SH
2019-05-22,17.85701696,18.41504874,17.75144338,18.31701613,25284806.0,605987788.0,600588.SH
2019-05-23,18.3999668,18.3999668,17.09537899,17.29144421,26080613.0,614675532.0,600588.SH
2019-05-24,17.29144421,17.44980458,16.85406795,16.89931377,14179110.0,321450314.0,600588.SH
2019-05-27,16.8917728,17.91734472,16.8163631,17.82685308,25256016.0,582182756.0,600588.SH
2019-05-28,17.82685308,18.19636061,17.54783719,18.09078703,24119585.0,571939597.0,600588.SH
2019-05-29,17.89472181,17.98521345,17.6458698,17.70619756,15389562.0,363773446.0,600588.SH
2019-05-30,17.55537816,17.63078786,16.99734638,17.23865742,16661204.0,379722251.0,600588.SH
2019-05-31,17.32914906,17.4950504,17.11046093,17.21603451,12395748.0,284386223.0,600588.SH
2019-06-03,17.30652615,17.5704601,16.92947765,17.22357548,14002232.0,319975029.0,600588.SH
2019-06-04,17.20095257,17.23865742,16.590134,16.80128116,13021888.0,291790743.0,600588.SH
2019-06-05,16.99734638,17.23865742,16.80128116,17.02751026,13617108.0,307766498.0,600588.SH
2019-06-06,17.1180019,17.14816578,16.56751109,16.65046176,11580645.0,258730527.0,600588.SH
2019-06-10,16.67308467,16.98980541,16.53734721,16.9671825,12283908.0,273994450.0,600588.SH
2019-06-11,16.91439571,17.7212795,16.71833049,17.6458698,22136315.0,511339782.0,600588.SH
2019-06-12,17.61570592,17.71373853,17.38193585,17.45734555,11671243.0,271349501.0,600588.SH
2019-06-13,17.5704601,19.20685059,17.53275525,18.73931045,53981868.0,1330905150.0,600588.SH
2019-06-14,18.4753765,18.86750694,18.0229183,18.12849188,31369023.0,767456218.0,600588.SH
2019-06-17,18.22652449,18.34718001,17.65341077,18.0229183,16711479.0,399249530.0,600588.SH
2019-06-18,17.90226278,18.66390075,17.81177114,18.29439322,24333153.0,592214083.0,600588.SH
2019-06-19,18.96553955,19.35012902,18.65635978,18.89012985,36446321.0,917482836.0,600588.SH
2019-06-20,18.89012985,19.6819317,18.72422851,19.37275193,33634085.0,859494712.0,600588.SH
2019-06-21,19.40291581,20.63209392,19.40291581,20.38324191,48578294.0,1292370372.0,600588.SH
2019-06-24,20.35307803,20.5114384,19.92324274,20.360619,25935347.0,693718227.0,600588.SH
2019-06-25,20.27766833,20.27766833,19.36521096,20.08160311,26073423.0,686057973.0,600588.SH
2019-06-26,19.6819317,20.39078288,19.6819317,19.9835705,18953494.0,504928441.0,600588.SH
2019-06-27,20.00619341,20.37570094,19.92324274,19.97602953,23912819.0,638232609.0,600588.SH
2019-06-28,20.04389826,20.27012736,19.7573414,20.27012736,19883360.0,529927560.0,600588.SH
2019-07-01,20.77537235,21.0393063,20.32291415,20.94881466,34278601.0,944542083.0,600588.SH
2019-07-02,20.74520847,20.86586399,20.07406214,20.27766833,25380351.0,689171513.0,600588.SH
2019-07-03,20.08160311,20.2097996,19.3802929,19.68947267,25818918.0,671934456.0,600588.SH
2019-07-04,19.68947267,19.97602953,19.3048832,19.72717752,16802544.0,437268331.0,600588.SH
2019-07-05,19.71963655,19.87045595,19.41799775,19.71209558,14952811.0,389293946.0,600588.SH
2019-07-08,19.53865327,19.82521013,18.83734306,19.0786541,19969953.0,509803684.0,600588.SH
2019-07-09,19.14652283,19.34258805,18.81472015,19.19930962,15285070.0,387468579.0,600588.SH
2019-07-10,19.23701447,19.35766999,18.90521179,19.02586731,10153336.0,257287866.0,600588.SH
2019-07-11,19.3048832,19.34258805,18.93537567,19.04094925,10546971.0,267906908.0,600588.SH
2019-07-12,19.10881798,19.20685059,18.85996597,19.05603119,8135321.0,205676329.0,600588.SH
2019-07-15,19.05603119,20.5114384,18.85996597,20.31537318,34826679.0,921452697.0,600588.SH
2019-07-16,20.1343899,20.82061817,20.04389826,20.5868481,26075347.0,707326691.0,600588.SH
2019-07-17,20.5868481,20.73012653,20.30783221,20.32291415,16333674.0,443656721.0,600588.SH
2019-07-18,20.31537318,20.50389743,20.0589802,20.26258639,15071095.0,404855220.0,600588.SH
2019-07-19,20.35307803,20.42848773,20.0589802,20.17963572,14266435.0,383185896.0,600588.SH
2019-07-22,20.34553706,20.34553706,19.47832551,19.8327511,12932281.0,343886712.0,600588.SH
2019-07-23,20.0589802,20.85832302,19.84029207,20.8130772,25146834.0,683968464.0,600588.SH
2019-07-24,20.86586399,21.95930464,20.69996265,21.2655354,39418629.0,1114716924.0,600588.SH
2019-07-25,21.37864995,21.68028875,21.1901257,21.43143674,23115909.0,656844680.0,600588.SH
2019-07-26,21.27307637,21.47668256,20.94127369,21.33340413,20042536.0,563463826.0,600588.SH
2019-07-29,21.43897771,22.14028792,21.35602704,22.0196324,24691134.0,714435143.0,600588.SH
2019-07-30,22.0196324,22.0196324,21.34848607,21.37110898,22504327.0,646322732.0,600588.SH
2019-07-31,21.40127286,21.868813,21.3409451,21.68028875,16529013.0,474387782.0,600588.SH
2019-08-01,21.68028875,21.83110815,21.27307637,21.46160062,17398699.0,496351017.0,600588.SH
2019-08-02,20.8130772,21.78586233,20.54914325,21.49930547,20868887.0,590439684.0,600588.SH
2019-08-05,21.25799443,21.7934033,20.79799526,20.8884869,20531493.0,577968551.0,600588.SH
2019-08-06,20.60193004,20.7376675,19.71209558,20.48881549,28037408.0,753398594.0,600588.SH
2019-08-07,20.56422519,20.69242168,20.09668505,20.17209475,13577957.0,366605066.0,600588.SH
2019-08-08,20.360619,20.72258556,20.2097996,20.69242168,13217587.0,359160264.0,600588.SH
2019-08-09,20.95635563,21.55209226,20.77537235,20.89602787,26277796.0,736938529.0,600588.SH
2019-08-12,20.94881466,21.61242002,20.61701198,21.58979711,21392524.0,600536652.0,600588.SH
2019-08-13,21.2655354,21.52946935,20.94127369,21.22028958,15342949.0,431838711.0,600588.SH
2019-08-14,21.68782972,21.98192755,21.43897771,21.77832136,21877151.0,629712520.0,600588.SH
2019-08-15,21.1901257,23.48258058,21.18258473,23.33930215,44159533.0,1318398257.0,600588.SH
2019-08-16,23.11307305,24.04061236,22.91700783,23.5278264,36994227.0,1149144078.0,600588.SH
2019-08-19,23.9802846,24.34979213,23.28651536,23.81438326,44582880.0,1409250645.0,600588.SH
2019-08-20,23.92749781,24.25930049,23.36946603,23.64094095,30549927.0,964111674.0,600588.SH
2019-08-21,23.56553125,23.69372774,23.23372857,23.52028543,21657778.0,673959893.0,600588.SH
2019-08-22,23.6786458,23.92749781,23.15831887,23.82192423,21782967.0,681087395.0,600588.SH
2019-08-23,23.7540555,23.95766169,23.33176118,23.57307222,16883803.0,529030105.0,600588.SH
2019-08-26,23.2261876,23.84454714,23.18848275,23.63339998,19283785.0,602816044.0,600588.SH
2019-08-27,23.86717005,25.01339749,23.4524167,24.885201,36679931.0,1192008732.0,600588.SH
2019-08-28,24.65143093,25.35274114,24.60618511,24.8097913,27314583.0,906645022.0,600588.SH
2019-08-29,24.78716839,25.54880636,24.70421772,24.96815167,23864659.0,797170220.0,600588.SH
2019-08-30,25.2622495,26.00126456,23.97274363,24.18389079,33474812.0,1098317505.0,600588.SH
2019-09-02,24.17634982,25.73733061,24.17634982,25.60159315,29365901.0,973173415.0,600588.SH
2019-09-03,25.4884786,25.78257643,25.11897107,25.70716673,20828895.0,703920428.0,600588.SH
2019-09-04,25.5638883,25.99372359,25.15667592,25.50356054,20535461.0,695453983.0,600588.SH
2019-09-05,25.9409368,27.39634401,25.60913412,26.52913246,35173378.0,1230015780.0,600588.SH
2019-09-06,26.52913246,26.89109902,25.4130689,25.85798613,28280337.0,975734192.0,600588.SH
2019-09-09,26.0163465,26.86847611,25.639298,26.8458532,27950392.0,978449444.0,600588.SH
2019-09-10,26.4688047,26.75536156,25.91831389,26.19732978,23624716.0,821798747.0,600588.SH
2019-09-11,26.3179853,26.56683731,25.64683897,26.05405135,18333754.0,631572353.0,600588.SH
2019-09-12,26.25011657,26.30290336,25.74487158,26.07667426,13057872.0,451408364.0,600588.SH
2019-09-16,26.11437911,26.49896858,25.54126539,25.69208479,26777542.0,921589645.0,600588.SH
2019-09-17,25.75995352,25.95601874,25.1114301,25.64683897,23657704.0,801639464.0,600588.SH
2019-09-18,25.72224867,25.75241255,25.14913495,25.69962576,17020461.0,574780126.0,600588.SH
2019-09-19,25.64683897,26.2425756,25.2622495,26.2425756,24332070.0,832251388.0,600588.SH
2019-09-20,26.25765754,26.55929634,25.95601874,26.12946105,20142372.0,700201547.0,600588.SH
2019-09-23,26.03896941,26.03896941,24.09339915,24.81733227,49047422.0,1607327865.0,600588.SH
2019-09-24,24.82487324,25.61667509,24.54585735,25.10388913,27847190.0,928431307.0,600588.SH
2019-09-25,25.05110234,25.3376592,24.17634982,24.59864414,21114462.0,690572247.0,600588.SH
2019-09-26,24.87766003,24.87766003,23.42225282,23.9048749,23758403.0,755744422.0,600588.SH
2019-09-27,23.94257975,24.04815333,23.4524167,23.6032361,18196121.0,572511467.0,600588.SH
2019-09-30,23.74651453,23.97274363,23.21110566,23.29405633,15033887.0,469745039.0,600588.SH
2019-10-08,23.39962991,23.88979296,23.2261876,23.31667924,14651560.0,457852873.0,600588.SH
2019-10-09,23.31667924,23.95012072,22.9999585,23.65602289,15624538.0,488736454.0,600588.SH
2019-10-10,23.79930132,24.2819234,23.49766252,24.2065137,19631765.0,623014865.0,600588.SH
2019-10-11,24.3573331,24.59110317,23.45995767,23.78421938,23828397.0,755786828.0,600588.SH
2019-10-14,24.10848109,24.25175952,23.73143259,24.11602206,18442930.0,587256451.0,600588.SH
2019-10-15,23.9802846,23.9802846,22.73602455,22.96979462,26300679.0,808485257.0,600588.SH
2019-10-16,23.09045014,23.65602289,22.81897522,23.27897439,19596519.0,604990692.0,600588.SH
2019-10-17,23.27897439,23.49012155,23.11307305,23.27143342,9142270.0,282517724.0,600588.SH
2019-10-18,23.33176118,23.61831804,22.83405716,22.83405716,11077774.0,340459613.0,600588.SH
2019-10-21,22.83405716,23.1507779,22.35143508,22.9999585,11427347.0,345956826.0,600588.SH
2019-10-22,22.99241753,23.79176035,22.99241753,23.74651453,17414220.0,544581413.0,600588.SH
2019-10-23,23.66356386,23.7540555,22.99241753,23.10553208,14558348.0,450473684.0,600588.SH
2019-10-24,23.12061402,23.17340081,22.53995933,22.79635231,10817216.0,326895809.0,600588.SH
2019-10-25,22.81143425,23.09799111,22.56258224,23.0753682,8612906.0,261048530.0,600588.SH
2019-10-28,24.46290668,25.09634816,23.76913744,24.81733227,51055786.0,1648638752.0,600588.SH
2019-10-29,24.26684146,24.48552959,22.9999585,22.9999585,42904000.0,1343018235.0,600588.SH
2019-10-30,22.8491391,22.8491391,21.74061651,22.2458615,24440543.0,721438572.0,600588.SH
2019-10-31,22.26094344,22.96225365,22.04979628,22.29864829,19267396.0,573771056.0,600588.SH
2019-11-01,22.13274695,22.44946769,21.92914076,22.26094344,13236075.0,389765015.0,600588.SH
2019-11-04,22.3212712,22.84159813,22.19307471,22.41930381,18646066.0,558060269.0,600588.SH
2019-11-05,22.5475003,22.61536903,22.20061568,22.3212712,18874225.0,559546863.0,600588.SH
2019-11-06,22.28356635,22.44192672,21.78586233,21.98192755,16982635.0,496378779.0,600588.SH
2019-11-07,21.87635397,22.37405799,21.80094427,22.30618926,12829184.0,377327744.0,600588.SH
2019-11-08,22.53995933,22.60782806,22.30618926,22.3212712,13349516.0,397554080.0,600588.SH
2019-11-11,22.0196324,22.20815665,21.4163548,21.63504293,13292722.0,384632344.0,600588.SH
2019-11-12,21.63504293,21.83864912,21.14487988,21.63504293,10757019.0,306077450.0,600588.SH
2019-11-13,21.6425839,21.93668173,21.57471517,21.71045263,12498016.0,360968024.0,600588.SH
2019-11-14,21.82356718,22.59274612,21.66520681,22.32881217,18676360.0,548480486.0,600588.SH
2019-11-15,22.36651702,23.1507779,22.2458615,22.8491391,27192202.0,822461904.0,600588.SH
2019-11-18,22.6983197,22.90192589,22.2458615,22.51733642,15050282.0,450178325.0,600588.SH
2019-11-19,22.59274612,22.78127037,22.30618926,22.76618843,18483464.0,552618641.0,600588.SH
2019-11-20,22.81897522,23.42225282,22.6983197,22.87176201,23828186.0,729398454.0,600588.SH
2019-11-21,22.81143425,22.81143425,22.34389411,22.41176284,14625442.0,436940813.0,600588.SH
2019-11-22,22.53241836,22.75864746,21.73307554,21.83110815,16888766.0,496095414.0,600588.SH
2019-11-25,21.75569845,21.75569845,20.57176616,21.01668339,21506654.0,600153088.0,600588.SH
2019-11-26,21.24291249,21.2655354,20.83570011,21.1901257,13272984.0,369986583.0,600588.SH
2019-11-27,21.02422436,21.25799443,20.77537235,20.98651951,9377608.0,261258868.0,600588.SH
2019-11-28,20.93373272,21.15996182,20.8130772,21.00160145,8309387.0,231145911.0,600588.SH
2019-11-29,21.00160145,21.00914242,20.66979877,20.93373272,10562427.0,291896762.0,600588.SH
2019-12-02,21.0393063,21.2655354,20.84324108,20.94881466,11331837.0,316382828.0,600588.SH
2019-12-03,20.86586399,21.24291249,20.8130772,21.22783055,9784875.0,273148511.0,600588.SH
2019-12-04,21.07701115,21.61242002,21.00160145,21.50684644,12027183.0,341026457.0,600588.SH
2019-12-05,21.57471517,21.86127203,21.4163548,21.73307554,16582993.0,475629478.0,600588.SH
2019-12-06,21.6425839,21.83864912,21.47668256,21.77832136,12352139.0,355060106.0,600588.SH
2019-12-09,21.80848524,22.32881217,21.65012487,22.14028792,18087477.0,529160820.0,600588.SH
2019-12-10,22.08750113,22.23077956,21.81602621,22.14028792,13025327.0,380718419.0,600588.SH
2019-12-11,22.16291083,22.41176284,21.72553457,21.72553457,14338407.0,418879316.0,600588.SH
2019-12-12,21.75569845,22.29864829,21.63504293,21.98192755,14535160.0,424000601.0,600588.SH
2019-12-13,22.30618926,22.3966809,21.97438658,22.3966809,17369074.0,511748919.0,600588.SH
2019-12-16,22.58520515,22.99241753,22.43438575,22.96225365,22927960.0,692434013.0,600588.SH
2019-12-17,22.9245488,23.13569596,22.62291,22.90946686,21015487.0,637492870.0,600588.SH
2019-12-18,22.88684395,23.18094178,22.70586067,22.7737294,16055931.0,487569253.0,600588.SH
2019-12-19,22.7737294,22.96225365,22.41176284,22.57766418,14120053.0,422810760.0,600588.SH
2019-12-20,22.58520515,22.7737294,21.98192755,22.0196324,14579341.0,430736800.0,600588.SH
2019-12-23,21.87635397,22.14028792,21.32586316,21.37110898,15237474.0,438218086.0,600588.SH
2019-12-24,21.35602704,21.76323942,21.13733891,21.60487905,14224958.0,403358338.0,600588.SH
2019-12-25,21.53701032,21.89897688,21.43897771,21.62750196,11913137.0,342831638.0,600588.SH
2019-12-26,21.6425839,21.80848524,21.49930547,21.77832136,7555272.0,217208718.0,600588.SH
2019-12-27,21.83110815,21.97438658,21.20520764,21.22783055,16610421.0,474655944.0,600588.SH
2019-12-30,21.24291249,21.55209226,20.9638966,21.32586316,14156095.0,400116382.0,600588.SH
2019-12-31,21.4163548,21.74815748,21.40127286,21.4163548,12771762.0,364527761.0,600588.SH
2020-01-02,21.55963323,22.85668007,21.55963323,22.81897522,41129667.0,1221814231.0,600588.SH
2020-01-03,22.87930298,23.0753682,22.55504127,22.87176201,24742267.0,747769176.0,600588.SH
2020-01-06,22.73602455,23.44487573,22.5475003,23.11307305,33807082.0,1036167065.0,600588.SH
2020-01-07,23.26389245,23.36946603,22.9245488,23.27143342,21803479.0,669886799.0,600588.SH
2020-01-08,23.00749947,23.31667924,22.93208977,23.12061402,27366559.0,838173483.0,600588.SH
2020-01-09,23.36192506,24.0556943,23.3015973,23.71635065,34678402.0,1089033939.0,600588.SH
2020-01-10,23.94257975,24.04061236,23.16585984,23.26389245,31346757.0,974613379.0,600588.SH
2020-01-13,23.33930215,24.29700534,23.30913827,24.24421855,58592806.0,1858517247.0,600588.SH
2020-01-14,24.41766086,24.41766086,23.8294652,23.9802846,39177259.0,1251865473.0,600588.SH
2020-01-15,23.96520266,24.12356303,23.51274446,24.0556943,19945016.0,632599451.0,600588.SH
2020-01-16,24.09339915,24.26684146,23.82192423,23.92749781,16473796.0,524729456.0,600588.SH
2020-01-17,24.71175869,25.06618428,24.13864497,24.65143093,40644395.0,1330240118.0,600588.SH
2020-01-20,24.80225033,25.84290419,24.33471019,25.55634733,34695991.0,1161019341.0,600588.SH
2020-01-21,25.29995435,25.91831389,25.1114301,25.3376592,21618932.0,730360671.0,600588.SH
2020-01-22,25.32257726,26.13700202,24.54585735,25.62421606,27222603.0,916354469.0,600588.SH
2020-01-23,25.39044599,25.89569098,24.24421855,24.55339832,30642315.0,1017147968.0,600588.SH
2020-02-03,22.0950421,22.90946686,22.0950421,22.0950421,39386932.0,1157683933.0,600588.SH
2020-02-04,22.31373023,23.83700617,22.2458615,23.71635065,42826722.0,1315092114.0,600588.SH
2020-02-05,24.131104,25.3376592,23.88979296,24.56848026,33728113.0,1106123538.0,600588.SH
2020-02-06,24.89274197,27.02683648,24.5835622,27.02683648,33411102.0,1160395026.0,600588.SH
2020-02-07,28.64814503,29.5606024,27.56978632,28.7310957,67365450.0,2542439661.0,600588.SH
2020-02-10,28.62552212,30.07338836,27.93929385,29.13076711,56613678.0,2183663410.0,600588.SH
2020-02-11,29.1835539,29.53797949,28.29371944,29.20617681,39823796.0,1533709711.0,600588.SH
2020-02-12,29.0327345,32.1245322,28.67830891,32.1245322,67890892.0,2777328924.0,600588.SH
2020-02-13,31.5966643,32.9540389,30.75207566,31.91338504,70825053.0,2983454391.0,600588.SH
2020-02-14,31.45338587,34.0851844,31.33273035,32.18485996,46250629.0,1998881216.0,600588.SH
2020-02-17,32.7278098,33.67043105,31.95863086,33.18780897,36858724.0,1608493445.0,600588.SH
2020-02-18,32.426171,33.934365,32.426171,33.71567687,47571940.0,2095614502.0,600588.SH
2020-02-19,33.24813673,34.00223373,32.84092435,32.84846532,43975293.0,1950965243.0,600588.SH
2020-02-20,32.52420361,33.38387419,32.01141765,32.64485913,52188783.0,2258331095.0,600588.SH
2020-02-21,32.6524001,34.68092103,32.6524001,33.94190597,42898413.0,1934577194.0,600588.SH
2020-02-24,33.79108657,36.5737045,33.69305396,35.53305064,42139660.0,1973847378.0,600588.SH
2020-02-25,34.7638717,36.37763928,32.44879391,34.92223207,48988811.0,2257793975.0,600588.SH
2020-02-26,33.8589553,34.688462,32.72026883,34.3868232,54789098.0,2445832203.0,600588.SH
2020-02-27,34.02485664,37.82550552,34.02485664,37.82550552,74357282.0,3617450496.0,600588.SH
2020-02-28,36.5737045,37.50124381,34.58288842,34.73370782,61188699.0,2930883064.0,600588.SH
2020-03-02,35.7441978,38.21009499,33.67797202,37.2523918,59197230.0,2863060234.0,600588.SH
2020-03-03,37.8556694,40.97763098,37.44845702,40.27632077,57716127.0,3044513811.0,600588.SH
2020-03-04,39.8917313,41.36222045,36.24944279,37.09403143,63456876.0,3200227541.0,600588.SH
2020-03-05,37.83304649,38.0818985,34.44715096,35.55567355,64574707.0,3069738226.0,600588.SH
2020-03-06,34.65829812,36.00813175,34.12288925,35.08059244,32372757.0,1512320313.0,600588.SH
2020-03-09,34.25108574,34.25108574,32.426171,33.0294486,43328687.0,1920338189.0,600588.SH
2020-03-10,33.31600546,34.30387253,31.98879474,34.1605941,47966105.0,2131486662.0,600588.SH
2020-03-11,34.13797119,34.13797119,32.06420444,32.1245322,44253272.0,1935046200.0,600588.SH
2020-03-12,31.672074,32.91633405,30.93305894,32.39600712,36767290.0,1555551365.0,600588.SH
2020-03-13,30.6917479,33.89666015,30.6917479,33.02190763,43313315.0,1871049281.0,600588.SH
2020-03-16,32.7278098,33.69305396,30.92551797,31.33273035,35521826.0,1525710101.0,600588.SH
2020-03-17,32.5015807,33.47436583,31.0687964,33.15010412,45392368.0,1955324484.0,600588.SH
2020-03-18,33.180268,34.14551216,31.88322116,32.05666347,39422568.0,1737233707.0,600588.SH
2020-03-19,31.8228934,33.47436583,31.30256647,33.2556777,35527937.0,1540268652.0,600588.SH
2020-03-20,33.83633239,34.0097747,32.37338421,33.1048583,24267755.0,1065060290.0,600588.SH
2020-03-23,32.01141765,32.98420278,31.2950255,31.46846781,24800405.0,1050841382.0,600588.SH
2020-03-24,32.2753516,32.99174375,28.655686,30.35240425,50832148.0,2066928470.0,600588.SH
2020-03-25,31.2950255,32.23010578,30.97830476,31.95863086,32636623.0,1367452368.0,600588.SH
2020-03-26,31.98125377,33.44420195,31.37797617,32.54682652,36818702.0,1600061775.0,600588.SH
2020-03-27,33.08977636,33.180268,31.3704352,31.672074,25542638.0,1082379122.0,600588.SH
2020-03-30,31.0687964,32.10945026,30.20158485,31.06125543,24150868.0,996026257.0,600588.SH
2020-03-31,31.53633654,31.55895945,30.25437164,30.51076462,17724580.0,723682715.0,600588.SH
2020-04-01,30.60879723,32.10190929,30.40519104,30.9933867,26688050.0,1106759896.0,600588.SH
2020-04-02,31.19699289,33.0294486,30.91043603,32.9540389,29709415.0,1264764748.0,600588.SH
2020-04-03,32.58453137,32.87108823,32.10945026,32.39600712,21359924.0,919141851.0,600588.SH
2020-04-07,33.0294486,33.61764426,32.8032195,33.30092352,28373816.0,1249792065.0,600588.SH
2020-04-08,33.0294486,34.19829895,32.78813756,33.1048583,22632418.0,1002582773.0,600588.SH
2020-04-09,33.15764509,33.42157904,32.48649876,33.05207151,15678179.0,685543096.0,600588.SH
2020-04-10,33.0294486,33.04453054,31.46846781,31.87568019,18944381.0,808895589.0,600588.SH
2020-04-13,31.31010744,31.71731982,30.77469857,30.77469857,13114401.0,542491390.0,600588.SH
2020-04-14,31.24977968,32.14715511,31.00092767,32.1245322,16646348.0,698428763.0,600588.SH
2020-04-15,32.2753516,33.30092352,32.1999419,32.61469525,22317121.0,971691315.0,600588.SH
2020-04-16,32.21502384,33.69305396,32.21502384,33.45928389,21971322.0,967002767.0,600588.SH
2020-04-17,33.80616851,35.442559,33.7081359,34.00223373,31793249.0,1453800143.0,600588.SH
2020-04-20,34.10780731,34.87698625,33.57993941,34.52256066,17280200.0,786321909.0,600588.SH
2020-04-21,33.98715179,34.93731401,33.7835456,34.6130523,16742572.0,762754780.0,600588.SH
2020-04-22,34.28124962,34.58288842,33.3310874,34.1605941,17403129.0,784179426.0,600588.SH
2020-04-23,34.32649544,34.32649544,33.33862837,33.4064971,11006750.0,491287994.0,600588.SH
2020-04-24,33.4064971,33.79862754,32.53174458,32.6524001,11669678.0,510874396.0,600588.SH
2020-04-27,32.65994107,33.39141516,32.16223705,32.90879308,12932649.0,562929989.0,600588.SH
2020-04-28,32.9540389,33.51207068,31.5966643,33.1048583,15785645.0,687515703.0,600588.SH
2020-04-29,33.180268,34.09272537,33.1048583,33.54977553,15538339.0,695252089.0,600588.SH
2020-04-30,32.64485913,35.85731235,32.426171,34.9901008,37587807.0,1725240884.0,600588.SH
2020-05-06,34.80157655,36.10616436,34.59797036,35.88747623,23058772.0,1082044991.0,600588.SH
2020-05-07,36.4228851,36.43042607,34.89960916,35.15600214,18950455.0,891216425.0,600588.SH
2020-05-08,35.60846034,36.68681905,35.60091937,35.71403392,19412230.0,927749155.0,600588.SH
2020-05-11,36.196656,36.3474754,34.8392814,35.5179687,17047878.0,806350003.0,600588.SH
2020-05-12,35.32944445,35.6687881,34.58288842,35.2163299,13964043.0,649305378.0,600588.SH
2020-05-13,35.20124796,35.95534496,34.77141267,35.442559,14784303.0,695707378.0,600588.SH
2020-05-14,35.35206736,37.0261627,35.2163299,36.30977055,23414963.0,1125990809.0,600588.SH
2020-05-15,36.59632741,37.8556694,35.71403392,37.23730986,27653238.0,1353694214.0,600588.SH
2020-05-18,37.72747291,38.14222626,36.38518025,37.1015724,19142313.0,952093870.0,600588.SH
2020-05-19,37.63372446,39.69328152,37.60416144,38.31367392,20034040.0,782278172.0,600588.SH
2020-05-20,37.97862636,38.12644146,35.968341,36.15557346,32027712.0,1199815662.0,600588.SH
2020-05-21,37.06217274,38.2841109,36.68770782,37.30853124,37933752.0,1447175685.0,600588.SH
2020-05-22,37.30853124,37.62387012,35.63329344,35.7712542,22740711.0,837276757.0,600588.SH
2020-05-25,35.7712542,35.968341,34.5887334,34.84494624,17180802.0,611038718.0,600588.SH
2020-05-26,35.3770806,36.2146995,35.33766324,35.8697976,15309496.0,556707366.0,600588.SH
2020-05-27,36.00775836,36.08659308,34.49019,34.66756812,19461089.0,691391808.0,600588.SH
2020-05-28,34.8350919,34.8350919,33.63286242,34.20441414,20768146.0,718507188.0,600588.SH
2020-05-29,33.98761866,35.26868286,33.7511145,34.3916466,18641269.0,655952946.0,600588.SH
2020-06-01,34.982907,36.52018404,34.982907,36.22455384,29216090.0,1069846621.0,600588.SH
2020-06-02,36.22455384,36.91435764,36.05703006,36.2146995,15022215.0,554918560.0,600588.SH
2020-06-03,36.52018404,36.53003838,35.48547834,35.73183684,17962790.0,654421461.0,600588.SH
2020-06-04,35.76139986,35.85994326,34.72669416,34.982907,16295884.0,580873840.0,600588.SH
2020-06-05,35.10115908,35.48547834,34.9336353,35.33766324,12370022.0,441738087.0,600588.SH
2020-06-08,35.46576966,35.53475004,34.49019,34.56902472,18400487.0,650288357.0,600588.SH
2020-06-09,34.75625718,34.982907,34.23397716,34.90407228,13436396.0,473785348.0,600588.SH
2020-06-10,34.8843636,35.33766324,34.45077264,35.26868286,17131802.0,606227324.0,600588.SH
2020-06-11,35.29824588,36.4117863,34.8843636,35.79096288,24407885.0,884937007.0,600588.SH
2020-06-12,34.982907,36.39207762,34.74640284,35.19970248,27998170.0,1014906879.0,600588.SH
2020-06-15,35.46576966,36.953775,35.36722626,35.99790402,29302960.0,1081592552.0,600588.SH
2020-06-16,36.52018404,36.76654254,35.78110854,36.52018404,21539807.0,794130260.0,600588.SH
2020-06-17,36.94392066,38.09687844,36.37236894,37.65343314,28054613.0,1066106562.0,600588.SH
2020-06-18,37.46620068,39.35823396,37.2494052,38.74726488,31116501.0,1209190026.0,600588.SH
2020-06-19,38.74726488,39.09216678,38.22498486,38.65857582,22390069.0,878092869.0,600588.SH
2020-06-22,39.2695449,39.7622619,38.83595394,39.43706868,22854577.0,913071851.0,600588.SH
2020-06-23,39.41736,42.79739862,38.68813884,41.94007104,35781498.0,1478534418.0,600588.SH
2020-06-24,41.6838582,43.4576394,41.40793668,43.0634658,27467774.0,1183198938.0,600588.SH
2020-06-29,42.7678356,43.24084392,41.6838582,42.15686652,21833398.0,936870588.0,600588.SH
2020-06-30,42.09774048,45.22156626,42.09774048,43.4576394,24640682.0,1094499549.0,600588.SH
2020-07-01,43.28026128,47.300832,42.6692922,46.5124848,34832634.0,1568938296.0,600588.SH
2020-07-02,46.1183112,46.808115,44.6401602,45.329964,33695752.0,1557782734.0,600588.SH
2020-07-03,45.40879872,46.29568932,44.1474432,45.34967268,21984552.0,1008563694.0,600588.SH
2020-07-06,45.329964,49.1238849,44.89637304,47.50777314,30118838.0,1438872395.0,600588.SH
2020-07-07,48.02019882,52.15902162,47.793549,50.257134,33706917.0,1713067953.0,600588.SH
2020-07-08,49.9122321,51.13417026,49.25199132,50.85824874,24581599.0,1254457739.0,600588.SH
2020-07-09,50.34582306,53.5583379,50.257134,51.8831001,25454180.0,1346613175.0,600588.SH
2020-07-10,51.60717858,53.18387298,50.63159892,51.32140272,24030204.0,1264060207.0,600588.SH
2020-07-13,50.749851,52.5236322,50.257134,51.1932963,30926883.0,1606016816.0,600588.SH
2020-07-14,50.5527642,50.749851,48.69029394,49.43922378,42945253.0,2159703061.0,600588.SH
2020-07-15,49.60674756,50.53305552,47.88223806,48.286266,40310799.0,2008360617.0,600588.SH
2020-07-16,48.286266,49.5180585,43.4576394,44.53176246,45252177.0,2124616991.0,600588.SH
2020-07-17,45.6748659,45.9704961,43.51676544,44.4430734,28666971.0,1299999607.0,600588.SH
2020-07-20,45.33981834,45.56646816,43.42807638,44.84710134,24595014.0,1110703118.0,600588.SH
2020-07-21,45.17229456,46.94607576,44.8865187,45.22156626,28450734.0,1322024970.08,600588.SH
2020-07-22,44.4430734,46.9066584,44.42336472,46.23656328,29260898.0,1371673183.08,600588.SH
2020-07-23,46.02962214,46.73913462,44.9357904,46.13801988,21008814.0,979078857.91,600588.SH
2020-07-24,45.9212244,46.6602999,41.7824016,43.1127375,38173244.0,1702911506.55,600588.SH
2020-07-27,42.8171073,44.1967149,42.80725296,43.359096,17564279.0,772877988.21,600588.SH
2020-07-28,43.66458054,44.16715188,42.7185639,43.67443488,13506717.0,594491665.68,600588.SH
2020-07-29,44.0488998,46.50263046,43.83210432,46.00005912,33268503.0,1547629245.2,600588.SH
2020-07-30,46.24641762,46.94607576,44.86681002,46.19714592,27605996.0,1284522940.79,600588.SH
2020-07-31,46.19714592,47.17272558,45.4285074,46.33510668,26142304.0,1229897521.88,600588.SH
2020-08-03,46.0197678,47.9413641,46.00991346,47.72456862,27822470.0,1332595187.67,600588.SH
2020-08-04,47.72456862,48.71000262,46.45335876,47.01505614,23311862.0,1121487183.09,600588.SH
2020-08-05,48.286266,48.4833528,46.315398,46.47306744,20070788.0,957265720.54,600588.SH
2020-08-06,47.29097766,47.29097766,45.0343338,45.74384628,23063462.0,1069534349.44,600588.SH
2020-08-07,45.33981834,46.23656328,44.13758886,44.72884926,24467769.0,1122694830.42,600588.SH
2020-08-10,45.10331418,46.2661263,44.26569528,45.329964,23050702.0,1056994863.47,600588.SH
2020-08-11,45.4777791,45.9212244,43.89123036,44.1474432,15445818.0,705196394.98,600588.SH
2020-08-12,44.32482132,44.33467566,42.0780318,43.28026128,22300036.0,970386238.18,600588.SH
2020-08-13,43.49705676,43.97991942,42.866379,43.22113524,13378983.0,589902629.57,600588.SH
2020-08-14,43.46749374,44.38394736,43.09302882,44.30511264,12708205.0,564578135.6,600588.SH
2020-08-17,44.36423868,44.7879753,43.5561828,44.26569528,19888791.0,894506678.73,600588.SH
2020-08-18,44.34453,45.34967268,43.96021074,44.7879753,18282135.0,830999405.37,600588.SH
2020-08-19,44.65001454,44.837247,43.17186354,43.28026128,14530623.0,647304472.46,600588.SH
2020-08-20,42.866379,43.98977376,41.96963406,42.373662,16767736.0,726404337.03,600588.SH
2020-08-21,42.84667032,42.85652466,41.388228,41.84152764,18764940.0,798474452.98,600588.SH
2020-08-24,42.09774048,42.87623334,41.05318044,42.6200205,15880180.0,680611545.17,600588.SH
2020-08-25,43.03390278,43.15215486,42.0780318,42.3243903,9654202.0,416566297.82,600588.SH
2020-08-26,42.5214771,42.7185639,40.36337664,40.54075476,16535651.0,692254781.11,600588.SH
2020-08-27,40.87580232,42.63972918,40.81667628,42.44264238,21375344.0,909763963.09,600588.SH
2020-08-28,42.65943786,43.15215486,41.89079934,43.15215486,13446657.0,581788072.43,600588.SH
2020-08-31,42.79739862,43.359096,41.2404129,41.29953894,32870559.0,1397900248.62,600588.SH
2020-09-01,41.37837366,41.79225594,40.41264834,41.69371254,16000898.0,669501771.07,600588.SH
2020-09-02,41.880945,43.3098243,41.29953894,42.90579636,23717523.0,1020298130.03,600588.SH
2020-09-03,42.866379,42.866379,41.31924762,41.60502348,19856361.0,842368626.09,600588.SH
2020-09-04,40.8462393,41.90065368,39.6144468,40.33381362,23615222.0,970979208.91,600588.SH
2020-09-07,40.39293966,40.67871552,38.924643,39.00347772,16527836.0,667289832.38,600588.SH
2020-09-08,39.30896226,39.35823396,38.51076072,39.0231864,10826638.0,427284087.25,600588.SH
2020-09-09,38.6290128,38.6290128,37.0523184,37.06217274,20834866.0,796360280.53,600588.SH
2020-09-10,37.72241352,38.36294562,37.2986769,37.36765728,17933518.0,688781913.51,600588.SH
2020-09-11,38.2348392,38.2348392,37.18042482,37.85051994,13615156.0,520719493.43,600588.SH
2020-09-14,38.2348392,38.7768279,37.4957637,37.939209,13695363.0,530295820.31,600588.SH
2020-09-15,37.939209,38.65857582,37.5450354,38.3826543,14022130.0,544760284.56,600588.SH
2020-09-16,38.39250864,38.5797411,37.41692898,37.65343314,11674935.0,448314440.39,600588.SH
2020-09-17,37.41692898,37.95891768,36.76654254,37.50561804,22124102.0,837833351.36,600588.SH
2020-09-18,37.56474408,38.42207166,37.37751162,38.42207166,15691564.0,604180960.34,600588.SH
2020-09-21,38.58959544,39.14143848,38.07716976,38.24469354,14463829.0,566734122.05,600588.SH
2020-09-22,38.0377524,38.74726488,37.7421222,37.9884807,11441134.0,444752163.32,600588.SH
2020-09-23,38.0870241,38.69799318,37.9884807,38.4811977,10524460.0,409887029.22,600588.SH
2020-09-24,38.22498486,38.37279996,37.0523184,37.08188142,12943693.0,491737356.73,600588.SH
2020-09-25,37.17057048,37.6435788,37.17057048,37.43663766,6347155.0,240984244.72,600588.SH
2020-09-28,37.14100746,37.87022862,37.14100746,37.23955086,8000163.0,304122139.16,600588.SH
2020-09-29,37.8406656,38.7275562,37.446492,38.51076072,17707374.0,687994525.49,600588.SH
2020-09-30,38.6290128,38.7275562,37.4957637,37.65343314,13751643.0,530798463.65,600588.SH
2020-10-09,38.6290128,41.2896846,38.45163468,40.895511,29344667.0,1196780060.82,600588.SH
2020-10-12,41.37837366,43.2112809,41.05318044,42.45249672,32556652.0,1395897135.36,600588.SH
2020-10-13,42.36380766,43.2112809,41.89079934,42.94521372,18314929.0,795918099.65,600588.SH
2020-10-14,42.95506806,44.00948244,42.45249672,42.65943786,19799170.0,866640381.07,600588.SH
2020-10-15,43.4576394,44.25584094,42.23570124,43.9010847,35443988.0,1567370617.1,600588.SH
2020-10-16,43.89123036,44.52190812,42.5707488,42.78754428,18762491.0,825995998.38,600588.SH
2020-10-19,43.1127375,43.6547262,42.3243903,42.73827258,14955692.0,651105286.83,600588.SH
2020-10-20,42.77768994,42.94521372,42.20613822,42.8171073,11663697.0,503869748.94,600588.SH
2020-10-21,42.95506806,42.95506806,41.0925978,41.46706272,16071711.0,680591937.71,600588.SH
2020-10-22,41.44735404,41.6345865,40.402794,40.82653062,11413655.0,474813322.67,600588.SH
2020-10-23,41.20099554,41.47691706,40.0086204,40.402794,8212911.0,339201384.66,600588.SH
2020-10-26,40.24512456,42.5707488,40.12687248,41.89079934,16215314.0,685338819.78,600588.SH
2020-10-27,41.7331299,43.1620092,41.39808234,42.74812692,17221186.0,741461033.3,600588.SH
2020-10-28,43.34924166,43.34924166,42.373662,42.9156507,15122964.0,658467160.24,600588.SH
2020-10-29,42.56089446,43.43793072,42.1273035,43.2605526,14884426.0,647348134.45,600588.SH
2020-10-30,43.29011562,43.78283262,42.2751186,42.5214771,16055172.0,704071636.25,600588.SH
2020-11-02,42.95506806,44.3938017,42.88608768,44.34453,24956133.0,1110577153.55,600588.SH
2020-11-03,44.34453,46.03947648,44.00948244,45.31025532,23402946.0,1072401356.3,600588.SH
2020-11-04,45.3792357,45.71428326,44.81753832,45.09345984,10558390.0,485015577.41,600588.SH
2020-11-05,45.70442892,46.22670894,44.6401602,45.15258588,19183244.0,883259864.36,600588.SH
2020-11-06,45.0343338,45.98035044,44.35438434,45.6748659,15302358.0,704145017.9,600588.SH
2020-11-09,45.6748659,48.4833528,45.36938136,47.6950056,28246059.0,1360804349.97,600588.SH
2020-11-10,47.300832,47.8920924,46.32525234,47.26141464,17241145.0,825535768.95,600588.SH
2020-11-11,46.808115,47.18257992,45.329964,45.98035044,17164628.0,803778551.76,600588.SH
2020-11-12,46.32525234,47.1530169,45.19200324,46.02962214,13626864.0,636955483.09,600588.SH
2020-11-13,45.90151572,47.50777314,45.70442892,46.93622142,12213450.0,579447471.37,600588.SH
2020-11-16,46.8573867,48.29612034,46.3646697,47.27126898,17630984.0,847964815.45,600588.SH
2020-11-17,47.0052018,47.8920924,46.76869764,47.32054068,11664179.0,560234357.46,600588.SH
2020-11-18,47.37966672,47.67529692,42.67914654,43.43793072,35321275.0,1593572121.06,600588.SH
2020-11-19,43.54632846,45.05404248,42.69885522,44.7879753,22738398.0,1015283437.89,600588.SH
2020-11-20,45.1328772,45.6748659,44.837247,45.0836055,9390983.0,430874395.88,600588.SH
2020-11-23,44.837247,45.14273154,43.66458054,44.12773452,15437694.0,691930966.98,600588.SH
2020-11-24,44.1474432,44.6401602,43.39851336,43.79268696,11103723.0,496910164.24,600588.SH
2020-11-25,43.79268696,44.32482132,41.880945,42.1765752,17577254.0,761970698.19,600588.SH
2020-11-26,42.4722054,43.15215486,41.36851932,41.52618876,13871919.0,590565946.04,600588.SH
2020-11-27,41.86123632,42.14701218,41.1418695,41.69371254,9240849.0,390563450.14,600588.SH
2020-11-30,41.69371254,43.09302882,41.39808234,43.0634658,18947016.0,814316985.19,600588.SH
2020-12-01,42.79739862,43.97991942,42.6692922,43.78283262,12537087.0,553640169.65,600588.SH
2020-12-02,43.81239564,43.84195866,42.9156507,43.12259184,7752526.0,340172312.36,600588.SH
2020-12-03,43.2112809,44.16715188,42.4722054,43.62516318,10612123.0,467653501.96,600588.SH
2020-12-04,43.5069111,43.9503564,42.97477674,43.46749374,19402328.0,857354021.2,600588.SH
2020-12-07,43.46749374,45.50734212,43.4576394,45.31025532,24926742.0,1131284326.57,600588.SH
2020-12-08,45.99020478,46.2168546,44.94564474,45.61573986,16371657.0,756513009.8,600588.SH
2020-12-09,45.40879872,46.0197678,44.1474432,44.18686056,14949281.0,681420837.8,600588.SH
2020-12-10,44.0981715,44.81753832,43.43793072,43.97991942,9378163.0,418920808.36,600588.SH
2020-12-11,44.6401602,44.6401602,42.6692922,43.14230052,11873060.0,524252653.47,600588.SH
2020-12-14,43.17186354,43.8025413,42.77768994,43.5561828,15099694.0,664547374.36,600588.SH
2020-12-15,43.7532696,43.9503564,42.31453596,42.88608768,16063535.0,698171354.82,600588.SH
2020-12-16,42.74812692,44.85695568,42.6692922,44.33467566,15283354.0,685172957.75,600588.SH
2020-12-17,44.6401602,44.837247,43.6547262,44.06860848,10774965.0,483107451.49,600588.SH
2020-12-18,44.4430734,45.11316852,44.02919112,44.15729754,11518473.0,519617154.37,600588.SH
2020-12-21,44.4923451,45.6255942,43.98977376,45.46792476,18424016.0,837002348.96,600588.SH
2020-12-22,45.329964,45.329964,41.4867714,41.6345865,33156561.0,1444624357.74,600588.SH
2020-12-23,41.89079934,42.20613822,40.49148306,41.880945,23968008.0,1006687236.54,600588.SH
2020-12-24,41.64444084,41.6838582,39.3188166,39.47648604,30119100.0,1226802195.41,600588.SH
2020-12-25,39.41736,40.46192004,39.11187546,40.402794,21897426.0,882707630.25,600588.SH
2020-12-28,40.9940544,41.12216082,39.88051398,40.14658116,14033064.0,575380909.07,600588.SH
2020-12-29,40.1564355,42.83681598,40.08745512,42.13715784,23177615.0,982626188.76,600588.SH
2020-12-30,41.90065368,41.94007104,40.93492836,41.5360431,18012030.0,755913913.07,600588.SH
2020-12-31,41.7331299,43.79268696,41.20099554,43.23098958,25722656.0,1120483085.05,600588.SH
2021-01-04,43.359096,45.55661382,43.359096,45.04418814,30794928.0,1401227704.04,600588.SH
2021-01-05,45.34967268,46.69971726,44.6894319,45.9212244,39495740.0,1834820813.39,600588.SH
2021-01-06,45.63544854,45.91137006,44.84710134,45.61573986,19884899.0,914101401.82,600588.SH
2021-01-07,45.329964,45.4285074,41.26997592,43.13244618,48037362.0,2096173978.67,600588.SH
2021-01-08,42.74812692,43.6054545,41.9302167,42.48205974,26597260.0,1149552621.31,600588.SH
2021-01-11,42.6692922,44.52190812,41.61487782,43.2605526,26625416.0,1176089456.72,600588.SH
2021-01-12,43.20142656,44.55147114,42.67914654,44.43321906,17891498.0,797789248.8,600588.SH
2021-01-13,44.25584094,44.43321906,42.7185639,43.08317448,21224729.0,933510505.42,600588.SH
2021-01-14,43.2112809,47.2515603,43.2112809,46.9066584,41950509.0,1948703903.88,600588.SH
2021-01-15,46.74898896,46.74898896,42.21599256,42.21599256,51118592.0,2268466309.57,600588.SH
2021-01-18,41.0925978,43.6547262,40.47177438,42.67914654,50207619.0,2133908954.94,600588.SH
2021-01-19,42.373662,45.9212244,42.30468162,44.92593606,45080178.0,2045847487.13,600588.SH
2021-01-20,44.65986888,44.87666436,43.4083677,44.65001454,23176757.0,1041072663.64,600588.SH
2021-01-21,44.99491644,47.40922974,44.99491644,46.60117386,41343488.0,1950202043.26,600588.SH
2021-01-22,46.808115,48.286266,46.1183112,47.09389086,42199659.0,2018718346.89,600588.SH
2021-01-25,49.0746132,51.06518988,47.4486471,50.3556774,56929998.0,2850638211.09,600588.SH
2021-01-26,49.31111736,50.9962095,48.37495506,49.24213698,40169284.0,2022794548.29,600588.SH
2021-01-27,49.2224283,50.61189024,48.5326245,48.91694376,26520232.0,1329214259.75,600588.SH
2021-01-28,47.88223806,48.29612034,44.02919112,44.4430734,42263661.0,1962584989.5,600588.SH
2021-01-29,44.75841228,45.39894438,41.40793668,42.46235106,41596816.0,1819330437.05,600588.SH
2021-02-01,41.90065368,43.23098958,41.87109066,42.0287601,22379413.0,965015046.8,600588.SH
2021-02-02,42.3243903,42.5707488,40.895511,41.57546046,28976087.0,1218177659.76,600588.SH
2021-02-03,41.74298424,42.2751186,40.895511,40.9940544,25859357.0,1090235449.3,600588.SH
2021-02-04,40.9940544,40.9940544,36.89464896,39.00347772,67610148.0,2596799070.3,600588.SH
2021-02-05,39.0231864,40.0086204,38.05746108,39.03304074,25490124.0,1015063558.56,600588.SH
2021-02-08,39.04289508,39.7129902,38.64872148,38.98376904,17354417.0,689206289.25,600588.SH
2021-02-09,39.41736,41.388228,38.7768279,40.5506091,19969869.0,814787447.6,600588.SH
2021-02-10,41.27983026,42.79739862,41.26997592,42.62987484,23921575.0,1027111373.77,600588.SH
2021-02-18,44.1474432,44.6401602,41.65429518,42.31453596,25180552.0,1096407539.27,600588.SH
2021-02-19,42.3243903,42.33424464,40.0086204,40.8462393,25147239.0,1042748303.2,600588.SH
2021-02-22,40.8462393,41.21084988,40.0086204,40.03818342,19225020.0,789376923.64,600588.SH
2021-02-23,39.64400982,40.03818342,38.46148902,38.6782845,22130402.0,880010377.92,600588.SH
2021-02-24,39.06260376,39.21041886,37.96877202,38.58959544,21788352.0,850700784.07,600588.SH
2021-02-25,38.70784752,38.88522564,36.953775,37.446492,29504905.0,1120166600.55,600588.SH
2021-02-26,36.461058,36.7566882,36.04717572,36.3625146,24301203.0,897460939.69,600588.SH
2021-03-01,36.7074165,37.19027916,36.35266026,37.13115312,14333619.0,535693509.24,600588.SH
2021-03-02,37.13115312,37.13115312,34.7858202,35.04203304,39644530.0,1429588892.38,600588.SH
2021-03-03,34.70698548,35.44606098,34.49019,35.2785372,19439374.0,689658585.67,600588.SH
2021-03-04,35.1799938,35.1799938,33.2583975,33.33723222,30414899.0,1048780961.29,600588.SH
2021-03-05,32.519322,33.17956278,32.10543972,32.62771974,30563638.0,1010994993.28,600588.SH
2021-03-08,33.8496579,33.9482013,32.20398312,32.6178654,37070607.0,1242401648.7,600588.SH
2021-03-09,32.49961332,34.74640284,32.026605,33.96790998,38136074.0,1293328791.25,600588.SH
2021-03-10,34.2931032,34.8350919,33.3569409,33.47519298,29350394.0,1014429157.67,600588.SH
2021-03-11,33.3076692,33.85951224,32.9627673,33.5540277,19855129.0,674720854.05,600588.SH
2021-03-12,33.59344506,33.8003862,32.519322,32.64742842,25900308.0,862968135.29,600588.SH
2021-03-15,32.11529406,32.7164088,31.12986006,31.74082914,21023091.0,679589431.87,600588.SH
2021-03-16,31.90835292,32.6178654,31.44519894,32.4207786,17117256.0,559411446.79,600588.SH
2021-03-17,32.519322,32.6178654,31.5831597,32.49961332,13311469.0,434645004.3,600588.SH
2021-03-18,32.5685937,33.38650392,32.53903068,32.9134956,15563975.0,520764650.46,600588.SH
2021-03-19,32.3222352,32.63757408,31.54374234,31.94777028,13292000.0,434103682.04,600588.SH
2021-03-22,32.026605,33.78067752,32.026605,33.6032994,20691993.0,696492262.02,600588.SH
2021-03-23,33.6032994,34.0960164,33.27810618,33.43577562,13878283.0,474632969.77,600588.SH
2021-03-24,33.43577562,33.5540277,33.00218466,33.32737788,10167425.0,343049101.24,600588.SH
2021-03-25,33.012039,34.0960164,32.84451522,33.82009488,15209931.0,520234364.55,600588.SH
2021-03-26,33.997473,34.7858202,33.6525711,34.6872768,17113749.0,596278886.98,600588.SH
2021-03-29,34.982907,35.0321787,33.97776432,34.42120962,18108354.0,634375948.18,600588.SH
2021-03-30,34.52960736,36.09644742,34.26354018,35.8697976,24084869.0,864155382.0,600588.SH
2021-03-31,35.58402174,36.22455384,35.09130474,35.18984814,15438737.0,556829283.57,600588.SH
2021-04-01,34.96319832,35.34751758,34.70698548,34.96319832,11339256.0,402262707.29,600588.SH
2021-04-02,35.1307221,36.04717572,34.65771378,34.69713114,17057586.0,611744409.79,600588.SH
2021-04-06,34.89421794,36.39207762,34.89421794,35.88950628,19321224.0,703298583.62,600588.SH
2021-04-07,35.968341,36.1161561,35.1307221,35.43620664,11085794.0,398832964.29,600588.SH
2021-04-08,35.25882852,35.69241948,35.05188738,35.46576966,8045726.0,289085008.07,600588.SH
2021-04-09,35.33766324,36.00775836,34.6872768,35.75154552,13631528.0,489955534.72,600588.SH
2021-04-12,35.6234391,35.75154552,34.01718168,34.15514244,12382029.0,436781525.25,600588.SH
2021-04-13,34.02703602,34.982907,33.997473,34.66756812,8845580.0,310995703.5,600588.SH
2021-04-14,34.67742246,35.73183684,34.50004434,35.6234391,12416541.0,444676067.87,600588.SH
2021-04-15,35.6727108,36.22455384,35.3278089,35.8697976,10957701.0,398684433.62,600588.SH
2021-04-16,35.968341,36.71727084,35.0814504,35.43620664,12790420.0,462528229.12,600588.SH
2021-04-19,35.38693494,36.3625146,35.07159606,36.18513648,11691099.0,426592223.22,600588.SH
2021-04-20,36.23440818,36.3625146,35.6727108,35.8697976,9133215.0,334145981.95,600588.SH
2021-04-21,35.65300212,35.9190693,35.3278089,35.46576966,6638549.0,239757362.43,600588.SH
2021-04-22,35.46576966,35.5741674,35.0321787,35.09130474,8950843.0,319738099.0,600588.SH
2021-04-23,34.982907,35.75154552,34.77596586,35.20955682,10371737.0,371459619.4,600588.SH
2021-04-26,35.20955682,35.8697976,32.99233032,33.33723222,24538207.0,855531428.45,600588.SH
2021-04-27,33.43577562,34.57887906,32.6671371,34.35222924,15525321.0,531720529.41,600588.SH
2021-04-28,34.17485112,34.7858202,33.997473,34.43106396,8496231.0,296071071.85,600588.SH
2021-04-29,33.997473,34.2931032,32.9627673,33.3569409,25808432.0,872989867.97,600588.SH
2021-04-30,33.53431902,33.73140582,32.55873936,32.7164088,14460692.0,485960878.91,600588.SH
2021-05-06,32.8149522,32.99233032,32.0758767,32.2236918,12092136.0,397905911.24,600588.SH
2021-05-07,32.2236918,32.69670012,31.64228574,31.8295182,11055807.0,360603368.86,600588.SH
2021-05-10,32.01675066,32.6178654,31.21854912,32.04631368,12343800.0,400331471.15,600588.SH
2021-05-11,31.7309748,32.43063294,31.4846163,32.1251484,11803302.0,382405758.48,600588.SH
2021-05-12,32.026605,32.18427444,31.2382578,31.86893556,13216379.0,424648451.02,600588.SH
2021-05-13,31.67184876,31.79010084,30.6469974,30.78495816,16426606.0,517382446.24,600588.SH
2021-05-14,31.05102534,31.47476196,30.7455408,31.3860729,13930170.0,440964858.96,600588.SH
2021-05-17,31.733152,34.52963602,31.733152,34.34122043,39405376.0,1357259281.06,600588.SH
2021-05-18,33.716474,34.08338857,33.09172757,33.76605705,19163996.0,649950519.78,600588.SH
2021-05-19,33.83547332,34.23213772,33.3198096,34.16272145,16408443.0,561070581.11,600588.SH
2021-05-20,34.95605025,35.17421567,34.14288823,35.1047994,24378522.0,856295131.26,600588.SH
2021-05-21,34.91638381,34.96596686,33.17106045,33.5181418,22493698.0,767415829.23,600588.SH
2021-05-24,33.46855875,35.12463262,33.10164418,34.96596686,21380297.0,744037600.07,600588.SH
2021-05-25,35.17421567,36.71129022,34.76763466,36.58237429,34976962.0,1271027168.7,600588.SH
2021-05-26,36.691457,37.25670377,36.28487599,36.2947926,19913831.0,736380209.65,600588.SH
2021-05-27,36.14604345,36.5922909,35.81879532,36.13612684,13245129.0,482613487.29,600588.SH
2021-05-28,36.14604345,36.32454243,35.21388211,35.8981282,16446487.0,593351933.18,600588.SH
2021-05-31,35.8981282,36.46337497,35.4022977,35.94771125,14772000.0,532850056.48,600588.SH
2021-06-01,35.71962922,35.94771125,34.708135,35.04529974,19784740.0,701216734.27,600588.SH
2021-06-02,35.2039655,35.28329838,33.17106045,33.4189757,32916401.0,1122862228.55,600588.SH
2021-06-03,33.52805841,33.87513976,32.60581368,32.75456283,25997613.0,867864107.16,600588.SH
2021-06-04,32.75456283,33.36939265,32.36781504,33.03222791,24974307.0,828156379.34,600588.SH
2021-06-07,33.04214452,34.5098028,33.04214452,34.12305501,19441084.0,665195927.35,600588.SH
2021-06-08,34.40072009,34.57921907,33.40905909,33.54789163,17090077.0,583357386.47,600588.SH
2021-06-09,33.37930926,33.86522315,33.16114384,33.66689095,11414177.0,385006865.14,600588.SH
2021-06-10,33.25039333,35.35271465,33.24047672,35.0056333,31733596.0,1105056031.85,600588.SH
2021-06-11,35.3031316,35.8981282,34.72796822,35.32296482,35280630.0,1257357904.77,600588.SH
2021-06-15,35.17421567,35.17421567,33.23056011,33.88505637,27789801.0,948124420.68,600588.SH
2021-06-16,33.39914248,33.63714112,32.64548012,32.70497978,23820451.0,792985832.28,600588.SH
2021-06-17,32.53639741,33.27022655,32.38764826,33.0223113,17928900.0,592446379.72,600588.SH
2021-06-18,32.97272825,33.4189757,32.06040013,32.2289825,22650717.0,744530601.14,600588.SH
2021-06-21,32.0306503,33.1214774,31.6339859,33.00247808,17457118.0,573112605.73,600588.SH
2021-06-22,33.00247808,33.32972621,32.35789843,32.54631402,13578239.0,448480562.92,600588.SH
2021-06-23,32.3281486,33.37930926,31.35632082,33.20081028,32438413.0,1062831503.94,600588.SH
2021-06-24,32.91322859,33.16114384,32.2289825,32.46698114,16266168.0,533380751.0,600588.SH
2021-06-25,32.46698114,32.70497978,32.2289825,32.47689775,13117118.0,429606622.12,600588.SH
2021-06-28,32.45706453,32.50664758,31.84223471,32.08023335,13321186.0,430832451.57,600588.SH
2021-06-29,32.20914928,32.84381232,32.04056691,32.24881572,12727272.0,416309494.06,600588.SH
2021-06-30,32.24881572,33.10164418,32.11989979,32.98264486,15167888.0,502220489.35,600588.SH
2021-07-01,32.98264486,33.10164418,32.39756487,32.39756487,11304068.0,371794579.43,600588.SH
2021-07-02,32.2289825,32.2289825,31.10840557,31.28690455,24185506.0,767965561.99,600588.SH
2021-07-05,31.28690455,31.65381912,30.82082388,31.19765506,11628406.0,365887840.5,600588.SH
2021-07-06,31.28690455,31.28690455,30.741491,30.99932286,10193717.0,317488247.48,600588.SH
2021-07-07,30.91007337,31.37615404,30.81090727,31.22740489,8623715.0,270855087.17,600588.SH
2021-07-08,31.31665438,31.38607065,29.74983,30.0473283,28079542.0,859182170.02,600588.SH
2021-07-09,30.00766186,30.66215812,29.27383272,30.55307541,19660098.0,597140606.64,600588.SH
2021-07-12,30.73157439,32.67522995,30.35474321,32.1298164,32642451.0,1050809868.96,600588.SH
2021-07-13,32.5264808,33.60739129,32.16948284,32.94297842,28136222.0,939174865.77,600588.SH
2021-07-14,33.49830858,33.49830858,32.31823199,32.5264808,13726340.0,450923671.74,600588.SH
2021-07-15,32.36781504,32.8239791,31.85215132,32.21906589,9871401.0,320702226.93,600588.SH
2021-07-16,32.33806521,32.50664758,31.62406929,31.72323539,11426995.0,367327663.95,600588.SH
2021-07-19,31.46540353,33.21072689,31.11832218,33.03222791,21239059.0,693421168.24,600588.SH
2021-07-20,32.724813,32.724813,31.66373573,31.9314842,14228278.0,459546182.8,600588.SH
2021-07-21,31.64390251,35.12463262,31.64390251,35.12463262,52031347.0,1813489374.5,600588.SH
2021-07-22,35.2039655,36.86003937,34.61888551,36.2947926,64610691.0,2336161560.76,600588.SH
2021-07-23,36.71129022,36.86995598,35.15438245,36.37412548,33363471.0,1212210268.52,600588.SH
2021-07-26,35.83862854,36.24520955,33.716474,34.96596686,30309753.0,1067424783.37,600588.SH
2021-07-27,34.96596686,37.14762106,34.71805161,35.98737769,39102701.0,1426873711.25,600588.SH
2021-07-28,35.75929566,37.3856197,35.70971261,36.12621023,36071844.0,1332444780.1,600588.SH
2021-07-29,37.05837157,37.8814502,36.06671057,36.23529294,34049537.0,1261981496.11,600588.SH
2021-07-30,36.38404209,36.45345836,35.09488279,35.5014638,19951203.0,714660768.12,600588.SH
2021-08-02,36.2947926,39.05161018,36.2947926,39.05161018,44707266.0,1723861474.7,600588.SH
2021-08-03,39.66644,42.55217351,39.5672739,40.86634981,66985593.0,2777176941.7,600588.SH
2021-08-04,41.03493218,41.53076268,39.98377152,41.04484879,35230971.0,1449002603.77,600588.SH
2021-08-05,40.87626642,40.87626642,39.24994238,39.67635661,30353778.0,1220923484.65,600588.SH
2021-08-06,39.66644,39.9639383,38.0797824,38.86319459,27047232.0,1052161822.75,600588.SH
2021-08-09,38.52602985,40.8564332,38.49628002,40.84651659,38601673.0,1553406959.57,600588.SH
2021-08-10,40.4597688,41.19359794,39.32927526,40.87626642,26826307.0,1085617590.59,600588.SH
2021-08-11,40.35068609,40.79693354,39.71602305,39.8647722,13853165.0,558764042.99,600588.SH
2021-08-12,39.83502237,41.01509896,39.62677356,39.72593966,18300193.0,742369366.23,600588.SH
2021-08-13,38.90286103,39.23010916,37.5839519,37.59386851,26340853.0,1010870099.77,600588.SH
2021-08-16,37.57403529,38.73427866,37.2864536,38.0797824,13765117.0,528054762.13,600588.SH
2021-08-17,37.99053291,38.33761426,35.96754447,36.27495938,21479872.0,799704995.24,600588.SH
2021-08-18,36.47329158,37.2864536,36.10637701,36.93937225,16030636.0,594973455.67,600588.SH
2021-08-19,37.3856197,38.19878172,35.5014638,35.84854515,31963144.0,1176558892.31,600588.SH
2021-08-20,35.84854515,36.691457,34.99571669,35.74937905,24914810.0,900741439.4,600588.SH
2021-08-23,35.93779464,37.64345156,35.51138041,36.80053971,36524417.0,1349788493.14,600588.SH
2021-08-24,36.85012276,37.1872875,36.2947926,36.95920547,21614480.0,799876363.02,600588.SH
2021-08-25,37.13770445,37.23687055,35.1047994,35.699796,23905458.0,862932750.95,600588.SH
2021-08-26,35.5014638,35.63037973,34.68830178,34.708135,20560322.0,727925874.83,600588.SH
2021-08-27,34.5098028,35.15438245,34.05363874,35.06513296,15167176.0,529824951.35,600588.SH
2021-08-30,35.71962922,36.07662718,34.17263806,34.39080348,20369518.0,720865447.83,600588.SH
2021-08-31,34.38088687,34.67838517,32.76447944,33.2206435,28510008.0,957249793.61,600588.SH
2021-09-01,33.40905909,33.50822519,32.44714792,33.07189435,17197305.0,572061680.42,600588.SH
2021-09-02,33.18097706,33.28014316,32.10006657,32.30831538,17166155.0,562313927.42,600588.SH
2021-09-03,32.51656419,32.91322859,32.25873233,32.44714792,13611515.0,447096610.79,600588.SH
2021-09-06,32.27856555,33.18097706,32.27856555,33.10164418,16108084.0,534447767.92,600588.SH
2021-09-07,33.27022655,33.59747468,33.04214452,33.43880892,14370098.0,482919525.22,600588.SH
2021-09-08,33.50822519,33.5181418,32.6256469,32.86364554,15323731.0,508638471.73,600588.SH
2021-09-09,32.724813,32.83389571,32.40748148,32.53639741,12515877.0,410880219.21,600588.SH
2021-09-10,32.60581368,33.07189435,32.47689775,32.67522995,14337611.0,472759172.54,600588.SH
2021-09-13,32.53639741,32.59589707,31.30673777,32.37773165,25846092.0,828178515.34,600588.SH
2021-09-14,32.10006657,33.26030994,31.88190115,31.95131742,20798598.0,684098133.52,600588.SH
2021-09-15,31.98106725,32.05048352,31.2373215,31.6339859,12700622.0,403954890.09,600588.SH
2021-09-16,31.68356895,31.91165098,31.44557031,31.62406929,11402729.0,364364333.72,600588.SH
2021-09-17,31.50506997,32.71489639,31.32657099,32.66531334,15335624.0,495745495.36,600588.SH
2021-09-22,32.48681436,33.37930926,31.70340217,32.5264808,14133296.0,468013236.89,600588.SH
2021-09-23,32.4273147,33.39914248,32.36781504,32.724813,17462883.0,580128842.92,600588.SH
2021-09-24,32.87356215,34.25197094,32.74464622,33.70655739,26530688.0,897877660.73,600588.SH
2021-09-27,33.716474,34.42055331,32.83389571,33.29997638,15673389.0,531746727.02,600588.SH
2021-09-28,33.35947604,33.8156401,32.66531334,32.724813,12724665.0,425658169.71,600588.SH
2021-09-29,32.724813,32.724813,31.9314842,32.2289825,10540035.0,342699706.81,600588.SH
2021-09-30,32.54631402,33.30989299,32.3281486,32.85372893,15869987.0,525671938.56,600588.SH
2021-10-08,33.05206113,34.65855195,33.0223113,33.98422247,18566592.0,634331654.74,600588.SH
2021-10-11,34.06355535,34.42055331,33.65697434,33.9148062,9421670.0,322936397.42,600588.SH
2021-10-12,33.716474,33.9148062,33.15122723,33.29997638,7999300.0,269768501.49,600588.SH
2021-10-13,33.53797502,33.8156401,32.90331198,33.62722451,7118246.0,240420753.2,600588.SH
2021-10-14,33.67680756,33.89497298,32.724813,33.01239469,10942898.0,364669261.76,600588.SH
2021-10-15,33.26030994,34.10322179,32.9231452,33.68672417,15722951.0,533497389.51,600588.SH
2021-10-18,33.68672417,33.716474,32.53639741,32.56614724,14953720.0,496734049.54,600588.SH
2021-10-19,32.61573029,32.98264486,31.8323181,32.4273147,10850747.0,353307226.26,600588.SH
2021-10-20,32.74464622,33.1214774,32.67522995,32.75456283,12858124.0,426972903.08,600588.SH
2021-10-21,32.75456283,32.9231452,32.08023335,32.20914928,7080546.0,230925522.26,600588.SH
2021-10-22,32.2289825,32.57606385,32.04056691,32.39756487,8427996.0,275014027.82,600588.SH
2021-10-25,32.2289825,32.51656419,32.08023335,32.41739809,7471514.0,243720750.51,600588.SH
2021-10-26,32.24881572,32.5264808,31.3364876,31.48523675,18747660.0,600900136.81,600588.SH
2021-10-27,31.46540353,31.48523675,30.13657779,30.31507677,16539961.0,510894200.33,600588.SH
2021-10-28,30.31507677,30.91007337,30.16632762,30.47374253,9732584.0,300127977.6,600588.SH
2021-10-29,30.69190795,31.69348556,30.67207473,31.5348198,14452077.0,452974039.1,600588.SH
2021-11-01,31.50506997,31.50506997,29.0556673,30.62249168,38182403.0,1153056905.11,600588.SH
2021-11-02,30.2456605,32.27856555,30.1464944,31.14807201,31772770.0,1012874217.29,600588.SH
2021-11-03,31.30673777,31.91165098,30.99932286,31.32657099,13566879.0,429564449.13,600588.SH
2021-11-04,31.31665438,32.00090047,31.1381554,31.50506997,12936325.0,412272000.94,600588.SH
2021-11-05,31.75298522,31.95131742,31.41582048,31.72323539,10592780.0,338696414.3,600588.SH
2021-11-08,31.88190115,32.07031674,31.41582048,31.49515336,10581227.0,337737691.44,600588.SH
2021-11-09,31.24723811,32.51656419,31.18773845,32.3281486,14771350.0,476037806.63,600588.SH
2021-11-10,32.30831538,32.5264808,31.6339859,32.21906589,12894205.0,416085569.52,600588.SH
2021-11-11,32.0306503,32.24881572,31.5348198,32.17939945,11015911.0,354239432.08,600588.SH
2021-11-12,32.16948284,33.05206113,31.90173437,32.74464622,15103927.0,496096329.31,600588.SH
2021-11-15,32.63556351,33.36939265,32.33806521,32.40748148,13263643.0,438884144.92,600588.SH
2021-11-16,32.51656419,32.87356215,32.09014996,32.57606385,9762149.0,320221119.98,600588.SH
2021-11-17,32.47689775,32.49673097,31.4356537,31.6339859,14197841.0,455378205.06,600588.SH
2021-11-18,31.5348198,31.67365234,30.81090727,30.8406571,11542593.0,361049755.76,600588.SH
2021-11-19,30.97948964,31.05882252,30.62249168,30.86049032,8541094.0,265482599.58,600588.SH
2021-11-22,31.09848896,32.28848216,30.80099066,31.85215132,16104396.0,514113468.32,600588.SH
2021-11-23,31.64390251,31.79265166,31.2373215,31.46540353,11402383.0,361134696.89,600588.SH
2021-11-24,31.25715472,31.3364876,30.8406571,31.17782184,10609824.0,331917596.33,600588.SH
2021-11-25,31.28690455,31.38607065,30.90015676,31.08857235,8098377.0,254026487.37,600588.SH
2021-11-26,31.05882252,31.05882252,30.66215812,30.8406571,9102479.0,282830038.02,600588.SH
2021-11-29,30.49357575,30.72165778,30.02749508,30.39440965,13919462.0,426092810.89,600588.SH
2021-11-30,30.60265846,32.60581368,30.57290863,32.26864894,30831261.0,990314108.17,600588.SH
2021-12-01,32.68514656,32.87356215,32.30831538,32.51656419,15818803.0,519036621.31,600588.SH
2021-12-02,32.67522995,33.04214452,32.04056691,32.2289825,10323309.0,337211614.31,600588.SH
2021-12-03,32.2289825,32.724813,31.4356537,31.88190115,12932821.0,415571631.24,600588.SH
2021-12-06,31.733152,31.8323181,30.98940625,31.0389893,20670581.0,650165352.58,600588.SH
2021-12-07,31.31665438,31.61415268,30.94973981,31.61415268,12465914.0,393612592.75,600588.SH
2021-12-08,31.733152,34.77755127,31.72323539,34.77755127,48576635.0,1659356957.08,600588.SH
2021-12-09,35.68987939,37.32612004,35.34279804,36.07662718,85061821.0,3103371228.88,600588.SH
2021-12-10,36.4931248,36.4931248,35.01554991,35.55104685,33314550.0,1193968740.06,600588.SH
2021-12-13,35.5014638,35.9972943,35.05521635,35.62046312,27450903.0,985208290.52,600588.SH
2021-12-14,35.62046312,35.97746108,35.13454923,35.66012956,19678559.0,707193070.93,600588.SH
2021-12-15,36.14604345,36.1956265,35.21388211,35.4022977,13714693.0,492148279.16,600588.SH
2021-12-16,35.699796,36.02704413,35.34279804,35.699796,13519676.0,486382405.41,600588.SH
2021-12-17,35.74937905,35.85846176,34.85688415,35.2039655,17565714.0,624401538.28,600588.SH
2021-12-20,35.23371533,35.76921227,34.1131384,34.4106367,20406533.0,718702315.14,600588.SH
2021-12-21,34.42055331,34.79738449,33.57764146,34.37097026,15528130.0,535225023.75,600588.SH
2021-12-22,34.55938585,34.9064672,33.95447264,34.2123045,15660711.0,541837395.91,600588.SH
2021-12-23,34.46021975,34.79738449,33.86522315,34.65855195,13035158.0,452260602.57,600588.SH
2021-12-24,34.6089689,35.7989621,34.37097026,35.31304821,16023211.0,568927770.51,600588.SH
2021-12-27,35.699796,36.16587667,34.9064672,36.00721091,13493459.0,486250588.77,600588.SH
2021-12-28,36.0964604,36.27495938,35.46179736,35.699796,12473763.0,450152512.59,600588.SH
2021-12-29,35.61054651,35.97746108,34.98580008,35.13454923,9305108.0,332216298.7,600588.SH
2021-12-30,34.95605025,35.87829498,34.92630042,35.67004617,16246235.0,581976804.4,600588.SH
2021-12-31,35.77912888,36.85012276,35.5014638,35.58079668,20313941.0,740203643.94,600588.SH
2022-01-04,35.3031316,35.94771125,35.0056333,35.76921227,14083834.0,503340680.82,600588.SH
2022-01-05,35.699796,38.1789485,35.67004617,37.21703733,43377735.0,1629339532.72,600588.SH
2022-01-06,36.7906231,37.21703733,35.11471601,36.06671057,21963258.0,796505018.98,600588.SH
2022-01-07,35.82871193,36.05679396,35.2039655,35.26346516,11280816.0,403514683.38,600588.SH
2022-01-10,35.25354855,35.87829498,34.20238789,35.1047994,20236966.0,718726821.16,600588.SH
2022-01-11,34.82713432,35.3031316,32.9231452,33.23056011,30197633.0,1027203221.69,600588.SH
2022-01-12,33.27022655,34.85688415,33.0223113,34.75771805,35222339.0,1208911086.73,600588.SH
2022-01-13,35.2039655,36.86995598,34.63871873,34.708135,28196293.0,1012706882.17,600588.SH
2022-01-14,34.36105365,36.7906231,34.33130382,36.1956265,29174505.0,1067351703.41,600588.SH
2022-01-17,36.87987259,39.81518915,36.7906231,39.41852475,63098270.0,2454904566.25,600588.SH
2022-01-18,39.15077628,39.81518915,38.02028274,38.48636341,38276902.0,1498623294.9,600588.SH
2022-01-19,38.05994918,38.78386171,37.4847858,38.55577968,23346488.0,897596938.8,600588.SH
2022-01-20,38.35744748,38.7739451,37.42528614,38.41694714,16245819.0,626718157.06,600588.SH
2022-01-21,38.15911528,38.75411188,37.3856197,38.22853155,18948836.0,725655392.07,600588.SH
2022-01-24,37.81203393,39.99368813,37.73270105,38.85327798,28253996.0,1118107386.04,600588.SH
2022-01-25,38.84336137,39.01194374,37.2864536,37.4847858,19527684.0,748401380.07,600588.SH
2022-01-26,38.23844816,39.0714434,36.51295802,37.59386851,25892024.0,976106199.25,600588.SH
2022-01-27,37.37570309,37.37570309,35.55104685,35.699796,24033778.0,877978671.18,600588.SH
2022-01-28,35.699796,36.18570989,34.56930246,34.61888551,26931330.0,959023410.91,600588.SH
2022-02-07,36.32454243,36.32454243,34.708135,34.82713432,16001622.0,569885998.57,600588.SH
2022-02-08,34.74780144,36.13612684,34.55938585,35.84854515,23523380.0,837964848.0,600588.SH
2022-02-09,35.8981282,37.26662038,35.62046312,36.14604345,25066944.0,915945167.66,600588.SH
2022-02-10,36.0964604,36.0964604,34.708135,35.2039655,15981450.0,568802730.17,600588.SH
2022-02-11,35.23371533,35.58079668,32.80414588,33.2206435,36621850.0,1243855888.15,600588.SH
2022-02-14,32.66531334,32.97272825,31.39598726,31.733152,33844201.0,1090472624.31,600588.SH
2022-02-15,32.04056691,32.724813,31.84223471,32.59589707,19054793.0,620957197.77,600588.SH
2022-02-16,32.90331198,32.91322859,31.91165098,32.11989979,14551510.0,473572138.91,600588.SH
2022-02-17,32.30831538,32.54631402,31.34640421,32.24881572,17905996.0,578374815.69,600588.SH
2022-02-18,32.2289825,32.39756487,31.61415268,31.92156759,20218781.0,650989020.56,600588.SH
2022-02-21,32.08023335,32.9231452,32.06040013,32.90331198,23718026.0,778406536.89,600588.SH
2022-02-22,32.39756487,32.46698114,31.6339859,31.81248488,20623647.0,664364927.85,600588.SH
2022-02-23,31.88190115,32.56614724,31.71331878,32.45706453,22438651.0,726850209.73,600588.SH
2022-02-24,32.0306503,32.40748148,30.2456605,30.81090727,35460244.0,1114188373.84,600588.SH
2022-02-25,31.18773845,31.59431946,30.78115744,31.1381554,19965166.0,627173206.22,600588.SH
2022-02-28,31.14807201,31.37615404,30.741491,31.08857235,11736927.0,367472624.0,600588.SH
2022-03-01,31.09848896,31.3364876,30.65224151,31.10840557,14508129.0,452460624.0,600588.SH
2022-03-02,30.91007337,31.04890591,30.65224151,30.79107405,12161872.0,377792816.0,600588.SH
2022-03-03,31.18773845,31.26707133,30.5431588,30.59274185,17460574.0,541726304.0,600588.SH
2022-03-04,30.29524355,30.59274185,29.39283204,29.72999678,29880145.0,899365792.0,600588.SH
2022-03-07,29.32341577,29.3531656,27.30042733,27.5681758,36720431.0,1036707104.0,600588.SH
2022-03-08,27.71692495,28.0640063,26.5765148,26.75501378,35974967.0,985553200.0,600588.SH
2022-03-09,26.78476361,26.94342937,25.00969042,25.99143481,35191145.0,918478048.0,600588.SH
2022-03-10,26.70543073,26.72526395,25.12868974,25.43610465,34481642.0,895013552.0,600588.SH
2022-03-11,24.30561111,25.60468702,24.23619484,25.39643821,35524548.0,886157200.0,600588.SH
2022-03-14,25.03944025,25.77326939,24.46427687,24.61302602,30422755.0,765649536.0,600588.SH
2022-03-15,24.67252568,24.91052432,23.23461723,23.3040335,35189910.0,855633216.0,600588.SH
2022-03-16,23.88911349,25.47577109,23.66103146,25.17827279,49629613.0,1226678672.0,600588.SH
2022-03-17,25.74351956,26.06085108,25.0890233,25.21793923,36380497.0,934143360.0,600588.SH
2022-03-18,25.34685516,25.34685516,24.82127483,25.22785584,16829103.0,425708838.33,600588.SH
2022-03-21,24.5931928,25.17827279,23.799864,24.37502738,59056587.0,1454631520.09,600588.SH
2022-03-22,24.63285924,24.67252568,23.49244909,24.1965284,37728482.0,914737913.39,600588.SH
2022-03-23,24.14694535,24.95019076,24.01802942,24.38494399,28012068.0,689663517.1,600588.SH
2022-03-24,24.0973623,24.20644501,22.808203,23.12553452,60685749.0,1424732545.79,600588.SH
2022-03-25,23.29411689,23.63128163,22.9073691,23.02636842,31159331.0,731200403.9,600588.SH
2022-03-28,22.92720232,23.0065352,22.50078809,22.83795283,19832836.0,455557821.09,600588.SH
2022-03-29,22.98670198,22.99661859,22.47103826,22.72887012,16490269.0,378327601.33,600588.SH
2022-03-30,23.07595147,23.28420028,22.67928707,23.12553452,22351106.0,517804051.12,600588.SH
2022-03-31,23.19495079,23.19495079,22.50078809,22.7090369,18917838.0,433037924.1,600588.SH
2022-04-01,22.47103826,22.79828639,22.23303962,22.64953724,21726292.0,494317743.28,600588.SH
2022-04-06,22.56028775,22.63962063,22.10412369,22.2132064,20135105.0,453340634.9,600588.SH
2022-04-07,22.34212233,22.34212233,21.47937726,21.48929387,20740564.0,456559430.08,600588.SH
2022-04-08,21.57854336,21.6182098,21.03312981,21.24137862,15330887.0,328812400.76,600588.SH
2022-04-11,20.98354676,21.19179557,20.27946745,20.37863355,23857992.0,494764725.2,600588.SH
2022-04-12,20.4282166,21.24137862,19.9323861,21.21162879,33494555.0,700901384.27,600588.SH
2022-04-13,20.95379693,21.14221252,20.65629863,20.65629863,16319804.0,343951372.86,600588.SH
2022-04-14,21.08271286,21.17196235,20.51746609,20.84471422,13332252.0,279496806.03,600588.SH
2022-04-15,20.71579829,20.84471422,20.40838338,20.61663219,12825389.0,266753966.33,600588.SH
2022-04-18,20.64638202,20.824881,20.28938406,20.81496439,10869830.0,225895704.27,600588.SH
2022-04-19,20.79513117,21.52896031,20.1307183,20.24971762,23542556.0,489407463.34,600588.SH
2022-04-20,20.44804982,21.10254608,20.23980101,20.28938406,24464799.0,508977410.3,600588.SH
2022-04-21,20.16046813,20.51746609,19.48613865,19.59522136,21405004.0,431361827.08,600588.SH
2022-04-22,19.48613865,19.69438746,18.99030815,19.3373895,17342106.0,338050620.33,600588.SH
2022-04-25,19.02005798,19.02005798,17.67139902,17.68131563,26291299.0,485410764.9,600588.SH
2022-04-26,17.68131563,17.83998139,16.7590709,16.79873734,35599807.0,618786869.93,600588.SH
2022-04-27,16.54090548,17.62181597,16.39215633,17.58214953,31355892.0,538486804.22,600588.SH
2022-04-28,17.60198275,18.02839698,17.2549014,17.5523997,21990112.0,387996633.29,600588.SH
2022-04-29,17.73089868,19.18864035,17.58214953,18.98039154,39380708.0,736722106.62,600588.SH
2022-05-05,18.46472782,18.72255968,18.0482302,18.32589528,30993437.0,574756779.17,600588.SH
2022-05-06,17.83998139,19.19855696,17.4532336,18.16722952,36424950.0,673100122.01,600588.SH
2022-05-09,17.79039834,18.38539494,17.66148241,17.86973122,18724025.0,338774663.49,600588.SH
2022-05-10,17.52264987,18.37547833,17.4532336,18.20689596,21999558.0,400970562.24,600588.SH
2022-05-11,18.31658004,18.9946026,18.0473652,18.46614384,26100554.0,489556465.15,600588.SH
2022-05-12,18.4960566,19.01454444,18.35646372,18.66556224,23114746.0,434813516.94,600588.SH
2022-05-13,18.8450388,18.92480616,18.40631832,18.55588212,11958675.0,222749755.61,600588.SH
2022-05-16,18.62567856,18.9946026,18.48608568,18.62567856,16819215.0,315289214.77,600588.SH
2022-05-17,18.53594028,18.6456204,18.22684176,18.5957658,14327890.0,265426796.69,600588.SH
2022-05-18,18.695475,19.17407916,18.65559132,18.78521328,17763261.0,335716144.54,600588.SH
2022-05-19,18.43623108,18.52596936,17.85791772,18.0972198,29605463.0,538087124.32,600588.SH
2022-05-20,18.25675452,19.443294,18.20689992,19.1441664,50338206.0,951030453.29,600588.SH
2022-05-23,19.2937302,19.36352664,18.71541684,18.82509696,23514338.0,444959576.53,600588.SH
2022-05-24,18.8450388,19.28375928,17.81803404,17.8479468,33929990.0,631754545.41,600588.SH
2022-05-25,17.9975106,18.4960566,17.8479468,18.00748152,19383705.0,351439129.28,600588.SH
2022-05-26,18.03739428,18.25675452,17.58870288,18.00748152,20869148.0,375543354.66,600588.SH
2022-05-27,18.20689992,18.41628924,17.8479468,18.06730704,18625724.0,339017694.02,600588.SH
2022-05-30,18.20689992,18.88492248,17.86788864,18.56585304,26491146.0,491215406.87,600588.SH
2022-05-31,18.60573672,19.42335216,18.41628924,19.30370112,36000430.0,685979587.95,600588.SH
2022-06-01,19.28375928,19.51309044,18.77524236,18.98463168,22976527.0,439614957.39,600588.SH
2022-06-02,18.91483524,19.194021,18.66556224,19.18405008,18561832.0,353544176.67,600588.SH
2022-06-06,19.1441664,20.12131656,19.07436996,19.98172368,37546262.0,745399860.54,600588.SH
2022-06-07,20.27088036,20.27088036,19.57291596,19.7424216,30845296.0,613039370.76,600588.SH
2022-06-08,20.0415492,20.61986256,19.7922762,20.12131656,35365431.0,714111070.24,600588.SH
2022-06-09,19.98172368,20.0415492,19.12422456,19.22393376,36148604.0,703590807.91,600588.SH
2022-06-10,19.00457352,19.36352664,18.944748,19.2438756,28598180.0,547949544.73,600588.SH
2022-06-13,18.944748,19.36352664,18.88492248,19.17407916,19307572.0,370443328.95,600588.SH
2022-06-14,19.00457352,19.2438756,18.46614384,19.22393376,25074639.0,474156528.28,600588.SH
2022-06-15,19.21396284,20.2908222,19.13419548,19.8421308,50046528.0,996335556.5,600588.SH
2022-06-16,19.8421308,20.5899498,19.7424216,20.11134564,30035183.0,609058476.7,600588.SH
2022-06-17,19.97175276,20.36061864,19.76236344,20.13128748,23055725.0,463817946.17,600588.SH
2022-06-20,20.15122932,20.61986256,19.85210172,20.32073496,30348653.0,616060111.74,600588.SH
2022-06-21,20.32073496,20.41047324,19.82218896,20.13128748,24928967.0,500922318.13,600588.SH
2022-06-22,20.10137472,20.31076404,19.3435848,19.40341032,29019271.0,573353795.47,600588.SH
2022-06-23,19.57291596,19.90195632,19.1441664,19.90195632,25648326.0,504178086.82,600588.SH
2022-06-24,20.0415492,20.23099668,19.7922762,20.08143288,25420566.0,510236414.32,600588.SH
2022-06-27,20.0415492,20.81928096,19.93186908,20.2908222,35986203.0,734252112.36,600588.SH
2022-06-28,20.32073496,20.32073496,19.82218896,20.191113,38214105.0,766571997.02,600588.SH
2022-06-29,20.20108392,22.21520976,20.20108392,22.21520976,63736106.0,1358561299.43,600588.SH
2022-06-30,22.2850062,22.3348608,21.31782696,21.64686732,87206410.0,1893518114.31,600588.SH
2022-07-01,21.76651836,22.2850062,21.3377688,22.0357332,54878572.0,1205189524.27,600588.SH
2022-07-04,22.22518068,22.2351516,21.2879142,21.686751,45002779.0,974949484.27,600588.SH
2022-07-05,21.47736168,21.85625664,20.70960084,20.97881568,42383703.0,898329578.74,600588.SH
2022-07-06,20.97881568,21.34773972,20.5899498,20.7893682,28869710.0,606906278.82,600588.SH
2022-07-07,20.76942636,20.96884476,20.45035692,20.8392228,22782973.0,473962393.11,600588.SH
2022-07-08,20.92896108,21.19817592,20.51018244,20.56003704,28913216.0,604882898.23,600588.SH
2022-07-11,20.4902406,20.5400952,19.7922762,19.93186908,26268722.0,526283346.73,600588.SH
2022-07-12,19.77233436,20.06149104,19.45326492,19.45326492,20781572.0,410249313.16,600588.SH
2022-07-13,19.40341032,19.62277056,19.31367204,19.51309044,16041806.0,313422543.12,600588.SH
2022-07-14,19.38346848,19.60282872,19.15413732,19.23390468,20092524.0,390769547.34,600588.SH
2022-07-15,19.53303228,19.93186908,19.16410824,19.16410824,30983377.0,606859971.17,600588.SH
2022-07-18,19.17407916,20.03157828,18.86498064,19.96178184,33894515.0,667068809.02,600588.SH
2022-07-19,19.94184,20.8890774,19.86207264,20.76942636,45491384.0,934950027.88,600588.SH
2022-07-20,20.75945544,21.41753616,20.70960084,21.3377688,43220018.0,918679314.93,600588.SH
2022-07-21,21.2380596,21.8363148,20.94890292,20.9887866,31764942.0,677618284.07,600588.SH
2022-07-22,20.9887866,21.21811776,20.440386,20.67968808,26162671.0,544613480.22,600588.SH
2022-07-25,20.70960084,20.7893682,20.08143288,20.15122932,20115421.0,409310052.71,600588.SH
2022-07-26,20.2409676,21.6368964,20.22102576,21.1383504,39886655.0,840006345.23,600588.SH
2022-07-27,21.1383504,21.59701272,21.01869936,21.29788512,36083767.0,771480852.23,600588.SH
2022-07-28,21.437478,21.52721628,20.938932,20.938932,28219887.0,598544900.43,600588.SH
2022-07-29,21.0386412,21.2879142,20.689659,20.7893682,23082413.0,484387084.65,600588.SH
2022-08-01,20.66971716,20.82925188,20.3905314,20.53012428,26713027.0,551724497.18,600588.SH
2022-08-02,20.36061864,20.40050232,19.443294,19.8421308,29829936.0,592894006.68,600588.SH
2022-08-03,19.88201448,21.188205,19.88201448,20.51018244,48453799.0,1010241287.13,600588.SH
2022-08-04,20.81928096,21.188205,20.35064772,20.91899016,29619904.0,618883117.0,600588.SH
2022-08-05,21.06855396,22.2351516,20.938932,22.12547148,51588549.0,1124644260.0,600588.SH
2022-08-08,21.936024,22.185297,21.3876234,21.70669284,32895594.0,713508020.0,600588.SH
2022-08-09,21.85625664,21.85625664,21.29788512,21.57707088,21361884.0,459956016.0,600588.SH
2022-08-10,21.52721628,21.5870418,21.04861212,21.22808868,20567675.0,438731080.0,600588.SH
2022-08-11,21.34773972,21.8363148,21.19817592,21.7366056,25994198.0,562456197.0,600588.SH
2022-08-12,21.65683824,21.70669284,21.1383504,21.54715812,26155204.0,563238615.0,600588.SH
2022-08-15,21.52721628,21.52721628,21.09846672,21.16826316,18352920.0,391017405.25,600588.SH
2022-08-16,21.14832132,21.29788512,20.70960084,20.76942636,20596713.0,431418469.39,600588.SH
2022-08-17,20.76942636,21.188205,20.57997888,21.11840856,16627624.0,349296323.83,600588.SH
2022-08-18,20.97881568,21.05858304,20.6398044,20.81928096,13990134.0,291651182.16,600588.SH
2022-08-19,20.84919372,21.2879142,20.27088036,20.33070588,23755143.0,492781486.33,600588.SH
2022-08-22,20.3905314,21.686751,20.02160736,21.15829224,40537333.0,862270232.25,600588.SH
2022-08-23,21.1383504,21.91608216,20.9887866,21.686751,36946563.0,801228043.67,600588.SH
2022-08-24,21.62692548,21.62692548,20.55006612,20.62983348,31724144.0,670032824.86,600588.SH
2022-08-25,20.81928096,20.87910648,20.03157828,20.42044416,26608962.0,544377145.53,600588.SH
2022-08-26,20.3905314,20.5400952,19.92189816,19.94184,23034764.0,464981278.32,600588.SH
2022-08-29,19.6427124,19.82218896,18.78521328,19.23390468,37608634.0,725580576.87,600588.SH
2022-08-30,19.1441664,20.12131656,18.9946026,20.01163644,30500094.0,604325224.1,600588.SH
2022-08-31,19.87204356,20.440386,19.75239252,20.03157828,20740861.0,418614954.36,600588.SH
2022-09-01,20.0415492,21.01869936,19.92189816,20.31076404,31172602.0,645186896.27,600588.SH
2022-09-02,20.5899498,20.5899498,20.01163644,20.0914038,14996900.0,303552584.34,600588.SH
2022-09-05,19.95181092,20.0415492,19.60282872,19.73245068,11199242.0,221611651.07,600588.SH
2022-09-06,19.87204356,19.8919854,19.443294,19.65268332,12935496.0,254176399.05,600588.SH
2022-09-07,19.63274148,19.76236344,19.3435848,19.56294504,15003812.0,293995475.6,600588.SH
2022-09-08,19.57291596,20.00166552,19.16410824,19.27378836,18133928.0,353598046.67,600588.SH
2022-09-09,19.33361388,19.57291596,19.1441664,19.48317768,10533296.0,205319110.25,600588.SH
2022-09-13,19.53303228,20.02160736,19.4931486,19.52306136,15092777.0,298190779.74,600588.SH
2022-09-14,19.30370112,19.76236344,19.12422456,19.65268332,12451807.0,243113769.55,600588.SH
2022-09-15,19.66265424,19.9916946,19.194021,19.3934394,17372072.0,340126121.38,600588.SH
2022-09-16,19.2937302,20.13128748,19.2937302,19.47320676,29680442.0,588883579.65,600588.SH
2022-09-19,19.47320676,19.4931486,17.92771416,17.97756876,36063772.0,662724584.72,600588.SH
2022-09-20,17.93768508,18.17698716,17.88783048,18.13710348,13271331.0,240239731.3,600588.SH
2022-09-21,18.02742336,18.36643464,17.50893552,18.23681268,16573345.0,299650932.44,600588.SH
2022-09-22,18.07727796,19.26381744,18.02742336,18.43623108,24543125.0,461587042.16,600588.SH
2022-09-23,18.4960566,18.63564948,17.92771416,17.9975106,14382416.0,262196250.78,600588.SH
2022-09-26,17.8479468,18.12713256,17.63855748,17.70835392,13117579.0,234554339.01,600588.SH
2022-09-27,17.7482376,18.1470744,17.3494008,18.05733612,14943674.0,265717628.18,600588.SH
2022-09-28,18.00748152,18.16701624,17.73826668,17.78812128,11613693.0,209368126.2,600588.SH
2022-09-29,17.96759784,18.13710348,17.57873196,17.7482376,13486444.0,241290330.13,600588.SH
2022-09-30,17.65849932,17.87785956,17.5488192,17.5488192,12440366.0,220111543.25,600588.SH
2022-10-10,17.6485284,17.71832484,16.92065124,16.97050584,16213780.0,279964782.48,600588.SH
2022-10-11,17.16992424,17.16992424,16.62152364,16.68134916,13339814.0,224408672.61,600588.SH
2022-10-12,16.69132008,17.38928448,16.23265776,17.32945896,22326163.0,374769865.53,600588.SH
2022-10-13,17.21977884,18.43623108,17.12006964,18.03739428,30249870.0,545529405.53,600588.SH
2022-10-14,17.98753968,18.56585304,17.97756876,18.35646372,20096897.0,369718504.92,600588.SH
2022-10-17,18.4960566,19.6427124,18.42626016,19.2937302,33622468.0,649327158.54,600588.SH
2022-10-18,19.2937302,19.57291596,18.9946026,19.17407916,21952770.0,423678781.37,600588.SH
2022-10-19,19.17407916,19.2438756,18.7951842,18.97466076,15835716.0,301071588.45,600588.SH
2022-10-20,18.8450388,19.93186908,18.80515512,19.37349756,25999157.0,507081972.29,600588.SH
2022-10-21,19.33361388,19.52306136,19.02451536,19.28375928,14022491.0,270657441.05,600588.SH
2022-10-24,19.2937302,21.20814684,19.2937302,20.59992072,76451710.0,1579634195.22,600588.SH
2022-10-25,20.440386,21.72663468,20.37058956,21.16826316,64905480.0,1376640733.74,600588.SH
2022-10-26,20.9887866,23.2820982,20.89904832,23.2820982,60116880.0,1365134004.52,600588.SH
2022-10-27,24.43872492,25.55546796,23.79061512,24.85750356,120033809.0,2975193362.76,600588.SH
2022-10-28,24.31907388,25.30619496,23.182389,23.5313712,106488164.0,2587474955.63,600588.SH
2022-10-31,23.21230176,25.30619496,23.182389,24.36892848,93179335.0,2275026188.93,600588.SH
2022-11-01,24.1296264,26.80183296,23.85044064,25.924392,88310504.0,2255666461.15,600588.SH
2022-11-02,25.425846,27.2206116,24.98712552,27.2206116,79313537.0,2053393776.61,600588.SH
2022-11-03,26.422938,26.61238548,24.49855044,24.54840504,82750077.0,2105921242.44,600588.SH
2022-11-04,24.428754,25.0270092,24.0797718,24.69796884,44824582.0,1106874824.83,600588.SH
2022-11-07,24.5783178,25.73494452,24.11965548,24.43872492,41911971.0,1038646635.78,600588.SH
2022-11-08,24.44869584,25.3261368,23.79061512,25.0768638,56292032.0,1394015107.55,600588.SH
2022-11-09,24.6281724,24.93727092,23.930208,24.53843412,26719906.0,656472856.45,600588.SH
2022-11-10,24.46863768,25.08683472,24.05982996,24.13959732,35417194.0,866974273.53,600588.SH
2022-11-11,24.90735816,25.0768638,23.69090592,24.3788994,50773444.0,1237296458.38,600588.SH
2022-11-14,24.2293356,24.70793976,23.6310804,24.38887032,36626849.0,886773028.6,600588.SH
2022-11-15,24.50852136,25.45575876,24.25924836,24.44869584,51111475.0,1271393707.36,600588.SH
2022-11-16,24.6281724,25.18654392,24.3290448,24.86747448,38409032.0,956201014.1,600588.SH
2022-11-17,25.1267184,26.60241456,24.51849228,26.54258904,78313747.0,2001455464.34,600588.SH
2022-11-18,26.173665,28.29747096,25.59535164,25.94433384,80468328.0,2171677675.09,600588.SH
2022-11-21,25.78479912,26.08392672,23.35189464,24.16951008,94044707.0,2284299111.12,600588.SH
2022-11-22,23.7307896,23.99003352,22.8334068,23.56128396,59536149.0,1400712699.01,600588.SH
2022-11-23,23.431662,23.8803534,23.0328252,23.52140028,32350042.0,762268078.89,600588.SH
2022-11-24,23.71084776,23.7307896,22.81346496,23.0328252,38248471.0,889972561.99,600588.SH
2022-11-25,23.02285428,23.51142936,22.66390116,22.84337772,26400283.0,608880853.53,600588.SH
2022-11-28,22.2850062,22.99294152,21.8861694,22.46448276,26830284.0,604988982.55,600588.SH
2022-11-29,22.4844246,22.92314508,22.1354424,22.80349404,29726007.0,673615529.72,600588.SH
2022-11-30,22.7336976,22.84337772,22.31491896,22.84337772,17852192.0,404641424.34,600588.SH
2022-12-01,22.933116,23.680935,22.76361036,23.31201096,47125741.0,1096062500.53,600588.SH
2022-12-02,22.84337772,23.431662,22.45451184,22.51433736,34386582.0,790082872.6,600588.SH
2022-12-05,22.60407564,23.69090592,22.60407564,23.09265072,32780538.0,761749753.73,600588.SH
2022-12-06,23.05276704,23.46157476,22.6339884,22.77358128,21241216.0,487981952.42,600588.SH
2022-12-07,22.72372668,22.96302876,22.35480264,22.62401748,25145278.0,570758685.56,600588.SH
2022-12-08,22.55422104,22.5841338,22.04570412,22.2850062,21084152.0,470782954.98,600588.SH
2022-12-09,22.29497712,22.8334068,22.0855878,22.55422104,36991165.0,837338768.34,600588.SH
2022-12-12,22.5342792,23.7806442,22.51433736,23.680935,51733733.0,1213395424.35,600588.SH
2022-12-13,23.72081868,23.72081868,22.87329048,22.96302876,30922367.0,718852396.97,600588.SH
2022-12-14,22.96302876,23.5812258,22.85334864,23.12256348,21650500.0,504260799.81,600588.SH
2022-12-15,23.182389,23.51142936,22.54425012,23.27212728,24886240.0,579511387.8,600588.SH
2022-12-16,23.11259256,23.1325344,22.61404656,22.79352312,16942935.0,386783209.63,600588.SH
2022-12-19,22.69381392,22.80349404,21.91608216,22.06564596,14642808.0,326752101.48,600588.SH
2022-12-20,22.10552964,22.42459908,21.188205,21.52721628,22315932.0,483484876.14,600588.SH
2022-12-21,21.4873326,21.85625664,21.1383504,21.37765248,14902332.0,320388495.52,600588.SH
2022-12-22,21.51724536,21.90611124,21.41753616,21.52721628,14400867.0,312431177.41,600588.SH
2022-12-23,21.37765248,22.8334068,21.3377688,22.5342792,22772305.0,510755963.27,600588.SH
2022-12-26,22.51433736,22.89323232,22.24512252,22.8334068,13027682.0,296348921.49,600588.SH
2022-12-27,23.0328252,23.19235992,22.66390116,22.91317416,10668079.0,245250238.38,600588.SH
2022-12-28,22.97299968,23.37183648,22.59410472,22.933116,14264921.0,329285024.1,600588.SH
2022-12-29,22.81346496,23.94017892,22.76361036,23.7307896,35297159.0,836207287.33,600588.SH
2022-12-30,23.7806442,24.3290448,23.66099316,24.09971364,23839513.0,576002285.16,600588.SH
2023-01-03,24.09971364,25.00706736,23.930208,24.8275908,31709255.0,784420771.38,600588.SH
2023-01-04,24.9771546,25.44578784,24.5284632,24.80764896,30533243.0,763372199.27,600588.SH
2023-01-05,24.7278816,24.88741632,24.33901572,24.45866676,23236761.0,572419929.79,600588.SH
2023-01-06,24.45866676,24.5284632,24.00000444,24.19942284,19314226.0,468932933.98,600588.SH
2023-01-09,24.19942284,24.41878308,24.0299172,24.2791902,15115713.0,367206327.02,600588.SH
2023-01-10,24.3290448,24.3788994,23.8304988,24.04985904,14155163.0,341228517.95,600588.SH
2023-01-11,24.01994628,24.0299172,23.3818074,23.51142936,17432370.0,413834032.15,600588.SH
2023-01-12,23.60116764,23.90029524,23.25218544,23.61113856,14641097.0,346182489.69,600588.SH
2023-01-13,23.61113856,23.77067328,23.00291244,23.3319528,16709221.0,389150018.74,600588.SH
2023-01-16,23.3319528,24.1296264,23.3319528,23.81055696,20765897.0,497116559.82,600588.SH
2023-01-17,23.80058604,24.00997536,23.431662,23.5812258,13887386.0,329589532.56,600588.SH
2023-01-18,23.64105132,24.678027,23.59119672,24.3290448,23927086.0,583331681.95,600588.SH
2023-01-19,24.0299172,25.41587508,24.0299172,25.24636944,33761382.0,845874125.83,600588.SH
2023-01-20,25.2264276,26.18363592,25.1267184,26.00415936,36988827.0,960178602.36,600588.SH
2023-01-30,26.5226472,26.65226916,24.83756172,24.8774454,57376599.0,1455505956.84,600588.SH
2023-01-31,25.04695104,25.40590416,24.3290448,24.43872492,34085586.0,845550892.57,600588.SH
2023-02-01,24.4786086,24.66805608,24.25924836,24.64811424,32767752.0,803494309.32,600588.SH
2023-02-02,24.9273,26.60241456,24.7278816,25.64520624,53136045.0,1365928197.4,600588.SH
2023-02-03,25.425846,26.3730834,25.23639852,26.173665,33734285.0,874852291.11,600588.SH
2023-02-06,26.04404304,26.40299616,25.28625312,25.6252644,36658916.0,946676142.68,600588.SH
2023-02-07,25.5255552,25.6252644,24.91732908,25.08683472,23290828.0,588818754.01,600588.SH
2023-02-08,25.09680564,25.45575876,24.81761988,24.9771546,22724316.0,573043182.26,600588.SH
2023-02-09,24.91732908,26.1238104,24.24927744,25.76485728,41620866.0,1049346508.22,600588.SH
2023-02-10,25.51558428,25.68508992,24.69796884,24.80764896,30502450.0,767983126.6,600588.SH
2023-02-13,24.63814332,25.10677656,24.54840504,24.79767804,21569385.0,537392131.27,600588.SH
2023-02-14,24.78770712,25.00706736,24.38887032,24.41878308,19183418.0,473116817.92,600588.SH
2023-02-15,24.3788994,25.66514808,24.20939376,25.21645668,41821398.0,1051584191.79,600588.SH
2023-02-16,25.40590416,25.89447924,24.78770712,25.00706736,34745104.0,883908737.46,600588.SH
2023-02-17,24.95721276,25.0768638,23.12256348,23.182389,47559995.0,1130822220.01,600588.SH
2023-02-20,23.182389,23.5812258,22.96302876,23.51142936,23856360.0,556598164.44,600588.SH
2023-02-21,23.47154568,23.85044064,22.94308692,23.17241808,32477929.0,759664869.32,600588.SH
2023-02-22,23.01288336,23.930208,22.82343588,23.5313712,27606968.0,648401549.48,600588.SH
2023-02-23,23.5313712,23.5313712,22.84337772,23.02285428,20298497.0,470122497.31,600588.SH
2023-02-24,22.96302876,23.25218544,22.7835522,23.00291244,18947620.0,437189672.19,600588.SH
2023-02-27,22.85334864,23.19235992,22.59410472,22.75363944,17629918.0,402656432.44,600588.SH
2023-02-28,23.22227268,23.75073144,23.01288336,23.21230176,37043707.0,869297704.18,600588.SH
2023-03-01,23.21230176,25.53552612,23.1325344,25.53552612,79016032.0,1960434755.64,600588.SH
2023-03-02,25.89447924,26.7220656,25.63523532,26.39302524,78771356.0,2060676820.64,600588.SH
2023-03-03,26.09389764,26.55255996,25.28625312,25.88450832,43477711.0,1126747811.6,600588.SH
2023-03-06,25.7249736,26.1238104,25.51558428,25.69506084,24900011.0,643458049.15,600588.SH
2023-03-07,25.65517716,25.8745374,24.89738724,24.90735816,24823187.0,628122831.77,600588.SH
2023-03-08,24.90735816,25.44578784,24.90735816,25.25634036,22071093.0,556505865.01,600588.SH
2023-03-09,25.2762822,25.81471188,24.8774454,25.41587508,24468535.0,620563181.36,600588.SH
2023-03-10,25.01703828,25.425846,24.90735816,25.00706736,19090919.0,481296700.11,600588.SH
2023-03-13,24.91732908,27.50976828,24.68799792,27.50976828,59048455.0,1575080374.28,600588.SH
2023-03-14,28.19776176,28.57665672,27.5197392,27.94848876,82996951.0,2331358132.67,600588.SH
2023-03-15,28.10802348,28.17781992,27.09098964,27.34026264,41822142.0,1152113133.04,600588.SH
2023-03-16,27.42003,27.5695938,26.88160032,26.98130952,43549293.0,1188138095.42,600588.SH
2023-03-17,27.19069884,28.73619144,26.8217748,28.13793624,96409086.0,2702275325.21,600588.SH
2023-03-20,26.94142584,26.95139676,25.3261368,25.3261368,118603774.0,3034837451.96,600588.SH
2023-03-21,25.40590416,25.7748282,24.179481,25.2264276,86131548.0,2170957564.96,600588.SH
2023-03-22,24.9273,24.9273,23.79061512,24.15953916,93595151.0,2272308086.6,600588.SH
2023-03-23,23.92023708,24.85750356,23.5313712,24.8275908,88935188.0,2162385533.21,600588.SH
2023-03-24,24.58828872,26.15372316,24.48857952,25.91442108,104506886.0,2659949223.85,600588.SH
2023-03-27,25.98421752,26.3232288,24.5284632,25.176573,87757588.0,2228155469.92,600588.SH
2023-03-28,25.18654392,25.9742466,24.70793976,25.1267184,61372694.0,1562892285.41,600588.SH
2023-03-29,24.96718368,25.10677656,24.06980088,24.28916112,65867947.0,1617212029.57,600588.SH
2023-03-30,24.1296264,24.428754,23.55131304,23.67096408,55111604.0,1320641342.02,600588.SH
2023-03-31,23.72081868,25.4757006,23.40174924,25.0768638,84557707.0,2084065583.36,600588.SH
2023-04-03,24.95721276,26.28334512,24.84753264,26.04404304,89878434.0,2311374045.85,600588.SH
2023-04-04,26.23349052,26.8716294,25.63523532,26.30328696,78159376.0,2058694919.05,600588.SH
2023-04-06,25.7748282,26.14375224,25.40590416,25.6252644,50842922.0,1308375361.05,600588.SH
2023-04-07,25.74491544,26.2733742,25.45575876,26.11383948,45620449.0,1189039992.42,600588.SH
2023-04-10,26.1238104,26.34317064,24.40881216,24.45866676,51628901.0,1308489635.13,600588.SH
2023-04-11,24.5284632,25.19651484,24.39884124,24.6281724,37008772.0,917656385.49,600588.SH
2023-04-12,24.43872492,25.50561336,24.3290448,25.0270092,39036152.0,978975905.18,600588.SH
2023-04-13,24.8774454,25.20648576,24.2791902,24.3788994,38851061.0,961127230.92,600588.SH
2023-04-14,24.3788994,24.94724184,23.81055696,24.3290448,34438499.0,839445083.36,600588.SH
2023-04-17,24.25924836,24.54840504,23.64105132,23.92023708,34589386.0,831718867.13,600588.SH
2023-04-18,23.92023708,24.06980088,23.4815166,23.72081868,38126236.0,906650909.4,600588.SH
2023-04-19,23.72081868,24.2791902,23.60116764,23.77067328,35705555.0,858189706.69,600588.SH
2023-04-20,23.89032432,24.00997536,23.02285428,23.3319528,40382726.0,947204188.29,600588.SH
2023-04-21,23.8803534,25.0270092,22.683843,22.77358128,80394304.0,1920714746.51,600588.SH
2023-04-24,22.7835522,22.81346496,21.8861694,22.11550056,44249666.0,987841599.31,600588.SH
2023-04-25,21.95596584,22.31491896,21.36768156,21.61695456,39401307.0,859293172.06,600588.SH
2023-04-26,21.52721628,21.82634388,21.01869936,21.34773972,32359663.0,695027069.45,600588.SH
2023-04-27,21.21811776,21.65683824,20.84919372,21.0884958,29813384.0,634714137.13,600588.SH
2023-04-28,21.0884958,21.66680916,21.05858304,21.54715812,23071481.0,496460256.72,600588.SH
2023-05-04,21.1383504,21.46739076,20.42044416,20.76942636,37344253.0,777600785.74,600588.SH
2023-05-05,20.7395136,21.37765248,20.689659,21.06855396,28029775.0,592089736.61,600588.SH
2023-05-08,21.1383504,21.3876234,20.8890774,21.2380596,21608229.0,458151394.0,600588.SH
2023-05-09,21.2380596,21.42750708,20.938932,20.938932,20915902.0,443871065.86,600588.SH
2023-05-10,21.04861212,21.188205,20.6398044,20.80931004,18149852.0,379899734.28,600588.SH
2023-05-11,20.90901924,21.00872844,20.56003704,20.57000796,12256858.0,254095068.31,600588.SH
2023-05-12,20.6,20.64,20.1,20.19,16790082.0,341275739.69,600588.SH
2023-05-15,20.18,20.57,19.93,20.53,19243330.0,388936285.35,600588.SH
2023-05-16,20.53,20.58,20.02,20.08,13743786.0,278387295.34,600588.SH
2023-05-17,20.08,20.25,19.88,20.01,14580516.0,292265457.43,600588.SH
2023-05-18,20.02,20.3,19.95,20.1,14126570.0,284611770.69,600588.SH
2023-05-19,20.08,20.29,19.9,20.07,16432928.0,330069030.6,600588.SH
2023-05-22,20.07,20.12,19.71,20.0,13018208.0,258868298.54,600588.SH
2023-05-23,19.95,20.04,19.71,19.71,12084364.0,239729031.87,600588.SH
2023-05-24,19.61,19.82,19.38,19.63,15423749.0,302568840.3,600588.SH
2023-05-25,19.63,19.8,19.24,19.43,15661185.0,304776371.44,600588.SH
2023-05-26,19.43,19.54,19.24,19.42,10773208.0,208711981.6,600588.SH
2023-05-29,19.42,19.57,19.04,19.26,15916580.0,306993803.59,600588.SH
2023-05-30,19.25,19.58,18.95,19.58,17551372.0,339294454.1,600588.SH
2023-05-31,19.5,20.08,19.47,19.88,25067130.0,497681565.23,600588.SH
2023-06-01,19.72,20.8,19.69,20.43,33427069.0,682657843.88,600588.SH
2023-06-02,20.45,20.79,20.31,20.65,21928407.0,451958495.31,600588.SH
2023-06-05,20.68,20.76,20.45,20.46,17213475.0,354209161.4,600588.SH
2023-06-06,21.03,21.18,19.96,20.07,45794322.0,936886947.94,600588.SH
2023-06-07,20.06,20.69,19.7,20.43,26100632.0,531824948.66,600588.SH
2023-06-08,20.27,20.31,19.7,20.0,22021258.0,439334525.63,600588.SH
2023-06-09,20.0,20.53,19.86,20.44,24392920.0,494119974.94,600588.SH
2023-06-12,20.44,20.69,20.3,20.54,19035602.0,391086725.66,600588.SH
2023-06-13,20.53,21.1,20.37,21.05,28707405.0,600114036.16,600588.SH
2023-06-14,21.1,21.21,20.81,20.99,19065624.0,400323352.44,600588.SH
2023-06-15,20.98,21.09,20.74,20.91,17659083.0,369359197.66,600588.SH
2023-06-16,20.93,21.94,20.7,21.71,38993175.0,837519830.03,600588.SH
2023-06-19,21.77,23.08,21.6,22.76,59193950.0,1328435369.53,600588.SH
2023-06-20,22.61,23.51,22.5,23.13,48215517.0,1115438665.22,600588.SH
2023-06-21,23.36,23.54,22.5,22.52,34188063.0,781665583.88,600588.SH
2023-06-26,22.36,22.58,21.5,21.61,32704105.0,716651035.11,600588.SH
2023-06-27,21.67,21.7,20.78,21.12,29184421.0,615837291.73,600588.SH
2023-06-28,21.08,21.08,19.99,20.41,27568259.0,561261326.98,600588.SH
2023-06-29,20.34,20.8,20.01,20.66,25520560.0,520924183.74,600588.SH
2023-06-30,20.58,21.23,20.4,20.5,30735240.0,636766174.44,600588.SH
2023-07-03,20.65,20.75,19.99,20.6,22512134.0,459585095.79,600588.SH
2023-07-04,20.46,20.78,20.44,20.73,16957936.0,350194915.86,600588.SH
2023-07-05,20.7,20.88,20.21,20.23,21254286.0,434886031.24,600588.SH
2023-07-06,20.12,20.47,20.05,20.06,17189892.0,347179095.59,600588.SH
2023-07-07,20.01,20.14,19.55,19.94,20860012.0,413795412.86,600588.SH
2023-07-10,20.04,20.09,19.77,19.81,18613652.0,369879930.82,600588.SH
2023-07-11,19.81,19.95,19.79,19.88,10478095.0,208233377.6,600588.SH
2023-07-12,19.96,19.96,19.29,19.31,23207179.0,454259598.96,600588.SH
2023-07-13,19.44,19.65,19.28,19.51,21910227.0,427398828.97,600588.SH
2023-07-14,19.44,19.67,19.18,19.2,28510721.0,552505930.63,600588.SH
2023-07-17,18.88,19.5,18.65,19.39,22004258.0,423003571.09,600588.SH
2023-07-18,19.28,19.42,18.9,18.93,28165483.0,536349308.94,600588.SH
2023-07-19,18.8,19.17,18.76,18.83,22929948.0,433648099.94,600588.SH
2023-07-20,18.83,18.86,18.35,18.39,29814679.0,551540807.95,600588.SH
2023-07-21,18.25,18.44,18.09,18.11,22471273.0,409419505.32,600588.SH
2023-07-24,18.05,18.28,18.04,18.14,15483375.0,280963850.97,600588.SH
2023-07-25,18.32,18.91,18.28,18.84,34662852.0,643707601.39,600588.SH
2023-07-26,18.66,18.8,18.39,18.48,23925225.0,442725599.53,600588.SH
2023-07-27,18.47,18.6,18.12,18.17,24503585.0,448932795.34,600588.SH
2023-07-28,18.17,18.64,18.0,18.61,29700875.0,546056752.58,600588.SH
2023-07-31,18.55,19.24,18.53,18.87,37088889.0,699089231.63,600588.SH
2023-08-01,18.79,19.15,18.72,18.96,18037899.0,341412549.9,600588.SH
2023-08-02,18.9,19.12,18.86,19.06,13271551.0,252255731.35,600588.SH
2023-08-03,19.0,19.25,18.86,19.25,16194779.0,308804300.19,600588.SH
2023-08-04,19.25,19.74,19.2,19.45,26967454.0,526382062.15,600588.SH
2023-08-07,19.45,19.56,19.24,19.37,14419509.0,279626335.37,600588.SH
2023-08-08,19.4,19.49,19.25,19.31,12366944.0,239688191.89,600588.SH
2023-08-09,19.28,19.64,19.22,19.31,12347862.0,239646048.7,600588.SH
2023-08-10,19.21,19.38,19.15,19.32,9586191.0,184635925.3,600588.SH
2023-08-11,19.38,19.39,18.83,18.84,14303827.0,273079463.6,600588.SH
2023-08-14,18.7,19.23,18.48,19.18,18283080.0,346834163.76,600588.SH
2023-08-15,19.21,19.23,18.45,18.67,23439887.0,438120370.47,600588.SH
2023-08-16,18.67,18.71,18.3,18.34,13951447.0,257376120.49,600588.SH
2023-08-17,18.31,18.34,18.08,18.18,15144908.0,275504895.47,600588.SH
2023-08-18,18.12,18.2,17.1,17.1,40957651.0,715304691.4,600588.SH
2023-08-21,17.1,17.44,16.95,17.05,20559201.0,354106196.18,600588.SH
2023-08-22,17.24,17.84,17.11,17.75,28684441.0,500788933.34,600588.SH
2023-08-23,17.74,17.76,17.28,17.31,18939962.0,331987586.7,600588.SH
2023-08-24,17.4,17.71,17.28,17.45,19147583.0,335054042.19,600588.SH
2023-08-25,17.3,17.36,16.8,16.89,20193301.0,343233812.78,600588.SH
2023-08-28,17.94,17.97,16.95,17.04,25308114.0,441714574.29,600588.SH
2023-08-29,17.04,17.59,16.98,17.46,16970485.0,294399600.63,600588.SH
2023-08-30,17.5,17.98,17.48,17.85,22606378.0,402359007.78,600588.SH
2023-08-31,17.9,18.3,17.88,18.15,22589570.0,409847758.76,600588.SH
2023-09-01,18.17,18.17,17.85,17.97,11602236.0,208431441.71,600588.SH
2023-09-04,18.02,18.12,17.78,18.1,13572717.0,244272784.93,600588.SH
2023-09-05,18.0,18.25,17.84,17.88,10976700.0,197363262.0,600588.SH
2023-09-06,17.8,17.88,17.58,17.84,8709243.0,154705299.61,600588.SH
2023-09-07,17.75,17.8,17.3,17.32,17447139.0,305127793.44,600588.SH
2023-09-08,17.4,17.43,16.96,17.12,14209186.0,243280409.9,600588.SH
2023-09-11,17.16,17.57,16.95,17.36,15634654.0,269683516.94,600588.SH
2023-09-12,17.39,17.62,17.26,17.51,11254322.0,196669599.28,600588.SH
2023-09-13,17.44,17.44,16.92,17.02,17602758.0,301000795.55,600588.SH
2023-09-14,17.0,17.05,16.66,16.8,15712054.0,264378430.67,600588.SH
2023-09-15,16.79,17.19,16.75,16.89,14653252.0,248252144.88,600588.SH
2023-09-18,16.83,17.35,16.68,17.09,17020661.0,291337454.88,600588.SH
2023-09-19,17.12,17.17,16.68,16.73,15068154.0,253423031.95,600588.SH
2023-09-20,16.69,16.75,16.53,16.6,11801061.0,196275789.16,600588.SH
2023-09-21,16.51,16.68,16.38,16.39,12003930.0,197814679.32,600588.SH
2023-09-22,16.31,16.9,16.28,16.86,18145532.0,303976453.29,600588.SH
2023-09-25,17.1,17.1,16.24,16.32,24836417.0,408274390.1,600588.SH
2023-09-26,16.26,16.66,16.25,16.44,14177626.0,233726712.76,600588.SH
2023-09-27,16.4,16.72,16.36,16.54,12086356.0,200238840.45,600588.SH
2023-09-28,16.62,16.63,16.41,16.62,10752233.0,177785873.74,600588.SH
2023-10-09,16.61,17.01,16.48,16.88,14464676.0,242665158.47,600588.SH
2023-10-10,16.88,16.97,16.74,16.76,12935260.0,217843751.55,600588.SH
2023-10-11,16.82,17.65,16.66,17.3,26408251.0,455843947.67,600588.SH
2023-10-12,17.33,17.51,17.14,17.24,13514844.0,233481541.08,600588.SH
2023-10-13,17.15,17.2,16.9,17.0,12628307.0,214940485.56,600588.SH
2023-10-16,17.05,17.1,16.48,16.59,18183826.0,303483892.55,600588.SH
2023-10-17,16.61,16.73,16.46,16.71,9769404.0,162353360.67,600588.SH
2023-10-18,16.61,16.61,15.94,16.32,21534170.0,349335370.17,600588.SH
2023-10-19,16.15,16.61,16.0,16.03,18602904.0,302950021.49,600588.SH
2023-10-20,15.95,16.0,15.3,15.36,23637941.0,367915529.11,600588.SH
2023-10-23,15.27,15.57,15.11,15.27,18352916.0,281178255.81,600588.SH
2023-10-24,15.3,15.6,14.96,15.37,15612765.0,239308943.37,600588.SH
2023-10-25,15.42,15.83,15.3,15.48,18086520.0,281552954.93,600588.SH
2023-10-26,15.33,15.7,15.28,15.68,14061890.0,218417304.22,600588.SH
2023-10-27,15.6,16.25,15.43,16.14,22825982.0,363298152.44,600588.SH
2023-10-30,16.01,16.52,15.84,16.43,18796547.0,305756960.09,600588.SH
2023-10-31,16.43,16.53,16.21,16.37,13843934.0,225994469.62,600588.SH
2023-11-01,16.36,16.48,16.23,16.27,9913102.0,161968550.91,600588.SH
2023-11-02,16.28,16.43,16.18,16.18,9199893.0,149921360.32,600588.SH
2023-11-03,16.25,16.7,16.2,16.55,15166769.0,250500516.83,600588.SH
2023-11-06,16.65,17.18,16.62,17.16,19382723.0,330213548.6,600588.SH
2023-11-07,17.16,17.35,16.98,17.17,16203467.0,278097279.31,600588.SH
2023-11-08,17.17,17.75,17.13,17.52,27946075.0,489646450.91,600588.SH
2023-11-09,17.48,17.58,17.23,17.29,11725297.0,203660742.27,600588.SH
2023-11-10,17.22,17.26,17.06,17.13,10169212.0,174443282.98,600588.SH
2023-11-13,17.24,17.58,17.2,17.43,12961673.0,225993982.4,600588.SH
2023-11-14,17.5,17.77,17.43,17.57,11791341.0,207511593.31,600588.SH
2023-11-15,17.77,17.88,17.57,17.65,14408762.0,254852529.7,600588.SH
2023-11-16,17.61,17.74,17.45,17.45,9746899.0,171184769.38,600588.SH
2023-11-17,17.43,17.69,17.3,17.47,12102448.0,211453469.25,600588.SH
2023-11-20,17.6,18.11,17.48,17.87,19980430.0,356229152.35,600588.SH
2023-11-21,17.9,17.99,17.63,17.77,13479058.0,239921897.0,600588.SH
2023-11-22,17.74,17.86,17.6,17.6,9641779.0,170842428.09,600588.SH
2023-11-23,17.58,17.74,17.28,17.68,10886965.0,191315155.59,600588.SH
2023-11-24,17.64,17.64,17.23,17.31,10744613.0,186666271.56,600588.SH
2023-11-27,17.24,17.39,17.07,17.22,10023424.0,172538849.91,600588.SH
2023-11-28,17.19,17.26,16.88,17.08,10620300.0,180798604.92,600588.SH
2023-11-29,17.01,17.06,16.82,16.89,11264527.0,190439743.99,600588.SH
2023-11-30,16.81,16.89,16.61,16.71,13821328.0,230979455.91,600588.SH
2023-12-01,16.73,17.3,16.55,17.16,17062082.0,288684067.16,600588.SH
2023-12-04,17.14,17.58,17.13,17.31,14016948.0,243903115.07,600588.SH
2023-12-05,17.22,17.3,16.67,16.67,12380430.0,209506610.1,600588.SH
2023-12-06,16.61,16.99,16.43,16.85,10160949.0,170175422.16,600588.SH
2023-12-07,16.76,17.36,16.75,17.24,15030384.0,256990461.56,600588.SH
2023-12-08,17.29,18.1,17.29,17.94,35529949.0,635740123.58,600588.SH
2023-12-11,17.95,18.1,17.61,18.06,18657804.0,333386346.23,600588.SH
2023-12-12,18.04,18.18,17.9,18.1,12179023.0,219856177.45,600588.SH
2023-12-13,18.1,18.36,17.97,18.01,13125996.0,237880641.58,600588.SH
2023-12-14,18.16,18.46,18.09,18.12,13951261.0,254782072.73,600588.SH
2023-12-15,18.2,18.25,17.76,17.81,14748369.0,264121180.07,600588.SH
2023-12-18,17.75,17.87,17.48,17.58,12289880.0,216855185.79,600588.SH
2023-12-19,17.59,17.8,17.32,17.73,10238605.0,180160695.65,600588.SH
2023-12-20,17.71,17.79,16.94,17.05,15717015.0,271908699.65,600588.SH
2023-12-21,17.0,17.37,16.91,17.29,12980973.0,222255435.81,600588.SH
2023-12-22,17.13,17.34,16.55,17.09,23737584.0,402527923.24,600588.SH
2023-12-25,16.9,17.12,16.73,16.78,9087726.0,153388110.18,600588.SH
2023-12-26,16.78,16.84,16.44,16.7,9770833.0,162106427.49,600588.SH
2023-12-27,16.72,17.25,16.6,16.61,12953212.0,217981082.74,600588.SH
2023-12-28,16.6,17.65,16.51,17.48,19988693.0,344558855.38,600588.SH
2023-12-29,17.57,17.87,17.49,17.79,14434110.0,255758995.34,600588.SH
2024-01-02,17.8,17.85,17.4,17.4,10793000.0,189012292.2,600588.SH
2024-01-03,17.62,18.28,17.12,17.28,24274622.0,425743033.82,600588.SH
2024-01-04,17.42,17.45,16.7,16.91,12974028.0,220097773.15,600588.SH
2024-01-05,16.91,17.0,16.38,16.49,14989769.0,249433229.22,600588.SH
2024-01-08,16.39,16.39,15.73,15.76,24397679.0,388620018.32,600588.SH
2024-01-09,15.76,16.0,15.07,15.31,29691015.0,459597651.03,600588.SH
2024-01-10,15.25,15.41,14.84,15.03,20012042.0,302336319.05,600588.SH
2024-01-11,15.09,15.34,14.78,14.93,33451208.0,501811335.77,600588.SH
2024-01-12,14.93,14.93,13.6,14.05,63336616.0,897804280.14,600588.SH
2024-01-15,13.89,14.17,13.77,13.9,32422644.0,451813508.77,600588.SH
2024-01-16,13.85,13.86,13.26,13.53,46816621.0,628901059.71,600588.SH
2024-01-17,13.49,13.53,13.2,13.2,23965800.0,319795463.92,600588.SH
2024-01-18,13.16,13.43,12.91,13.38,29982289.0,393469678.3,600588.SH
2024-01-19,13.27,13.5,13.12,13.16,24806134.0,329032908.24,600588.SH
2024-01-22,13.17,13.2,12.45,12.6,31294509.0,401410135.63,600588.SH
2024-01-23,12.58,13.01,12.38,12.9,25501009.0,323712138.05,600588.SH
2024-01-24,12.96,13.0,12.35,12.67,40220153.0,504701172.02,600588.SH
2024-01-25,12.63,13.03,12.48,12.96,29629544.0,379887583.2,600588.SH
2024-01-26,12.89,12.98,12.6,12.66,24231513.0,309480507.55,600588.SH
2024-01-29,12.52,12.74,12.32,12.33,28183982.0,351577558.05,600588.SH
2024-01-30,12.34,12.43,11.86,11.91,33110736.0,399653516.24,600588.SH
2024-01-31,11.84,11.91,11.13,11.19,47302525.0,540784469.84,600588.SH
2024-02-01,11.16,11.59,10.94,11.21,37623819.0,423559034.26,600588.SH
2024-02-02,11.26,11.38,10.26,10.71,52143711.0,562266443.67,600588.SH
2024-02-05,10.9,10.9,9.71,9.92,68285544.0,686630531.75,600588.SH
2024-02-06,10.03,10.76,9.83,10.64,48850912.0,504637080.33,600588.SH
2024-02-07,10.7,11.16,10.69,10.9,50670469.0,552900871.34,600588.SH
2024-02-08,11.04,11.43,10.69,11.39,49260989.0,547968112.19,600588.SH
2024-02-19,11.54,11.65,11.16,11.48,48700127.0,553484868.03,600588.SH
2024-02-20,11.4,11.56,11.19,11.53,26173765.0,299055123.12,600588.SH
2024-02-21,11.4,12.13,11.33,11.79,35435220.0,418204344.95,600588.SH
2024-02-22,11.79,12.28,11.75,12.17,33010370.0,398968752.79,600588.SH
2024-02-23,12.19,12.33,12.0,12.27,29576283.0,359322024.96,600588.SH
2024-02-26,12.2,12.45,12.16,12.28,32421462.0,399673423.79,600588.SH
2024-02-27,12.2,12.81,12.08,12.81,43010433.0,535994297.65,600588.SH
2024-02-28,12.7,13.12,12.15,12.16,44624697.0,565026902.22,600588.SH
2024-02-29,12.07,12.68,12.01,12.67,32011266.0,399989174.97,600588.SH
2024-03-01,12.68,13.13,12.6,13.11,32941744.0,426924728.95,600588.SH
2024-03-04,13.19,13.27,12.76,12.91,30032423.0,389302746.06,600588.SH
2024-03-05,12.8,12.99,12.6,12.68,25903219.0,330995621.05,600588.SH
2024-03-06,12.63,12.85,12.41,12.6,22405888.0,282246861.66,600588.SH
2024-03-07,12.63,12.76,12.2,12.2,22419001.0,277987558.02,600588.SH
2024-03-08,12.25,12.37,12.05,12.3,19717727.0,240565067.46,600588.SH
2024-03-11,12.22,12.6,12.16,12.6,24173829.0,300111719.1,600588.SH
2024-03-12,12.71,12.88,12.56,12.82,27797906.0,354432676.78,600588.SH
2024-03-13,12.93,13.19,12.8,13.02,31640983.0,411401420.88,600588.SH
2024-03-14,13.0,13.0,12.53,12.7,24759248.0,315509801.04,600588.SH
2024-03-15,12.74,12.88,12.42,12.84,21831184.0,274926983.3,600588.SH
2024-03-18,12.87,13.13,12.8,13.12,29077062.0,378372741.25,600588.SH
2024-03-19,13.12,13.34,13.0,13.08,22002591.0,289609803.38,600588.SH
2024-03-20,13.08,13.32,13.02,13.22,22723031.0,299844236.72,600588.SH
2024-03-21,13.39,14.25,13.36,13.46,63276909.0,865768358.56,600588.SH
2024-03-22,13.41,13.46,12.91,13.14,38442868.0,505861047.5,600588.SH
2024-03-25,13.13,13.21,12.63,12.63,27882651.0,360023621.3,600588.SH
2024-03-26,12.56,12.72,12.15,12.3,28434916.0,352432815.87,600588.SH
2024-03-27,12.3,12.33,11.61,11.62,28125479.0,334049888.56,600588.SH
2024-03-28,11.62,12.19,11.53,12.06,26549459.0,316944870.99,600588.SH
2024-03-29,12.05,12.08,11.75,11.95,17025174.0,202293287.23,600588.SH
2024-04-01,11.95,13.0,11.94,12.78,44358603.0,558473249.69,600588.SH
2024-04-02,12.78,12.78,12.25,12.32,28753013.0,356817276.35,600588.SH
2024-04-03,12.35,12.37,11.6,11.71,39904652.0,473034991.0,600588.SH
2024-04-08,11.71,11.72,11.37,11.39,23300685.0,267389650.78,600588.SH
2024-04-09,11.36,11.62,11.35,11.6,14605668.0,168182359.7,600588.SH
2024-04-10,11.6,11.61,11.18,11.29,18444842.0,208572909.66,600588.SH
2024-04-11,11.2,11.5,11.16,11.33,16420609.0,186807782.83,600588.SH
2024-04-12,11.33,11.45,11.18,11.2,15344559.0,173230036.76,600588.SH
2024-04-15,11.2,11.39,10.95,11.09,21938018.0,244740313.41,600588.SH
2024-04-16,11.0,11.11,10.73,10.76,25258562.0,275337508.56,600588.SH
2024-04-17,10.9,11.21,10.87,11.12,24066336.0,265929904.87,600588.SH
2024-04-18,11.1,11.29,10.87,11.04,23037287.0,255762214.04,600588.SH
2024-04-19,10.98,11.09,10.78,10.87,18899884.0,205904237.94,600588.SH
2024-04-22,11.05,11.4,10.67,11.08,27869710.0,307433752.67,600588.SH
2024-04-23,11.1,11.25,11.04,11.12,18506903.0,205774090.85,600588.SH
2024-04-24,11.05,11.4,11.03,11.4,20250332.0,228247534.51,600588.SH
2024-04-25,11.38,11.64,11.2,11.47,20123854.0,230965216.67,600588.SH
2024-04-26,11.44,11.76,11.42,11.75,21620371.0,251981280.59,600588.SH
2024-04-29,11.6,11.93,11.6,11.82,30510058.0,360083763.37,600588.SH
2024-04-30,11.87,11.87,11.5,11.64,24721663.0,287952913.89,600588.SH
2024-05-06,11.82,12.07,11.73,11.76,27705882.0,329990322.25,600588.SH
2024-05-07,11.76,11.9,11.69,11.81,19272074.0,227307593.39,600588.SH
2024-05-08,11.72,11.85,11.55,11.58,16746400.0,195117755.75,600588.SH
2024-05-09,11.63,11.89,11.6,11.82,16069121.0,189216165.12,600588.SH
2024-05-10,11.85,11.93,11.56,11.61,17609323.0,205543917.29,600588.SH
2024-05-13,11.49,11.64,11.3,11.4,18893763.0,216136764.22,600588.SH
2024-05-14,11.43,11.6,11.38,11.49,13594866.0,155876769.83,600588.SH
2024-05-15,11.45,11.52,11.35,11.44,11953663.0,136582905.73,600588.SH
2024-05-16,11.44,11.71,11.39,11.49,18352024.0,212148157.26,600588.SH
2024-05-17,11.51,11.83,11.43,11.83,19117504.0,223984754.21,600588.SH
2024-05-20,11.83,12.13,11.74,11.99,20295081.0,243085835.86,600588.SH
2024-05-21,11.99,12.01,11.87,11.91,11832812.0,141175747.88,600588.SH
2024-05-22,11.87,12.03,11.8,11.99,11613320.0,138597727.69,600588.SH
2024-05-23,11.96,12.01,11.61,11.65,14338446.0,168590023.2,600588.SH
2024-05-24,11.64,11.67,11.23,11.23,17877633.0,203664089.79,600588.SH
2024-05-27,11.28,11.32,10.88,11.13,21328746.0,235481504.77,600588.SH
2024-05-28,11.12,11.29,10.97,11.11,13411920.0,149728848.08,600588.SH
2024-05-29,11.1,11.22,11.0,11.03,11033658.0,122461943.75,600588.SH
2024-05-30,11.0,11.07,10.87,10.99,13747619.0,150551185.28,600588.SH
2024-05-31,10.99,11.34,10.99,11.25,19484671.0,218602785.53,600588.SH
2024-06-03,11.2,11.23,10.88,10.93,15713935.0,172580530.97,600588.SH
2024-06-04,10.84,10.95,10.75,10.87,14600188.0,157983081.85,600588.SH
2024-06-05,10.88,11.24,10.83,11.14,19403501.0,215822714.77,600588.SH
2024-06-06,11.14,11.17,10.58,10.62,26203775.0,282717244.89,600588.SH
2024-06-07,10.7,10.92,10.66,10.77,14797390.0,159608222.3,600588.SH
2024-06-11,10.75,11.04,10.55,10.99,17922996.0,194757762.5,600588.SH
2024-06-12,10.99,11.14,10.91,10.92,14790109.0,163066323.79,600588.SH
2024-06-13,10.96,11.06,10.8,10.92,11467648.0,125418048.09,600588.SH
2024-06-14,10.93,10.97,10.77,10.92,12916257.0,140520157.08,600588.SH
2024-06-17,10.93,11.0,10.75,10.87,13804532.0,150336385.44,600588.SH
2024-06-18,10.89,11.05,10.82,10.92,14537802.0,159036935.34,600588.SH
2024-06-19,10.93,10.97,10.66,10.72,16549126.0,178220850.28,600588.SH
2024-06-20,10.7,10.72,10.34,10.36,18049566.0,189511681.91,600588.SH
2024-06-21,10.36,10.38,10.1,10.31,17963313.0,184721746.3,600588.SH
2024-06-24,10.26,10.31,10.03,10.09,24818107.0,252270031.54,600588.SH
2024-06-25,10.15,10.21,9.74,9.85,24289459.0,240732730.62,600588.SH
2024-06-26,9.83,10.32,9.73,10.3,20424650.0,204427354.37,600588.SH
2024-06-27,10.25,10.6,10.22,10.29,22835182.0,237027567.45,600588.SH
2024-06-28,10.33,10.37,9.97,10.0,19228850.0,195092573.14,600588.SH
2024-07-01,9.96,9.98,9.65,9.82,17794001.0,174133228.88,600588.SH
2024-07-02,9.95,10.59,9.95,10.26,53328270.0,549035342.7,600588.SH
2024-07-03,10.39,10.39,9.65,9.66,54734882.0,539403587.8,600588.SH
2024-07-04,9.66,9.68,9.25,9.28,35187888.0,331190451.99,600588.SH
2024-07-05,9.29,9.41,9.21,9.34,23012909.0,214854115.48,600588.SH
2024-07-08,9.31,9.31,8.97,9.0,27962825.0,253169642.39,600588.SH
2024-07-09,8.99,9.03,8.73,8.92,30829551.0,274356039.85,600588.SH
2024-07-10,8.8,9.27,8.68,9.08,32323499.0,293864814.16,600588.SH
2024-07-11,9.2,9.43,9.1,9.41,24542189.0,228886879.05,600588.SH
2024-07-12,9.35,9.37,9.17,9.19,19100803.0,176582843.95,600588.SH
2024-07-15,9.17,9.2,8.85,8.88,20454758.0,183468108.92,600588.SH
2024-07-16,8.95,9.07,8.68,9.03,21002311.0,186976231.95,600588.SH
2024-07-17,9.0,9.11,8.94,9.02,15650423.0,141392515.04,600588.SH
2024-07-18,9.0,9.06,8.76,9.02,21296230.0,189596781.85,600588.SH
2024-07-19,8.94,9.47,8.92,9.36,30979370.0,287571636.41,600588.SH
2024-07-22,9.49,9.77,9.4,9.68,34883491.0,336003731.45,600588.SH
2024-07-23,9.61,9.66,9.4,9.41,24397177.0,233278557.01,600588.SH
2024-07-24,9.38,9.42,9.15,9.2,17944254.0,166544649.54,600588.SH
2024-07-25,9.17,9.45,9.13,9.26,16134093.0,149557492.59,600588.SH
2024-07-26,9.3,9.48,9.2,9.3,14817639.0,138097529.45,600588.SH
2024-07-29,9.3,9.34,9.16,9.19,11714041.0,108104061.94,600588.SH
2024-07-30,9.14,9.27,9.09,9.23,12673728.0,116393326.49,600588.SH
2024-07-31,9.2,9.58,9.19,9.58,23385533.0,221353687.49,600588.SH
2024-08-01,9.59,9.71,9.37,9.45,22528555.0,213968334.04,600588.SH
2024-08-02,9.38,9.53,9.2,9.26,17522777.0,164400485.62,600588.SH
2024-08-05,9.2,9.4,9.05,9.06,21080047.0,193974353.57,600588.SH
2024-08-06,9.14,9.25,9.06,9.18,15918704.0,145583690.77,600588.SH
2024-08-07,9.17,9.26,9.09,9.2,13692336.0,125774217.84,600588.SH
2024-08-08,9.12,9.24,8.96,9.19,14740425.0,134315037.84,600588.SH
2024-08-09,9.22,9.28,8.94,8.94,17434565.0,158037399.18,600588.SH
2024-08-12,8.89,8.93,8.71,8.75,19966018.0,175015836.74,600588.SH
2024-08-13,8.76,8.84,8.69,8.79,13284245.0,116591210.7,600588.SH
2024-08-14,8.79,8.86,8.66,8.67,13474198.0,117344105.6,600588.SH
2024-08-15,8.66,8.92,8.59,8.8,18524616.0,162705923.21,600588.SH
2024-08-16,8.82,8.85,8.68,8.68,11267878.0,98443880.82,600588.SH
2024-08-19,8.68,8.88,8.67,8.7,15500546.0,135803681.71,600588.SH
2024-08-20,8.69,8.71,8.45,8.47,15923471.0,135845816.96,600588.SH
2024-08-21,8.44,8.59,8.4,8.44,13169802.0,111788495.84,600588.SH
2024-08-22,8.43,8.51,8.19,8.21,16392318.0,136006492.91,600588.SH
2024-08-23,8.24,8.45,8.22,8.38,19231462.0,160535614.75,600588.SH
2024-08-26,8.43,8.48,8.28,8.31,17275334.0,144593663.4,600588.SH
2024-08-27,8.29,8.34,8.09,8.13,16182754.0,132193884.06,600588.SH
2024-08-28,8.14,8.3,8.03,8.24,15570533.0,127410498.52,600588.SH
2024-08-29,8.19,8.55,8.17,8.44,15115192.0,126689329.3,600588.SH
2024-08-30,8.45,8.78,8.39,8.71,27606099.0,239327988.88,600588.SH
2024-09-02,8.71,8.73,8.31,8.32,22555992.0,191203013.2,600588.SH
2024-09-03,8.33,8.5,8.29,8.47,18094016.0,152367895.16,600588.SH
2024-09-04,8.4,8.58,8.39,8.45,14201991.0,120663790.24,600588.SH
2024-09-05,8.5,8.68,8.48,8.61,14884113.0,128021617.84,600588.SH
2024-09-06,8.62,8.68,8.43,8.45,9216295.0,78452567.82,600588.SH
2024-09-09,8.41,8.49,8.28,8.35,14065267.0,117624262.94,600588.SH
2024-09-10,8.37,8.71,8.24,8.64,21361522.0,181386639.35,600588.SH
2024-09-11,8.63,8.77,8.59,8.76,16249297.0,141586149.98,600588.SH
2024-09-12,8.76,8.9,8.69,8.7,14818761.0,129988328.9,600588.SH
2024-09-13,8.71,8.75,8.58,8.59,9243940.0,79931964.66,600588.SH
2024-09-18,8.58,8.67,8.44,8.55,10260701.0,87519542.55,600588.SH
2024-09-19,8.32,8.8,8.32,8.73,19227927.0,165837371.67,600588.SH
2024-09-20,8.73,8.81,8.64,8.76,18462161.0,161056255.66,600588.SH
2024-09-23,8.76,8.86,8.69,8.75,13176936.0,115799383.99,600588.SH
2024-09-24,8.78,8.97,8.6,8.97,29675185.0,262413639.6,600588.SH
2024-09-25,9.15,9.32,9.06,9.1,34111002.0,313508490.14,600588.SH
2024-09-26,9.06,9.55,9.05,9.54,34997255.0,326098801.58,600588.SH
2024-09-27,9.71,10.49,9.71,10.45,43590842.0,441626816.05,600588.SH
2024-09-30,11.18,11.5,11.11,11.5,62732168.0,715974836.97,600588.SH
2024-10-08,12.65,12.65,12.09,12.65,154046461.0,1919341627.83,600588.SH
2024-10-09,12.58,12.69,11.45,11.64,130759330.0,1579996888.88,600588.SH
2024-10-10,11.6,12.1,11.41,11.77,80272598.0,944712560.25,600588.SH
2024-10-11,11.65,11.77,10.88,11.06,58831950.0,662273679.57,600588.SH
2024-10-14,11.07,11.32,10.7,11.3,51394920.0,567806371.88,600588.SH
2024-10-15,11.28,11.48,10.91,10.93,47582670.0,533202101.58,600588.SH
2024-10-16,10.72,11.12,10.61,10.93,33071907.0,360715556.94,600588.SH
2024-10-17,11.06,11.29,10.8,10.82,41670038.0,461027721.78,600588.SH
2024-10-18,10.74,11.3,10.59,11.05,94480940.0,1038755322.67,600588.SH
2024-10-21,11.09,11.64,11.05,11.51,83673027.0,950323803.98,600588.SH
2024-10-22,11.51,11.51,11.1,11.25,50172082.0,563232140.35,600588.SH
2024-10-23,11.29,12.01,11.08,11.5,83266479.0,965702816.03,600588.SH
2024-10-24,11.39,11.63,11.31,11.42,38216722.0,438460971.58,600588.SH
2024-10-25,11.4,11.85,11.31,11.68,46269340.0,535135940.46,600588.SH
2024-10-28,11.66,11.97,11.53,11.93,50230408.0,591798633.56,600588.SH
2024-10-29,11.91,12.2,11.74,11.99,64131993.0,768166848.46,600588.SH
2024-10-30,12.24,12.33,11.74,12.05,63016311.0,759049512.51,600588.SH
2024-10-31,11.62,11.63,11.03,11.4,111070894.0,1255121638.11,600588.SH
2024-11-01,11.23,11.5,10.9,10.91,64135009.0,711603203.48,600588.SH
2024-11-04,11.0,11.11,10.87,11.01,36955310.0,405318947.98,600588.SH
2024-11-05,11.15,12.11,11.0,11.82,125872190.0,1467760784.98,600588.SH
2024-11-06,11.68,12.13,11.52,11.83,103463430.0,1229890366.2,600588.SH
2024-11-07,11.72,12.36,11.53,12.3,114726919.0,1372354880.71,600588.SH
2024-11-08,12.46,13.1,12.14,12.58,142048629.0,1790477655.84,600588.SH
2024-11-11,12.58,13.84,12.53,13.84,107843194.0,1427498265.35,600588.SH
2024-11-12,14.11,14.53,13.3,13.47,164642255.0,2270684739.71,600588.SH
2024-11-13,13.39,14.14,13.31,14.01,131874872.0,1814469436.25,600588.SH
2024-11-14,13.96,13.97,13.1,13.1,91654000.0,1234580127.81,600588.SH
2024-11-15,12.98,13.64,12.95,13.0,78546437.0,1044103612.81,600588.SH
2024-11-18,12.99,13.15,12.07,12.13,71953051.0,895583441.53,600588.SH
2024-11-19,12.2,12.3,11.7,12.28,56159874.0,676666865.28,600588.SH
2024-11-20,12.19,12.57,12.08,12.44,51936294.0,641844505.39,600588.SH
2024-11-21,12.46,12.65,12.32,12.55,47282820.0,591549625.53,600588.SH
2024-11-22,12.45,13.5,12.37,12.57,97220806.0,1262394348.98,600588.SH
2024-11-25,12.6,12.74,11.97,12.54,60284156.0,738941667.19,600588.SH
2024-11-26,12.45,13.05,12.35,12.62,47985185.0,609932816.41,600588.SH
2024-11-27,12.54,12.95,12.15,12.92,47557606.0,591708120.49,600588.SH
2024-11-28,12.89,13.05,12.72,12.78,42113994.0,542213558.5,600588.SH
2024-11-29,12.95,13.5,12.92,13.22,81451867.0,1072526261.96,600588.SH
2024-12-02,13.18,13.36,13.0,13.22,52032460.0,686708999.54,600588.SH
2024-12-03,13.29,13.31,12.92,13.02,38015001.0,496796282.5,600588.SH
2024-12-04,13.1,13.19,12.56,12.6,44524581.0,570110764.96,600588.SH
2024-12-05,12.55,12.99,12.55,12.88,40792522.0,523741627.89,600588.SH
2024-12-06,12.9,13.13,12.66,12.93,45277075.0,583994142.0,600588.SH
2024-12-09,12.94,13.1,12.52,12.66,41160049.0,525167859.25,600588.SH
2024-12-10,13.04,13.13,12.78,12.81,48748933.0,631715409.48,600588.SH
2024-12-11,12.74,12.84,12.46,12.54,53767923.0,678995714.16,600588.SH
2024-12-12,12.5,12.53,12.22,12.48,44339809.0,548853522.09,600588.SH
2024-12-13,12.35,12.43,12.11,12.12,36074473.0,441908604.87,600588.SH
2024-12-16,12.11,12.14,11.82,11.92,29186655.0,349404249.12,600588.SH
2024-12-17,11.92,12.03,11.76,11.87,26489495.0,314459533.04,600588.SH
2024-12-18,11.9,12.02,11.81,11.96,21354287.0,255009280.38,600588.SH
2024-12-19,11.99,12.56,11.9,12.46,60766950.0,748572105.24,600588.SH
2024-12-20,12.36,12.8,12.25,12.65,60985796.0,765770736.3,600588.SH
2024-12-23,12.66,12.7,11.99,12.04,34394375.0,421161159.7,600588.SH
2024-12-24,12.01,12.1,11.81,12.05,26685674.0,318458350.84,600588.SH
2024-12-25,11.95,12.01,11.68,11.71,19855581.0,234008673.02,600588.SH
2024-12-26,11.73,11.93,11.72,11.84,14662118.0,173814947.94,600588.SH
2024-12-27,11.81,12.08,11.58,11.63,31317823.0,369711229.19,600588.SH
2024-12-30,11.61,11.62,11.25,11.35,35812539.0,408912209.9,600588.SH
2024-12-31,11.46,11.46,10.72,10.73,45543242.0,499989672.27,600588.SH
2025-01-02,10.75,10.77,10.09,10.17,47474119.0,491754164.67,600588.SH
2025-01-03,10.27,10.31,9.94,10.02,28107793.0,284052770.67,600588.SH
2025-01-06,10.0,10.13,9.88,9.95,23198160.0,231487759.67,600588.SH
2025-01-07,10.0,10.1,9.93,10.1,19474875.0,194756880.77,600588.SH
2025-01-08,10.03,10.06,9.61,9.87,32586775.0,320081829.49,600588.SH
2025-01-09,9.81,10.2,9.78,10.13,31863984.0,319659851.13,600588.SH
2025-01-10,10.13,10.19,9.7,9.71,23089357.0,229633339.7,600588.SH
2025-01-13,9.62,9.96,9.58,9.9,20443018.0,201014448.89,600588.SH
2025-01-14,9.99,10.31,9.87,10.26,31033969.0,314508557.53,600588.SH
2025-01-15,10.2,10.28,10.05,10.09,20432357.0,206808990.18,600588.SH
2025-01-16,10.17,10.3,9.94,9.99,27373036.0,275921269.98,600588.SH
2025-01-17,9.94,10.11,9.88,9.99,16214896.0,162194109.8,600588.SH
2025-01-20,10.11,10.17,9.96,10.0,21409629.0,215451404.81,600588.SH
2025-01-21,10.04,10.08,9.85,9.98,17339339.0,172527013.5,600588.SH
2025-01-22,9.98,10.03,9.84,9.94,14183970.0,140904313.39,600588.SH
2025-01-23,10.02,10.34,9.9,9.91,33081003.0,335020493.17,600588.SH
2025-01-24,9.8,10.9,9.72,10.9,86571974.0,914528168.35,600588.SH
2025-01-27,11.39,11.4,10.9,10.91,84040618.0,931096675.09,600588.SH
2025-02-05,11.53,12.0,11.42,12.0,84274465.0,992633171.74,600588.SH
2025-02-06,12.0,12.56,11.8,12.45,124603874.0,1525679599.36,600588.SH
2025-02-07,12.32,13.7,12.32,13.7,161824679.0,2161053370.72,600588.SH
2025-02-10,14.23,14.94,13.83,14.62,240233100.0,3472957847.1,600588.SH
2025-02-11,14.2,15.21,13.94,14.88,210348817.0,3047490967.35,600588.SH
2025-02-12,14.66,16.37,14.58,15.82,278423615.0,4402574857.01,600588.SH
2025-02-13,15.48,17.4,15.22,17.4,243528568.0,4072413599.61,600588.SH
2025-02-14,17.15,19.1,16.99,18.3,319766350.0,5753665457.87,600588.SH
2025-02-17,18.38,19.19,17.32,17.53,315847834.0,5700622279.81,600588.SH
2025-02-18,17.02,17.99,16.32,17.1,266306396.0,4524102160.23,600588.SH
2025-02-19,17.18,17.5,16.58,17.25,224852880.0,3829904580.57,600588.SH
2025-02-20,16.99,17.95,16.63,17.74,248574587.0,4265734914.5,600588.SH
2025-02-21,18.04,18.1,16.9,17.58,232603496.0,4099785389.11,600588.SH
2025-02-24,17.2,18.0,16.53,16.78,164660176.0,2825146501.01,600588.SH
2025-02-25,16.1,16.99,16.1,16.47,123237473.0,2037299783.84,600588.SH
2025-02-26,16.48,16.73,16.12,16.53,104251879.0,1711251998.02,600588.SH
2025-02-27,16.44,16.57,15.65,16.08,110867451.0,1776274762.66,600588.SH
2025-02-28,15.95,16.24,15.13,15.25,84325997.0,1318098037.15,600588.SH
2025-03-03,15.77,16.78,15.71,16.4,198277400.0,3263809938.81,600588.SH
2025-03-04,16.2,17.11,15.96,16.76,198315140.0,3297977842.46,600588.SH
2025-03-05,16.64,16.99,16.06,16.53,133163368.0,2197876245.54,600588.SH
2025-03-06,17.77,18.18,17.77,18.18,80071723.0,1449867329.17,600588.SH
2025-03-07,19.44,20.0,18.56,20.0,353033309.0,6899669475.21,600588.SH
2025-03-10,19.2,19.51,18.03,18.03,227309099.0,4255529398.19,600588.SH
2025-03-11,17.65,18.5,17.56,17.89,156988143.0,2825131732.71,600588.SH
2025-03-12,18.45,18.59,17.63,17.63,126512455.0,2279154474.47,600588.SH
2025-03-13,17.45,18.14,17.05,17.68,127531943.0,2241864603.79,600588.SH
2025-03-14,17.35,17.56,16.66,17.36,113283891.0,1937675974.33,600588.SH
2025-03-17,17.15,17.32,16.93,17.1,70174531.0,1199721298.81,600588.SH
2025-03-18,17.2,17.38,16.9,17.14,68800449.0,1179800716.12,600588.SH
2025-03-19,17.02,17.22,16.5,16.61,79705140.0,1336806488.72,600588.SH
2025-03-20,16.58,17.04,16.29,16.51,76053783.0,1266481280.2,600588.SH
2025-03-21,16.2,16.44,15.72,15.81,80433584.0,1285846917.44,600588.SH
2025-03-24,15.8,15.9,15.32,15.63,61157938.0,953582227.4,600588.SH
2025-03-25,15.67,16.02,15.51,15.55,62090127.0,977501169.73,600588.SH
2025-03-26,15.56,15.84,15.52,15.8,51633344.0,811164699.87,600588.SH
2025-03-27,15.71,15.81,15.29,15.43,46120453.0,715093788.24,600588.SH
2025-03-28,15.46,15.83,15.4,15.42,45131945.0,703493583.67,600588.SH
2025-03-31,14.81,15.17,14.49,15.06,82094132.0,1213979016.67,600588.SH
2025-04-01,15.08,15.21,14.84,14.87,45293865.0,678769480.21,600588.SH
2025-04-02,15.02,15.13,14.8,14.99,37198111.0,556962898.99,600588.SH
2025-04-03,14.81,15.08,14.77,14.81,37531435.0,560125120.55,600588.SH
2025-04-07,13.9,14.12,13.33,13.33,51625087.0,697300138.61,600588.SH
2025-04-08,13.5,13.54,12.67,13.1,93713777.0,1213094330.21,600588.SH
2025-04-09,12.85,13.54,12.21,13.49,80312517.0,1054720432.37,600588.SH
2025-04-10,13.95,14.13,13.55,13.61,69809166.0,962631983.66,600588.SH
2025-04-11,13.67,14.12,13.57,13.79,45007295.0,621477267.94,600588.SH
2025-04-14,13.87,14.15,13.86,13.9,41037125.0,574538987.73,600588.SH
2025-04-15,13.91,14.01,13.62,13.77,27711381.0,381268182.66,600588.SH
2025-04-16,13.65,13.74,13.36,13.59,38716068.0,523256477.83,600588.SH
2025-04-17,13.5,14.08,13.41,13.88,49620111.0,689572972.14,600588.SH
2025-04-18,13.84,13.93,13.48,13.55,31205110.0,425269299.1,600588.SH
2025-04-21,13.5,14.27,13.43,14.19,61552826.0,863066986.29,600588.SH
2025-04-22,14.14,14.19,13.73,13.75,48588289.0,672026738.36,600588.SH
2025-04-23,13.89,14.18,13.75,13.83,40279540.0,560760601.61,600588.SH
2025-04-24,13.84,13.9,13.41,13.52,31504094.0,428270528.67,600588.SH
2025-04-25,13.8,14.04,13.57,13.7,30355129.0,417845675.5,600588.SH
2025-04-28,13.38,13.95,13.32,13.62,46918622.0,643290494.09,600588.SH
2025-04-29,13.62,14.06,13.45,13.82,51843902.0,719540521.38,600588.SH
2025-04-30,13.96,14.86,13.78,14.59,94388102.0,1366054288.94,600588.SH
2025-05-06,14.66,14.98,14.5,14.76,70979387.0,1044238746.81,600588.SH
2025-05-07,14.99,15.05,14.37,14.51,51512983.0,754373243.22,600588.SH
2025-05-08,14.4,14.83,14.4,14.5,38274502.0,558594152.57,600588.SH
2025-05-09,14.44,14.62,13.95,13.96,38149952.0,538389440.08,600588.SH
2025-05-12,14.1,14.29,13.92,14.16,40302383.0,568657758.59,600588.SH
2025-05-13,14.37,14.6,14.05,14.15,51202525.0,732740751.6,600588.SH
2025-05-14,14.08,14.36,14.02,14.19,37558097.0,532774424.14,600588.SH
2025-05-15,14.11,14.15,13.4,13.47,53935612.0,734185497.21,600588.SH
2025-05-16,13.37,13.46,13.27,13.33,28562182.0,381068627.7,600588.SH
2025-05-19,13.34,13.34,13.01,13.3,25469130.0,335952592.4,600588.SH
2025-05-20,13.26,13.4,13.16,13.34,20278651.0,269728387.87,600588.SH
2025-05-21,13.35,13.37,13.17,13.21,18256910.0,241461262.66,600588.SH
2025-05-22,13.15,13.28,13.08,13.12,17423016.0,229251299.76,600588.SH
2025-05-23,13.2,13.28,12.92,12.92,29036359.0,380744783.77,600588.SH
2025-05-26,12.9,13.26,12.72,13.19,27524013.0,361088501.59,600588.SH
2025-05-27,13.14,13.18,13.03,13.15,18149330.0,237858266.9,600588.SH
2025-05-28,13.19,13.21,12.9,12.95,18798937.0,244502921.94,600588.SH
2025-05-29,12.98,13.48,12.96,13.48,40050641.0,531529817.24,600588.SH
2025-05-30,13.33,13.35,13.04,13.05,29889732.0,392337314.23,600588.SH
2025-06-03,12.94,13.21,12.8,13.04,18072993.0,236522250.89,600588.SH
2025-06-04,13.14,13.28,13.06,13.2,21062571.0,277753490.08,600588.SH
2025-06-05,13.26,13.65,13.21,13.62,50060901.0,675704230.12,600588.SH
2025-06-06,13.62,13.8,13.5,13.71,35167295.0,480053320.66,600588.SH
2025-06-09,13.75,14.99,13.75,14.46,85090496.0,1229583745.56,600588.SH
2025-06-10,14.44,14.46,13.52,13.74,71966125.0,994486048.49,600588.SH
2025-06-11,13.6,13.84,13.35,13.52,39969763.0,542869024.93,600588.SH
2025-06-12,13.43,13.53,13.29,13.31,31644292.0,423293726.93,600588.SH
2025-06-13,13.36,13.36,12.95,13.07,38801769.0,507659881.0,600588.SH
2025-06-16,12.96,13.17,12.91,13.06,24788776.0,323569113.96,600588.SH
2025-06-17,13.04,13.12,12.96,13.01,19240502.0,250466866.18,600588.SH
2025-06-18,13.0,13.05,12.85,12.91,19410676.0,250833945.55,600588.SH
2025-06-19,12.91,13.02,12.67,12.73,23699438.0,303763367.84,600588.SH
2025-06-20,12.69,12.78,12.4,12.4,26135087.0,327192046.81,600588.SH
2025-06-23,12.3,12.95,12.27,12.72,31105995.0,392137950.0,600588.SH
2025-06-24,12.62,12.9,12.57,12.86,32940080.0,421907838.04,600588.SH
2025-06-25,12.91,13.17,12.82,13.15,43255341.0,563950179.12,600588.SH
2025-06-26,13.14,13.29,13.08,13.16,36571901.0,482403272.29,600588.SH
2025-06-27,13.14,13.55,13.01,13.1,42244719.0,559823299.86,600588.SH
2025-06-30,13.1,13.57,13.08,13.37,54250526.0,723376265.19,600588.SH
2025-07-01,13.46,13.46,13.0,13.1,38728417.0,508395778.96,600588.SH
2025-07-02,13.08,13.09,12.9,12.97,23794449.0,308673085.62,600588.SH
2025-07-03,12.97,13.07,12.87,12.96,20122926.0,260529916.16,600588.SH
2025-07-04,12.96,13.04,12.79,12.83,25683327.0,331190701.29,600588.SH
2025-07-07,12.83,12.87,12.75,12.8,14697819.0,188226505.09,600588.SH
2025-07-08,12.8,13.15,12.74,13.09,32135386.0,418294529.53,600588.SH
2025-07-09,13.08,13.2,12.95,12.99,27557497.0,360024794.0,600588.SH
2025-07-10,12.96,13.05,12.88,12.96,22113883.0,286655607.44,600588.SH
2025-07-11,12.94,13.83,12.85,13.55,100779360.0,1359276338.71,600588.SH
2025-07-14,13.5,13.51,13.06,13.13,60760129.0,802839159.18,600588.SH
2025-07-15,13.35,14.44,13.32,14.44,168661475.0,2346732734.23,600588.SH
2025-07-16,14.74,14.83,14.23,14.4,138011467.0,1997621797.01,600588.SH
2025-07-17,14.35,14.55,14.03,14.29,97234774.0,1390013969.76,600588.SH
2025-07-18,14.54,14.84,14.28,14.33,99593393.0,1448982393.94,600588.SH
2025-07-21,14.28,14.42,14.0,14.24,88218785.0,1252747876.1,600588.SH
2025-07-22,14.2,14.22,13.86,13.92,67444445.0,942606935.16,600588.SH
2025-07-23,13.85,14.35,13.8,14.17,108202195.0,1524816283.13,600588.SH
2025-07-24,14.1,14.55,14.1,14.46,82502955.0,1187567457.26,600588.SH
2025-07-25,14.59,14.81,14.36,14.65,81610297.0,1191862295.05,600588.SH
2025-07-28,14.62,14.64,14.11,14.36,62515492.0,894567515.87,600588.SH
2025-07-29,14.28,15.14,14.25,14.88,101630584.0,1506190366.83,600588.SH
2025-07-30,14.78,15.09,14.5,14.66,66496958.0,980429186.38,600588.SH
2025-07-31,14.87,16.13,14.86,15.84,179576962.0,2819936396.89,600588.SH
2025-08-01,16.28,16.32,15.21,15.77,199649448.0,3142864525.37,600588.SH
2025-08-04,15.41,16.28,15.24,15.99,138152891.0,2185725111.47,600588.SH
2025-08-05,15.81,16.36,15.5,15.71,87556364.0,1378883994.5,600588.SH
2025-08-06,15.71,15.76,15.46,15.6,64252342.0,1002296567.34,600588.SH
2025-08-07,16.0,16.8,16.0,16.37,138661314.0,2270837085.11,600588.SH
2025-08-08,16.02,16.17,14.91,14.94,154441448.0,2364263532.43,600588.SH
2025-08-11,15.07,15.5,14.95,15.41,91519213.0,1401203154.64,600588.SH
2025-08-12,15.45,15.47,15.02,15.22,57894756.0,879259659.27,600588.SH
2025-08-13,15.2,15.26,15.05,15.11,64081918.0,970550628.23,600588.SH
2025-08-14,15.13,15.45,14.79,14.81,73344621.0,1108044530.23,600588.SH
2025-08-15,14.68,15.35,14.65,15.28,72448516.0,1093911962.9,600588.SH
2025-08-18,15.46,16.81,15.32,16.4,187648815.0,3069940157.84,600588.SH
2025-08-19,16.25,16.9,16.07,16.48,119865277.0,1988767670.37,600588.SH
2025-08-20,16.28,16.55,16.04,16.5,71144251.0,1162625270.62,600588.SH
2025-08-21,16.4,16.96,16.4,16.55,81797961.0,1361568700.72,600588.SH
2025-08-22,16.8,17.35,16.51,17.17,110362369.0,1882947589.06,600588.SH
2025-08-25,17.31,17.46,16.72,17.3,118367791.0,2021145549.02,600588.SH
2025-08-26,17.19,17.56,16.98,17.13,85540414.0,1474159564.07,600588.SH
2025-08-27,17.8,17.99,16.44,16.46,136639690.0,2344723557.57,600588.SH
2025-08-28,16.2,16.7,15.98,16.7,105719045.0,1733056070.59,600588.SH
2025-08-29,16.6,16.86,16.43,16.47,75987156.0,1259953584.46,600588.SH
2025-09-01,16.77,16.95,16.21,16.24,81983531.0,1351524306.3,600588.SH
2025-09-02,16.23,16.29,15.25,15.44,103480015.0,1622611349.01,600588.SH
2025-09-03,15.44,15.59,14.9,14.92,62341574.0,948065516.39,600588.SH
2025-09-04,14.91,15.14,14.32,14.59,72580735.0,1075084741.75,600588.SH
2025-09-05,14.67,14.78,14.23,14.75,65851398.0,956100583.98,600588.SH
2025-09-08,14.6,14.99,14.59,14.64,77133884.0,1136576774.55,600588.SH
2025-09-09,14.6,14.62,14.23,14.29,56843631.0,816841673.37,600588.SH
2025-09-10,14.5,14.9,14.47,14.55,93412584.0,1372023943.75,600588.SH
2025-09-11,15.25,15.5,14.63,15.37,144453089.0,2173129800.99,600588.SH
2025-09-12,15.2,15.75,14.99,15.03,123011881.0,1884434163.08,600588.SH
2025-09-15,14.91,14.98,14.73,14.81,64190706.0,952785549.02,600588.SH
2025-09-16,14.78,14.95,14.59,14.7,74887815.0,1104955440.4,600588.SH
2025-09-17,14.67,15.35,14.52,15.28,122815480.0,1837499126.18,600588.SH
2025-09-18,15.13,15.58,14.84,14.98,123185389.0,1878736942.47,600588.SH
2025-09-19,14.95,15.18,14.8,14.84,60282479.0,903735106.09,600588.SH
2025-09-22,14.84,14.95,14.69,14.92,46323544.0,686151153.15,600588.SH
2025-09-23,14.88,14.89,13.68,14.13,114052586.0,1610258129.4,600588.SH
2025-09-24,13.95,14.84,13.91,14.83,86831181.0,1258237568.89,600588.SH
2025-09-25,14.81,16.31,14.74,15.81,267699209.0,4279330887.74,600588.SH
2025-09-26,15.6,15.6,15.03,15.03,155684906.0,2373871317.18,600588.SH
2025-09-29,15.08,15.54,14.83,15.32,102466747.0,1559889187.97,600588.SH
2025-09-30,15.67,15.76,15.44,15.62,86121951.0,1343281650.57,600588.SH
2025-10-09,15.6,16.66,15.42,16.36,147030476.0,2365715344.67,600588.SH
2025-10-10,16.05,16.11,15.17,15.3,130836084.0,2022796811.15,600588.SH
2025-10-13,15.0,16.76,14.9,15.76,161607348.0,2583944226.55,600588.SH
2025-10-14,15.75,15.85,15.15,15.32,116666989.0,1803374625.4,600588.SH
2025-10-15,15.2,15.53,14.81,15.27,78308697.0,1189805149.03,600588.SH
2025-10-16,15.12,15.12,14.75,14.84,60276760.0,897661311.43,600588.SH
2025-10-17,14.76,14.82,14.23,14.26,54502312.0,788794465.63,600588.SH
2025-10-20,14.42,14.47,14.28,14.37,34455486.0,495055829.27,600588.SH
2025-10-21,14.41,14.59,14.32,14.49,33204530.0,480673342.69,600588.SH
2025-10-22,14.46,14.46,14.21,14.28,28154345.0,403216667.01,600588.SH
2025-10-23,14.42,14.53,14.07,14.45,35194796.0,503225561.98,600588.SH
2025-10-24,14.45,14.56,14.37,14.5,38610309.0,558695559.89,600588.SH
2025-10-27,14.63,14.64,14.41,14.55,39390297.0,572233480.5,600588.SH
2025-10-28,14.59,15.13,14.59,15.0,85166463.0,1273163743.16,600588.SH
2025-10-29,14.95,15.03,14.8,14.99,40467955.0,602917377.99,600588.SH
2025-10-30,14.86,15.46,14.72,15.04,84591557.0,1279347323.09,600588.SH
2025-10-31,14.82,15.99,14.74,15.6,138321676.0,2157212892.41,600588.SH
2025-11-03,15.6,15.78,15.4,15.71,86340920.0,1346144524.1,600588.SH
2025-11-04,15.53,15.69,15.39,15.58,60688979.0,940929506.75,600588.SH
2025-11-05,15.31,15.39,14.91,15.2,66431381.0,1006841550.12,600588.SH
2025-11-06,15.19,15.19,14.68,14.95,70136135.0,1042413358.93,600588.SH
2025-11-07,14.81,14.89,14.56,14.66,52457821.0,770790157.24,600588.SH
2025-11-10,14.65,15.27,14.64,14.87,59968288.0,892511398.22,600588.SH
2025-11-11,14.87,14.95,14.56,14.57,48381113.0,710006457.27,600588.SH
2025-11-12,14.55,14.57,14.17,14.27,41626991.0,596127231.11,600588.SH
2025-11-13,14.27,14.5,14.2,14.47,34757130.0,499418512.61,600588.SH
2025-11-14,14.4,14.45,14.22,14.25,29368324.0,421032741.16,600588.SH
2025-11-17,14.2,14.77,14.2,14.66,51312298.0,746936462.2,600588.SH
2025-11-18,14.64,15.14,14.51,14.96,82848695.0,1237777616.16,600588.SH
2025-11-19,14.95,15.0,14.7,14.81,41383386.0,614153582.7,600588.SH
2025-11-20,14.88,14.94,14.34,14.38,43248478.0,627785156.69,600588.SH
2025-11-21,14.22,14.57,13.84,13.96,54175099.0,763810400.05,600588.SH
2025-11-24,14.09,14.96,13.74,14.78,89309667.0,1293652238.06,600588.SH
2025-11-25,14.78,15.1,14.72,14.86,67351596.0,1007187051.15,600588.SH
2025-11-26,14.75,15.06,14.63,14.67,42490174.0,628668403.59,600588.SH
2025-11-27,14.6,14.68,14.23,14.26,45650526.0,659063386.84,600588.SH
2025-11-28,14.29,14.52,14.11,14.26,45123324.0,644668023.82,600588.SH
2025-12-01,14.25,14.3,14.1,14.22,43764025.0,620508664.58,600588.SH
2025-12-02,14.24,14.27,13.82,13.88,51156314.0,714181800.66,600588.SH
2025-12-03,13.87,13.91,13.28,13.35,60544745.0,817349504.14,600588.SH
2025-12-04,13.35,13.49,13.09,13.13,39912516.0,527402077.45,600588.SH
2025-12-05,13.16,13.39,13.0,13.39,34811747.0,460237945.83,600588.SH
2025-12-08,13.43,13.6,13.32,13.5,43737954.0,587864950.98,600588.SH
2025-12-09,13.46,13.5,13.22,13.4,36459308.0,486430242.79,600588.SH
2025-12-10,13.34,13.35,13.09,13.22,32583833.0,429685153.66,600588.SH
2025-12-11,13.25,13.25,12.9,12.93,41350095.0,537707691.63,600588.SH
2025-12-12,12.86,13.0,12.79,12.89,42601488.0,549708395.48,600588.SH
2025-12-15,12.78,12.91,12.6,12.66,35488089.0,452847463.44,600588.SH
2025-12-16,12.64,12.7,12.24,12.28,38247325.0,474452034.3,600588.SH
2025-12-17,12.29,12.74,12.28,12.73,42749585.0,533163286.55,600588.SH
2025-12-18,12.63,12.77,12.56,12.58,25970648.0,328766247.68,600588.SH
2025-12-19,12.64,12.69,12.54,12.6,27335849.0,344747299.97,600588.SH
2025-12-22,12.62,12.78,12.58,12.69,23757764.0,302058939.93,600588.SH
2025-12-23,12.72,12.78,12.57,12.61,25300585.0,319740349.3,600588.SH
2025-12-24,12.56,12.72,12.54,12.71,24083848.0,305040600.17,600588.SH
2025-12-25,12.68,13.21,12.65,13.04,61031479.0,786884007.16,600588.SH
2025-12-26,12.96,13.03,12.8,12.88,33110341.0,428193446.42,600588.SH
2025-12-29,12.85,13.03,12.81,12.92,26518576.0,343149265.76,600588.SH
2025-12-30,12.96,13.23,12.96,13.1,41716846.0,548207202.49,600588.SH
2025-12-31,13.1,13.35,13.06,13.26,40483236.0,536738642.29,600588.SH
2026-01-05,13.35,13.7,13.21,13.67,69077845.0,931698788.17,600588.SH
2026-01-06,13.6,13.85,13.56,13.78,55246496.0,757666223.41,600588.SH
2026-01-07,13.7,13.77,13.5,13.56,45692775.0,622464213.09,600588.SH
2026-01-08,13.8,14.27,13.7,13.91,79962448.0,1115093781.17,600588.SH
2026-01-09,13.81,14.58,13.81,14.56,115334426.0,1642488563.24,600588.SH
2026-01-12,14.93,16.02,14.91,16.02,169008070.0,2653399512.24,600588.SH
2026-01-13,16.68,17.62,16.52,17.28,404571972.0,7059989357.57,600588.SH
2026-01-14,17.65,19.01,17.63,19.01,347244289.0,6447853751.66,600588.SH
2026-01-15,18.61,18.61,17.16,17.5,387957471.0,6865491090.37,600588.SH
2026-01-16,16.91,17.5,16.0,16.09,261593563.0,4346110346.09,600588.SH
2026-01-19,16.09,16.29,15.48,15.6,153722226.0,2425439217.0,600588.SH
2026-01-20,15.8,15.95,15.01,15.15,113149974.0,1725590701.6,600588.SH
2026-01-21,15.0,15.46,14.93,15.1,105731641.0,1603143224.9,600588.SH
2026-01-22,15.2,16.29,15.18,15.74,170308608.0,2682797546.45,600588.SH
2026-01-23,15.82,16.15,15.7,15.89,115378880.0,1834161830.14,600588.SH
2026-01-26,15.95,16.12,15.34,15.59,98248811.0,1535302423.58,600588.SH
2026-01-27,15.53,15.8,15.21,15.61,95671929.0,1483597734.18,600588.SH
2026-01-28,15.79,16.13,15.54,15.57,127609053.0,2020840840.45,600588.SH
2026-01-29,15.46,16.49,15.36,15.82,175910945.0,2821923278.57,600588.SH
2026-01-30,15.63,15.76,15.11,15.18,108716924.0,1665824179.77,600588.SH
2026-02-02,15.21,15.44,14.77,14.79,81284591.0,1225213302.03,600588.SH
2026-02-03,15.0,15.32,14.88,15.31,73160026.0,1107201917.06,600588.SH
2026-02-04,15.1,15.22,14.61,14.81,109957683.0,1629320913.82,600588.SH
2026-02-05,14.55,14.74,14.45,14.56,54012528.0,787464466.32,600588.SH
2026-02-06,14.39,14.58,14.15,14.31,55269937.0,793383005.96,600588.SH
2026-02-09,14.56,14.82,14.4,14.72,66624293.0,973258185.58,600588.SH
2026-02-10,14.79,14.92,14.51,14.79,64307417.0,947093109.56,600588.SH
2026-02-11,14.72,14.9,14.6,14.65,51650763.0,760868164.14,600588.SH
2026-02-12,14.62,14.92,14.51,14.79,62655353.0,921797171.45,600588.SH
2026-02-13,14.64,15.03,14.57,14.6,60170075.0,888326029.16,600588.SH
2026-02-24,14.63,14.65,13.87,13.9,97702082.0,1370776820.23,600588.SH
2026-02-25,13.94,14.12,13.85,14.0,46983358.0,657227811.17,600588.SH
2026-02-26,14.08,14.16,13.91,13.95,49786780.0,696871935.92,600588.SH
2026-02-27,13.96,14.48,13.9,14.22,79581053.0,1132716255.18,600588.SH
2026-03-02,13.9,14.05,13.6,13.71,74111785.0,1020874827.44,600588.SH
2026-03-03,13.8,13.85,13.11,13.15,72745863.0,974184719.08,600588.SH
2026-03-04,13.01,13.24,12.9,13.05,49868179.0,651377237.98,600588.SH
2026-03-05,13.3,13.37,13.17,13.27,38747420.0,513855000.11,600588.SH
2026-03-06,13.25,13.57,13.17,13.55,40158428.0,538094274.36,600588.SH
2026-03-09,13.34,13.79,13.22,13.69,56844537.0,766208079.75,600588.SH
2026-03-10,13.83,14.05,13.56,13.72,61460187.0,846267449.57,600588.SH
2026-03-11,13.66,13.75,13.51,13.55,36631890.0,498353556.77,600588.SH
2026-03-12,13.54,13.85,13.47,13.56,41319167.0,562550124.99,600588.SH
2026-03-13,13.47,13.47,13.17,13.21,41607563.0,553696209.74,600588.SH
2026-03-16,13.21,13.23,12.98,13.23,36695314.0,480261324.19,600588.SH
2026-03-17,13.35,13.35,12.93,12.96,39282357.0,515109055.74,600588.SH
2026-03-18,12.99,13.12,12.9,13.11,29393526.0,382402732.05,600588.SH
2026-03-19,12.94,12.97,12.76,12.84,34377624.0,442469118.93,600588.SH
2026-03-20,12.78,12.89,12.4,12.4,40159881.0,505434520.94,600588.SH
2026-03-23,12.17,12.21,11.54,11.65,55948444.0,665754281.66,600588.SH
2026-03-24,11.85,11.89,11.61,11.83,34044346.0,399933836.02,600588.SH
2026-03-25,11.82,12.05,11.81,11.98,33007357.0,395091810.06,600588.SH
2026-03-26,11.99,12.03,11.6,11.63,31427208.0,370265496.76,600588.SH
2026-03-27,11.47,11.84,11.41,11.79,25505081.0,298198914.06,600588.SH
2026-03-30,11.52,11.77,11.45,11.73,29042290.0,337796705.3,600588.SH
2026-03-31,11.75,11.97,11.62,11.64,29467285.0,347721610.52,600588.SH
2026-04-01,11.87,11.9,11.73,11.85,25854784.0,305728309.27,600588.SH
2026-04-02,11.79,11.97,11.6,11.75,45807252.0,540142802.97,600588.SH
2026-04-03,11.77,11.82,11.41,11.48,29653108.0,342360311.82,600588.SH
2026-04-07,11.56,11.6,11.31,11.49,22003896.0,252081880.24,600588.SH
2026-04-08,11.7,12.24,11.69,12.21,52406681.0,628818407.67,600588.SH
2026-04-09,12.01,12.03,11.83,11.85,33474850.0,398474756.24,600588.SH
2026-04-10,11.92,12.15,11.91,12.02,33892472.0,408787362.94,600588.SH
2026-04-13,11.9,12.15,11.86,12.08,25868271.0,311673935.1,600588.SH
2026-04-14,12.33,12.42,12.1,12.29,35925116.0,441317422.3,600588.SH
2026-04-15,12.33,12.38,12.09,12.16,26386103.0,322545728.45,600588.SH
2026-04-16,12.28,12.42,12.22,12.36,31696576.0,390669217.74,600588.SH
2026-04-17,12.34,12.39,12.17,12.38,29695008.0,365157218.02,600588.SH
2026-04-20,12.32,12.64,12.29,12.52,40059410.0,500980756.8,600588.SH
2026-04-21,12.55,12.55,12.12,12.2,39398600.0,481733557.7,600588.SH
2026-04-22,12.17,12.43,12.07,12.37,39408536.0,485094752.54,600588.SH
2026-04-23,12.4,12.48,12.13,12.21,31807922.0,389921955.31,600588.SH
2026-04-24,12.11,12.37,11.93,12.37,47171564.0,573199223.6,600588.SH
2026-04-27,12.16,12.16,11.55,12.04,62641435.0,747026100.09,600588.SH
2026-04-28,11.95,11.96,11.66,11.72,39289526.0,462955691.91,600588.SH
2026-04-29,11.72,11.91,11.7,11.87,28822901.0,341721700.2,600588.SH
2026-04-30,11.8,11.96,11.59,11.68,43856143.0,515138137.7,600588.SH
2026-05-06,11.8,12.11,11.78,11.9,58074025.0,695453535.48,600588.SH
2026-05-07,11.95,12.23,11.8,12.2,58610160.0,704319539.95,600588.SH
2026-05-08,12.5,12.88,12.27,12.39,98481033.0,1233835431.22,600588.SH
2026-05-11,12.34,12.54,12.21,12.38,59230807.0,730029077.22,600588.SH
2026-05-12,12.33,12.33,11.89,11.9,64095728.0,771924101.1,600588.SH
2026-05-13,11.81,12.11,11.71,12.02,52070258.0,620133173.93,600588.SH
2026-05-14,12.26,12.7,11.78,11.83,94038209.0,1144602787.51,600588.SH
2026-05-15,11.8,11.94,11.5,11.51,67196182.0,785952868.46,600588.SH
2026-05-18,11.4,11.7,11.4,11.6,38113770.0,440229903.81,600588.SH
2026-05-19,11.55,11.8,11.5,11.77,38036358.0,444008469.11,600588.SH
2026-05-20,11.68,11.7,11.32,11.43,45888354.0,525253270.39,600588.SH
2026-05-21,11.47,11.54,10.81,10.85,73476796.0,819950249.53,600588.SH
2026-05-22,10.9,10.95,10.6,10.87,47531465.0,512894365.38,600588.SH
2026-05-25,10.96,11.01,10.75,10.94,36382048.0,396082104.18,600588.SH
2026-05-26,10.87,10.9,10.48,10.7,40329576.0,430064487.2,600588.SH
2026-05-27,10.69,10.7,10.2,10.3,40754780.0,425514788.78,600588.SH
2026-05-28,10.2,10.61,10.01,10.52,53377837.0,548913117.21,600588.SH
2026-05-29,10.71,10.95,10.16,10.37,46350569.0,485508538.96,600588.SH
2026-06-01,10.5,11.41,10.3,11.41,100472257.0,1107603651.62,600588.SH
2026-06-02,11.5,11.54,11.09,11.28,90766105.0,1022149522.13,600588.SH
2026-06-03,11.03,11.18,10.8,10.9,63285243.0,695966057.93,600588.SH
2026-06-04,10.8,10.82,10.54,10.63,45001020.0,479674313.96,600588.SH
2026-06-05,10.65,11.22,10.55,10.71,64736443.0,702760774.46,600588.SH
2026-06-08,10.4,10.81,10.3,10.58,51962137.0,551481984.67,600588.SH
2026-06-09,10.6,11.16,10.33,10.8,60920487.0,652371468.65,600588.SH
2026-06-10,10.6,10.87,10.23,10.35,53891177.0,564647947.92,600588.SH
2026-06-11,10.23,10.29,9.86,9.9,53991060.0,538803258.09,600588.SH
2026-06-12,10.0,10.21,9.86,10.0,41637795.0,418493813.94,600588.SH
2026-06-15,10.1,10.25,10.03,10.14,38138247.0,386446013.48,600588.SH
2026-06-16,10.08,10.11,9.88,9.95,44067794.0,438547200.65,600588.SH
2026-06-17,9.93,9.94,9.63,9.78,44631621.0,433889980.03,600588.SH
2026-06-18,9.68,10.17,9.59,9.79,51601356.0,511585534.12,600588.SH
2026-06-22,9.65,10.02,9.52,9.99,52997793.0,515998216.3,600588.SH
2026-06-23,9.96,10.07,9.66,9.68,44496524.0,439122637.62,600588.SH
2026-06-24,9.67,9.71,9.3,9.43,39118051.0,369869482.51,600588.SH
2026-06-25,9.4,9.41,9.15,9.25,42739612.0,395830534.82,600588.SH
2026-06-26,9.15,9.18,8.75,8.75,51353303.0,458707122.93,600588.SH
2026-06-29,8.83,9.23,8.73,8.98,48752607.0,437627963.38,600588.SH
2026-06-30,8.91,9.38,8.91,9.18,48270293.0,443478273.45,600588.SH
2026-07-01,9.38,9.67,9.38,9.46,58557428.0,558130031.0,600588.SH
2026-07-02,9.69,9.69,9.35,9.35,54388218.0,515712272.37,600588.SH
2026-07-03,9.31,9.44,9.2,9.31,32689373.0,304718259.89,600588.SH
2026-07-06,9.21,9.31,9.09,9.19,29560521.0,272565206.69,600588.SH
2026-07-07,9.22,9.25,8.97,9.0,27190074.0,246642853.96,600588.SH
2026-07-08,9.0,9.47,8.95,9.36,58267421.0,540198363.04,600588.SH
2026-07-09,9.22,9.51,9.12,9.43,50728760.0,474013861.17,600588.SH
2026-07-10,9.35,10.1,9.26,9.67,75884439.0,740736426.69,600588.SH
2026-07-13,9.55,9.74,9.2,9.36,59177619.0,557560778.19,600588.SH
2026-07-14,9.4,9.44,8.96,9.2,57736647.0,526577702.34,600588.SH
2026-07-15,9.1,9.47,9.08,9.31,48157153.0,449103250.66,600588.SH
2026-07-16,9.26,9.51,9.13,9.36,52277772.0,489645766.72,600588.SH
2026-07-17,9.32,9.42,8.8,8.82,67911749.0,612416833.95,600588.SH
2026-07-20,8.93,9.23,8.86,9.14,65737330.0,592489196.45,600588.SH
2026-07-21,9.06,9.47,9.06,9.34,66082532.0,611424369.44,600588.SH
2026-07-22,9.28,9.97,9.23,9.56,86665721.0,833474299.7,600588.SH
2026-07-23,9.5,9.55,9.26,9.45,44129897.0,412579947.52,600588.SH
2026-07-24,9.3,9.3,8.96,8.97,50002250.0,454298486.69,600588.SH
2026-07-27,9.0,9.33,8.84,9.32,51835406.0,475171896.44,600588.SH
2026-07-28,9.23,9.65,9.19,9.53,57090005.0,543861763.15,600588.SH
2026-07-29,9.54,9.92,9.5,9.73,73532586.0,714523018.88,600588.SH
2026-07-30,9.76,10.36,9.72,10.07,90983883.0,923638991.73,600588.SH
2026-07-31,9.8,11.08,9.8,11.08,97106542.0,1036206371.03,600588.SH
2026-08-03,11.39,11.82,11.1,11.2,242109800.0,2755613257.56,600588.SH
2026-08-04,11.29,11.72,11.2,11.38,157929257.0,1803602560.81,600588.SH
2026-08-05,11.28,12.15,11.21,11.85,159841239.0,1883786266.94,600588.SH
2026-08-06,11.64,12.45,11.61,11.99,154144239.0,1860105549.63,600588.SH
2026-08-07,11.88,11.9,11.41,11.72,141524925.0,1646486531.01,600588.SH
2026-08-10,11.8,12.05,11.6,11.86,86151470.0,1019596784.84,600588.SH
2026-08-11,11.89,12.15,11.6,11.92,74742112.0,890882509.14,600588.SH
2026-08-12,11.94,12.05,11.73,11.77,74553809.0,882630172.59,600588.SH
2026-08-13,11.77,12.02,11.58,11.65,77418689.0,913485996.58,600588.SH
2026-08-14,11.84,12.2,11.4,11.65,89873185.0,1054895005.08,600588.SH
2026-08-17,11.62,11.67,11.29,11.62,57325611.0,658050431.04,600588.SH
2026-08-18,11.5,11.58,11.27,11.44,55258399.0,631032653.07,600588.SH
2026-08-19,11.29,11.31,10.88,10.89,58159620.0,641850081.27,600588.SH
2026-08-20,10.94,11.04,10.82,10.88,39469285.0,431428818.37,600588.SH
2026-08-21,10.76,10.86,10.65,10.75,36233545.0,389497193.87,600588.SH
