date,open,high,low,close,vol,amount
2016-10-27,3351.46,3352.35,3335.13,3345.7,776298.0,85241012224.0
2016-10-28,3347.14,3370.75,3337.29,3340.13,931333.0,104797970432.0
2016-10-31,3332.41,3340.47,3317.33,3336.28,713528.0,80701825024.0
2016-11-01,3338.71,3359.39,3334.46,3359.05,749382.0,84717682688.0
2016-11-02,3350.71,3356.4,3331.38,3333.35,911971.0,100348993536.0
2016-11-03,3326.9,3379.99,3324.84,3365.08,1262235.0,137386467328.0
2016-11-04,3362.21,3377.64,3348.43,3354.17,1040696.0,110813765632.0
2016-11-07,3353.44,3362.74,3342.31,3356.59,998779.0,94370873344.0
2016-11-08,3367.7,3383.92,3361.13,3371.12,1031482.0,105138257920.0
2016-11-09,3370.6,3373.1,3322.08,3353.05,1391100.0,145186914304.0
2016-11-10,3374.91,3403.02,3374.91,3390.61,1347055.0,133277401088.0
2016-11-11,3387.95,3422.67,3382.89,3417.22,1987815.0,190647271424.0
2016-11-14,3409.22,3452.62,3408.14,3430.25,2132471.0,208353312768.0
2016-11-15,3428.87,3434.92,3415.99,3429.87,1345663.0,135206772736.0
2016-11-16,3432.43,3435.64,3419.24,3429.59,1298085.0,128944603136.0
2016-11-17,3423.47,3437.67,3412.88,3436.53,1215617.0,121576882176.0
2016-11-18,3437.49,3443.12,3413.27,3417.46,1159512.0,117345607680.0
2016-11-21,3412.65,3463.14,3412.08,3441.11,1464345.0,147542589440.0
2016-11-22,3443.22,3469.22,3443.22,3468.36,1685234.0,167250673664.0
2016-11-23,3473.9,3492.96,3465.76,3474.73,1623885.0,171247108096.0
2016-11-24,3468.81,3508.16,3467.01,3488.74,1457463.0,165071454208.0
2016-11-25,3490.04,3521.3,3463.95,3521.3,1536215.0,166832177152.0
2016-11-28,3538.68,3553.36,3528.32,3535.08,2073754.0,219859763200.0
2016-11-29,3525.9,3583.72,3521.38,3564.04,2369183.0,248322818048.0
2016-11-30,3557.64,3567.07,3527.02,3538.0,1785601.0,190681235456.0
2016-12-01,3543.96,3575.97,3543.25,3565.04,1801707.0,199637745664.0
2016-12-02,3559.77,3562.55,3516.79,3528.95,1963554.0,203742150656.0
2016-12-05,3473.69,3496.88,3457.34,3469.41,1808523.0,190175068160.0
2016-12-06,3466.24,3477.59,3456.81,3459.15,1155290.0,125727752192.0
2016-12-07,3458.37,3475.75,3445.76,3475.75,1143451.0,115282190336.0
2016-12-08,3481.81,3484.34,3466.51,3470.14,1173839.0,119188512768.0
2016-12-09,3464.87,3507.93,3461.76,3493.7,1503033.0,152674861056.0
2016-12-12,3489.27,3495.8,3400.79,3409.18,1874677.0,199163543552.0
2016-12-13,3394.21,3416.21,3370.6,3405.04,1211051.0,124454191104.0
2016-12-14,3399.41,3412.28,3378.27,3378.95,1240077.0,126182670336.0
2016-12-15,3363.86,3378.04,3327.14,3340.43,1149606.0,121507815424.0
2016-12-16,3335.36,3356.29,3330.49,3346.03,907754.0,98112208896.0
2016-12-19,3342.35,3344.86,3325.0,3328.98,816406.0,86095691776.0
2016-12-20,3328.3,3329.1,3289.27,3309.06,875695.0,88527347712.0
2016-12-21,3313.75,3342.48,3313.75,3338.54,1082549.0,106205487104.0
2016-12-22,3335.12,3340.36,3322.72,3335.67,922772.0,92564881408.0
2016-12-23,3333.4,3334.89,3300.88,3307.6,974447.0,99575472128.0
2016-12-26,3293.22,3322.42,3267.05,3322.4,897939.0,95493218304.0
2016-12-27,3319.21,3330.23,3315.83,3316.39,754863.0,79617130496.0
2016-12-28,3315.75,3320.55,3293.17,3301.89,690004.0,71759839232.0
2016-12-29,3297.04,3312.11,3288.1,3297.76,700879.0,75972960256.0
2016-12-30,3302.6,3313.55,3295.75,3310.08,717441.0,76921372672.0
2017-01-03,3313.95,3345.26,3313.95,3342.23,865678.0,87612768256.0
2017-01-04,3340.56,3369.57,3338.15,3368.31,900508.0,98014355456.0
2017-01-05,3368.34,3373.41,3361.46,3367.79,883363.0,91189338112.0
2017-01-06,3366.85,3368.87,3346.89,3347.67,874591.0,91072258048.0
2017-01-09,3345.75,3366.22,3344.35,3363.9,837079.0,87916118016.0
2017-01-10,3361.64,3370.51,3354.09,3358.27,838191.0,82533965824.0
2017-01-11,3355.8,3366.63,3334.3,3334.5,910714.0,86750453760.0
2017-01-12,3332.69,3343.13,3315.96,3317.62,812391.0,75031887872.0
2017-01-13,3317.96,3338.17,3309.37,3319.91,841805.0,84556103680.0
2017-01-16,3314.15,3322.78,3264.21,3319.45,1577791.0,153262522368.0
2017-01-17,3305.6,3327.38,3292.2,3326.36,694533.0,74754506752.0
2017-01-18,3323.34,3350.96,3320.41,3339.37,706232.0,75680677888.0
2017-01-19,3330.95,3346.5,3324.68,3329.29,661598.0,63869710336.0
2017-01-20,3326.98,3358.41,3326.37,3354.89,653004.0,70831325184.0
2017-01-23,3359.05,3378.74,3355.85,3364.08,755574.0,76492660736.0
2017-01-24,3363.14,3371.32,3355.9,3364.45,661942.0,66049650688.0
2017-01-25,3361.66,3376.44,3357.22,3375.9,583769.0,62483394560.0
2017-01-26,3378.26,3395.88,3378.26,3387.96,653166.0,66488819712.0
2017-02-03,3390.93,3392.48,3362.57,3364.49,551888.0,57113853952.0
2017-02-06,3368.11,3381.33,3358.75,3373.21,685213.0,73408135168.0
2017-02-07,3371.77,3376.71,3354.63,3365.68,637544.0,69758181376.0
2017-02-08,3361.78,3383.69,3347.43,3383.29,754028.0,82869739520.0
2017-02-09,3381.9,3406.59,3379.79,3396.29,975585.0,102134226944.0
2017-02-10,3398.32,3422.33,3398.03,3413.49,1237687.0,121908576256.0
2017-02-13,3416.92,3439.54,3416.87,3436.27,1201445.0,125332996096.0
2017-02-14,3438.51,3440.67,3424.4,3435.8,948094.0,98537168896.0
2017-02-15,3435.39,3448.03,3417.08,3421.71,1276433.0,124653182976.0
2017-02-16,3421.83,3440.93,3418.35,3440.93,1082769.0,101809766400.0
2017-02-17,3443.62,3457.56,3419.61,3421.44,1146000.0,118033129472.0
2017-02-20,3421.64,3472.6,3421.64,3471.39,1326288.0,134681501696.0
2017-02-21,3475.06,3490.09,3472.02,3482.82,1148420.0,120675426304.0
2017-02-22,3483.2,3489.95,3473.52,3489.76,1028159.0,109232422912.0
2017-02-23,3487.57,3492.96,3460.12,3473.32,995363.0,106555924480.0
2017-02-24,3468.96,3473.85,3455.25,3473.85,955351.0,99875168256.0
2017-02-27,3471.13,3472.84,3441.39,3446.22,986721.0,106830872576.0
2017-02-28,3445.03,3460.91,3441.36,3452.81,752152.0,81979310080.0
2017-03-01,3452.21,3472.7,3449.11,3458.44,1032603.0,109317783552.0
2017-03-02,3463.48,3468.47,3434.0,3435.1,898980.0,97876189184.0
2017-03-03,3424.66,3428.88,3412.83,3427.86,809946.0,90009616384.0
2017-03-06,3427.25,3449.03,3425.9,3446.48,830708.0,95178547200.0
2017-03-07,3446.16,3454.04,3440.06,3453.96,803347.0,94483824640.0
2017-03-08,3452.2,3457.04,3441.26,3448.73,795876.0,89124904960.0
2017-03-09,3442.9,3443.05,3414.68,3426.94,845703.0,90090045440.0
2017-03-10,3423.98,3436.24,3423.94,3427.89,700162.0,82161713152.0
2017-03-13,3425.67,3458.1,3412.69,3458.1,916841.0,108489138176.0
2017-03-14,3456.66,3465.39,3448.9,3456.69,770779.0,95317565440.0
2017-03-15,3452.21,3463.92,3445.27,3463.64,791049.0,94056259584.0
2017-03-16,3472.27,3492.13,3472.27,3481.51,1063339.0,124695576576.0
2017-03-17,3485.31,3488.5,3441.47,3445.81,1037555.0,122368917504.0
2017-03-20,3449.05,3454.06,3429.83,3449.61,887343.0,103769407488.0
2017-03-21,3449.77,3466.7,3445.64,3466.35,877078.0,113528201216.0
2017-03-22,3450.75,3464.33,3433.5,3450.05,1049359.0,123865636864.0
2017-03-23,3452.41,3470.82,3435.69,3461.98,943180.0,115813810176.0
2017-03-24,3464.2,3499.32,3461.11,3489.6,1256458.0,141752532992.0
2017-03-27,3488.76,3505.98,3474.52,3478.04,1070153.0,124388016128.0
2017-03-28,3480.25,3482.29,3461.47,3469.81,841948.0,97495941120.0
2017-03-29,3472.97,3483.06,3455.55,3465.19,1048517.0,114663464960.0
2017-03-30,3461.62,3467.3,3422.37,3436.76,1163769.0,122088022016.0
2017-03-31,3434.82,3456.31,3430.82,3456.05,915774.0,100984905728.0
2017-04-05,3476.42,3504.54,3475.15,3503.89,1433990.0,160742981632.0
2017-04-06,3507.99,3517.78,3495.72,3514.05,1367670.0,145221648384.0
2017-04-07,3514.45,3526.81,3506.39,3517.46,1402932.0,144559669248.0
2017-04-10,3519.46,3522.8,3502.08,3505.14,1418873.0,155747827712.0
2017-04-11,3503.83,3520.13,3466.14,3517.33,1659458.0,189457268736.0
2017-04-12,3514.57,3523.1,3498.0,3509.44,1818245.0,202154573824.0
2017-04-13,3500.28,3518.44,3496.57,3514.57,1299818.0,133345927168.0
2017-04-14,3516.81,3517.47,3476.95,3486.5,1354740.0,130425389056.0
2017-04-17,3475.74,3480.57,3453.68,3479.94,1171649.0,123884371968.0
2017-04-18,3474.89,3489.08,3462.63,3462.74,1109278.0,126790852608.0
2017-04-19,3452.99,3459.35,3418.51,3445.88,1213492.0,127050358784.0
2017-04-20,3444.52,3465.61,3440.72,3461.55,1141842.0,133977260032.0
2017-04-21,3461.39,3475.56,3449.54,3466.79,1044191.0,115208830976.0
2017-04-24,3458.23,3458.23,3403.98,3431.26,1146607.0,122778157056.0
2017-04-25,3427.73,3449.67,3422.65,3440.97,940721.0,107599355904.0
2017-04-26,3440.25,3466.57,3439.15,3445.18,1119400.0,131316580352.0
2017-04-27,3435.1,3449.27,3399.54,3446.72,1232984.0,134610944000.0
2017-04-28,3439.57,3439.9,3417.24,3439.75,1016323.0,113761009664.0
2017-05-02,3427.92,3436.31,3418.67,3426.58,927974.0,101635858432.0
2017-05-03,3421.76,3432.22,3403.08,3413.13,916696.0,97854119936.0
2017-05-04,3404.94,3421.4,3391.28,3404.39,1034820.0,106985955328.0
2017-05-05,3393.48,3395.45,3366.56,3382.55,1098953.0,117464940544.0
2017-05-08,3369.11,3374.16,3339.57,3358.81,1237492.0,126885429248.0
2017-05-09,3342.6,3358.05,3327.59,3352.53,767716.0,85528829952.0
2017-05-10,3350.65,3369.43,3336.0,3337.7,920826.0,102194978816.0
2017-05-11,3322.95,3359.6,3312.89,3356.65,1092528.0,111576375296.0
2017-05-12,3350.94,3387.27,3349.17,3385.38,933864.0,97522122752.0
2017-05-15,3391.59,3406.58,3391.59,3399.19,829776.0,92183330816.0
2017-05-16,3390.93,3428.85,3373.55,3428.65,1052424.0,112814104576.0
2017-05-17,3423.19,3433.97,3408.15,3409.97,997368.0,110553448448.0
2017-05-18,3387.67,3409.93,3383.94,3398.11,857595.0,88091164672.0
2017-05-19,3395.23,3405.94,3392.38,3403.85,714735.0,78397079552.0
2017-05-22,3400.59,3424.18,3391.17,3411.24,925395.0,99021119488.0
2017-05-23,3405.03,3434.77,3401.53,3424.19,1169110.0,126767857664.0
2017-05-24,3409.72,3424.17,3383.89,3424.17,835531.0,92620046336.0
2017-05-25,3414.4,3490.42,3413.22,3485.66,1307216.0,136634023936.0
2017-05-26,3479.62,3498.31,3473.04,3480.43,1032411.0,112585908224.0
2017-05-31,3495.07,3515.08,3474.92,3492.88,1048297.0,115968729088.0
2017-06-01,3485.22,3499.81,3476.43,3497.74,1031277.0,116088766464.0
2017-06-02,3491.59,3498.12,3470.2,3486.51,826680.0,92850749440.0
2017-06-05,3480.17,3484.12,3462.31,3468.75,797381.0,85609463808.0
2017-06-06,3464.38,3492.88,3460.45,3492.88,640893.0,77868793856.0
2017-06-07,3493.88,3537.09,3491.13,3533.87,1044199.0,124189286400.0
2017-06-08,3531.24,3562.27,3528.18,3560.98,902249.0,112035618816.0
2017-06-09,3561.24,3590.89,3560.63,3576.17,1011882.0,121700589568.0
2017-06-12,3570.22,3603.69,3565.9,3574.39,903811.0,117690802176.0
2017-06-13,3569.16,3584.41,3559.21,3582.27,751771.0,94223081472.0
2017-06-14,3571.25,3571.25,3530.27,3535.3,838107.0,106105323520.0
2017-06-15,3530.75,3542.28,3508.95,3528.79,826325.0,106053902336.0
2017-06-16,3522.97,3536.14,3514.39,3518.76,764527.0,91462287360.0
2017-06-19,3520.06,3554.91,3520.06,3553.67,797971.0,98572361728.0
2017-06-20,3560.79,3563.7,3539.51,3546.49,805095.0,98187591680.0
2017-06-21,3567.13,3587.99,3545.57,3587.96,878598.0,117147795456.0
2017-06-22,3583.56,3635.53,3581.34,3590.34,1355269.0,169418801152.0
2017-06-23,3583.44,3623.24,3569.32,3622.88,1051291.0,133975113728.0
2017-06-26,3627.02,3671.94,3627.02,3668.09,1346380.0,170736844800.0
2017-06-27,3665.58,3676.53,3648.76,3674.72,975587.0,123057233920.0
2017-06-28,3664.16,3672.19,3644.03,3646.17,979208.0,124465946624.0
2017-06-29,3649.25,3669.13,3644.73,3668.83,855894.0,111847268352.0
2017-06-30,3654.73,3669.76,3646.23,3666.8,815100.0,102459981824.0
2017-07-03,3667.23,3667.6,3633.78,3650.85,888208.0,115214688256.0
2017-07-04,3646.83,3646.85,3611.69,3619.98,950714.0,125350420480.0
2017-07-05,3611.9,3660.73,3610.46,3659.68,882324.0,120351563776.0
2017-07-06,3654.56,3666.77,3629.56,3660.1,1023792.0,132837130240.0
2017-07-07,3647.64,3657.11,3631.87,3655.93,1037354.0,123465392128.0
2017-07-10,3647.94,3667.85,3641.53,3653.69,1205919.0,141034618880.0
2017-07-11,3646.88,3701.21,3645.99,3670.81,1187608.0,145084366848.0
2017-07-12,3672.63,3691.58,3640.59,3658.82,1222877.0,143494594560.0
2017-07-13,3656.35,3690.48,3652.57,3686.92,1256695.0,146388680704.0
2017-07-14,3682.62,3703.09,3672.74,3703.09,1055140.0,121021448192.0
2017-07-17,3700.62,3716.47,3621.37,3663.56,1788216.0,196217257984.0
2017-07-18,3648.49,3667.54,3622.04,3667.18,1246220.0,141472284672.0
2017-07-19,3660.87,3731.05,3658.2,3729.75,1824777.0,198392446976.0
2017-07-20,3725.14,3750.19,3723.07,3747.88,1424100.0,169267150848.0
2017-07-21,3738.18,3751.69,3722.07,3728.6,1179412.0,141432635392.0
2017-07-24,3724.38,3755.19,3719.85,3743.47,1348687.0,154701873152.0
2017-07-25,3742.64,3752.16,3713.28,3719.56,1216720.0,133531656192.0
2017-07-26,3722.88,3738.53,3684.18,3705.39,1363252.0,146517999616.0
2017-07-27,3700.86,3716.69,3672.5,3712.19,1450029.0,161631223808.0
2017-07-28,3703.49,3725.54,3696.78,3721.89,1114113.0,125817864192.0
2017-07-31,3722.43,3746.52,3713.66,3737.87,1484290.0,160890126336.0
2017-08-01,3738.74,3770.4,3737.1,3770.38,1525465.0,173127581696.0
2017-08-02,3768.19,3784.35,3759.28,3760.85,1722933.0,189336780800.0
2017-08-03,3755.11,3766.35,3718.44,3727.83,1461539.0,164710465536.0
2017-08-04,3724.72,3738.73,3707.0,3707.58,1574700.0,168292663296.0
2017-08-07,3701.22,3730.78,3689.96,3726.79,1242315.0,134348537856.0
2017-08-08,3724.33,3737.33,3718.81,3732.21,1372419.0,146481872896.0
2017-08-09,3728.03,3739.0,3713.57,3731.04,1246799.0,137223602176.0
2017-08-10,3724.96,3746.86,3688.18,3715.92,1300851.0,148005175296.0
2017-08-11,3687.93,3700.49,3645.09,3647.35,1503874.0,161083473920.0
2017-08-14,3651.38,3698.37,3651.38,3694.68,1153084.0,140233900032.0
2017-08-15,3695.78,3719.29,3692.28,3706.06,1064448.0,124790628352.0
2017-08-16,3701.13,3707.14,3679.73,3701.42,1041341.0,127282167808.0
2017-08-17,3707.07,3722.62,3704.41,3721.28,1086562.0,137020006400.0
2017-08-18,3707.19,3733.49,3700.41,3724.67,965617.0,123078164480.0
2017-08-21,3731.84,3744.26,3728.62,3740.99,1003130.0,123911716864.0
2017-08-22,3745.75,3758.29,3734.56,3752.3,1002928.0,131131080704.0
2017-08-23,3747.61,3772.46,3741.72,3756.09,1049615.0,124081152000.0
2017-08-24,3755.89,3765.71,3729.09,3734.65,899473.0,107736023040.0
2017-08-25,3736.29,3795.97,3736.29,3795.75,1299409.0,150697082880.0
2017-08-28,3805.66,3866.94,3805.66,3842.71,1855763.0,236446285824.0
2017-08-29,3839.18,3847.93,3825.76,3834.54,1282270.0,158978686976.0
2017-08-30,3834.27,3854.71,3827.86,3834.3,1413528.0,166235127808.0
2017-08-31,3835.84,3840.2,3800.89,3822.09,1329449.0,157079207936.0
2017-09-01,3825.34,3843.62,3818.16,3830.54,1586455.0,182770434048.0
2017-09-04,3828.54,3847.09,3813.55,3845.62,1495663.0,175551070208.0
2017-09-05,3845.55,3865.29,3841.95,3857.05,1249641.0,145779752960.0
2017-09-06,3846.75,3858.25,3831.38,3849.45,1313987.0,155883307008.0
2017-09-07,3851.69,3858.16,3828.84,3829.87,1238841.0,156113403904.0
2017-09-08,3830.07,3843.02,3813.98,3825.99,1060365.0,134958587904.0
2017-09-11,3828.34,3850.74,3817.51,3825.65,1238840.0,154793902080.0
2017-09-12,3832.24,3849.39,3822.0,3837.93,1441902.0,187605319680.0
2017-09-13,3835.55,3847.78,3822.94,3842.61,954107.0,126254358528.0
2017-09-14,3843.57,3854.49,3820.09,3829.96,1153585.0,143111634944.0
2017-09-15,3826.14,3843.3,3818.52,3831.3,1224270.0,153477218304.0
2017-09-18,3832.96,3862.36,3832.96,3843.14,1179344.0,152841027584.0
2017-09-19,3849.88,3857.3,3820.29,3832.12,1124329.0,145528455168.0
2017-09-20,3830.15,3850.94,3827.89,3842.44,1011295.0,135041884160.0
2017-09-21,3843.26,3860.8,3837.38,3837.82,1110981.0,144132898816.0
2017-09-22,3826.46,3842.25,3816.82,3837.73,1006198.0,128360898560.0
2017-09-25,3829.22,3835.39,3811.12,3817.79,1039489.0,135980236800.0
2017-09-26,3810.33,3821.69,3808.38,3820.78,818694.0,101036335104.0
2017-09-27,3818.96,3832.57,3818.81,3821.2,856558.0,109299490816.0
2017-09-28,3821.59,3827.33,3813.75,3822.54,935440.0,115646341120.0
2017-09-29,3825.2,3852.22,3825.2,3836.5,933060.0,116056776704.0
2017-10-09,3910.12,3918.84,3876.03,3882.21,1355358.0,171941462016.0
2017-10-10,3883.0,3900.74,3855.47,3889.86,1125325.0,157979738112.0
2017-10-11,3886.82,3913.07,3885.5,3902.69,1044181.0,144152739840.0
2017-10-12,3902.02,3917.44,3897.55,3912.95,943409.0,123147247616.0
2017-10-13,3912.98,3927.17,3908.89,3921.0,901420.0,114314854400.0
2017-10-16,3926.28,3947.42,3913.32,3913.45,1213550.0,150823763968.0
2017-10-17,3910.79,3924.61,3900.48,3913.07,822412.0,106708451328.0
2017-10-18,3914.82,3944.41,3914.82,3944.16,1009698.0,126420377600.0
2017-10-19,3940.58,3944.04,3923.65,3931.25,1065272.0,133189853184.0
2017-10-20,3918.53,3928.96,3910.2,3926.85,729801.0,94529634304.0
2017-10-23,3930.89,3936.27,3920.66,3930.8,814849.0,100280909824.0
2017-10-24,3926.23,3959.5,3922.03,3959.4,930581.0,120192147456.0
2017-10-25,3958.17,3978.09,3954.0,3976.95,882054.0,106820313088.0
2017-10-26,3980.05,4013.6,3973.55,3993.58,1298954.0,170488610816.0
2017-10-27,3992.55,4024.46,3991.35,4021.97,1266728.0,152974835712.0
2017-10-30,4022.16,4033.34,3960.27,4009.72,1573876.0,193489846272.0
2017-10-31,3995.39,4009.28,3983.26,4006.72,1091787.0,142897201152.0
2017-11-01,4007.91,4032.46,3991.32,3996.62,1304173.0,166477135872.0
2017-11-02,3994.09,3999.23,3971.38,3997.13,1261005.0,151981359104.0
2017-11-03,3992.35,3999.34,3963.03,3992.7,1294044.0,158142054400.0
2017-11-06,3989.18,4021.64,3975.41,4020.89,1220811.0,158911856640.0
2017-11-07,4022.4,4064.22,4021.36,4054.25,1521166.0,193990967296.0
2017-11-08,4051.49,4089.15,4040.58,4048.01,1508277.0,200949743616.0
2017-11-09,4043.07,4076.61,4038.4,4075.9,1210563.0,159247204352.0
2017-11-10,4070.28,4116.71,4067.66,4111.91,1418171.0,198869827584.0
2017-11-13,4115.55,4137.65,4115.55,4128.07,1514463.0,205930790912.0
2017-11-14,4129.27,4133.55,4086.89,4099.35,1432369.0,199605010432.0
2017-11-15,4084.21,4102.81,4055.72,4073.67,1206357.0,177753079808.0
2017-11-16,4063.49,4107.62,4062.27,4105.01,1213844.0,172903874560.0
2017-11-17,4094.08,4122.38,4081.37,4120.85,1917841.0,253079306240.0
2017-11-20,4093.73,4144.51,4060.96,4143.83,1374472.0,191589629952.0
2017-11-21,4131.85,4220.26,4129.98,4217.7,1803508.0,253302194176.0
2017-11-22,4228.37,4260.64,4191.15,4227.57,1864770.0,254298357760.0
2017-11-23,4213.38,4214.19,4086.9,4102.4,1781472.0,237536706560.0
2017-11-24,4089.47,4116.59,4057.49,4104.2,1308580.0,182912188416.0
2017-11-27,4088.93,4088.93,4037.15,4049.95,1434552.0,183004545024.0
2017-11-28,4034.21,4056.48,4010.3,4055.82,1020580.0,135539646464.0
2017-11-29,4061.35,4069.24,4004.69,4053.75,1245536.0,165743345664.0
2017-11-30,4034.01,4052.8,3988.0,4006.1,1079833.0,145829953536.0
2017-12-01,4003.56,4027.11,3984.38,3998.14,973869.0,136010924032.0
2017-12-04,3989.05,4032.99,3982.32,4018.86,1026472.0,138223058944.0
2017-12-05,4007.94,4045.93,4006.54,4040.17,1540870.0,196337664000.0
2017-12-06,4027.12,4031.75,3964.81,4015.82,1092862.0,144114958336.0
2017-12-07,4003.58,4017.95,3955.99,3971.06,902540.0,119651205120.0
2017-12-08,3962.83,4014.14,3955.44,4003.38,892828.0,124371230720.0
2017-12-11,4006.88,4069.5,4005.27,4069.5,971489.0,148476592128.0
2017-12-12,4068.51,4070.15,4015.45,4016.02,843387.0,123515183104.0
2017-12-13,4013.83,4052.69,4004.74,4050.09,775461.0,115006382080.0
2017-12-14,4050.9,4057.62,4013.85,4026.15,807688.0,115086942208.0
2017-12-15,4018.73,4020.27,3974.93,3980.86,890443.0,118474145792.0
2017-12-18,3983.3,4008.07,3967.93,3985.29,778533.0,111724347392.0
2017-12-19,3985.82,4035.63,3985.82,4035.33,775289.0,115998203904.0
2017-12-20,4036.02,4044.85,4015.63,4030.49,906045.0,126812880896.0
2017-12-21,4023.08,4080.78,4014.65,4067.85,968360.0,137819521024.0
2017-12-22,4064.91,4076.8,4048.49,4054.6,734736.0,104426496000.0
2017-12-25,4057.42,4086.93,4026.45,4041.54,919269.0,129938841600.0
2017-12-26,4040.62,4056.86,4015.3,4053.62,911187.0,119725096960.0
2017-12-27,4045.28,4047.74,3986.74,3991.21,1051535.0,140516900864.0
2017-12-28,3993.0,4036.7,3980.24,4018.9,1185428.0,153636700160.0
2017-12-29,4022.88,4043.14,4012.88,4030.86,904866.0,121257041920.0
2018-01-02,4045.21,4087.78,4045.21,4087.4,1469354.0,178402033664.0
2018-01-03,4091.46,4140.05,4088.73,4111.39,1518522.0,205726892032.0
2018-01-04,4114.12,4137.64,4105.89,4128.81,1345437.0,174523564032.0
2018-01-05,4133.34,4151.28,4123.28,4138.75,1490098.0,185206292480.0
2018-01-08,4140.85,4166.32,4127.31,4160.16,1738776.0,226403876864.0
2018-01-09,4157.54,4191.28,4153.5,4189.3,1390342.0,181975072768.0
2018-01-10,4187.2,4211.05,4175.14,4207.81,1511216.0,194850258944.0
2018-01-11,4197.11,4211.8,4181.96,4205.59,1215785.0,170407313408.0
2018-01-12,4205.14,4227.39,4199.03,4225.0,1113547.0,157606215680.0
2018-01-15,4229.84,4262.93,4216.36,4225.24,1709079.0,234986586112.0
2018-01-16,4215.62,4260.21,4213.13,4258.47,1614949.0,228271226880.0
2018-01-17,4261.78,4283.34,4230.54,4248.12,2143110.0,284554362880.0
2018-01-18,4259.38,4292.64,4246.68,4271.42,1720328.0,225289682944.0
2018-01-19,4281.94,4316.57,4269.62,4285.4,2094905.0,258554724352.0
2018-01-22,4276.48,4338.48,4275.9,4336.6,1746432.0,233960226816.0
2018-01-23,4346.89,4383.57,4346.79,4382.61,2018675.0,257113358336.0
2018-01-24,4389.45,4397.82,4349.09,4389.89,2198189.0,284470804480.0
2018-01-25,4381.98,4392.2,4336.24,4365.08,1953749.0,250308083712.0
2018-01-26,4352.22,4403.34,4351.49,4381.3,1772272.0,223331303424.0
2018-01-29,4387.06,4395.91,4287.11,4302.02,1911003.0,256176324608.0
2018-01-30,4286.68,4308.51,4251.57,4256.1,1390347.0,186650558464.0
2018-01-31,4234.11,4287.86,4232.77,4275.9,1452101.0,194401796096.0
2018-02-01,4276.34,4287.39,4214.29,4245.9,1900029.0,239230304256.0
2018-02-02,4213.94,4271.76,4181.78,4271.23,1460668.0,191169871872.0
2018-02-05,4204.46,4274.15,4200.14,4274.15,1613477.0,217360138240.0
2018-02-06,4182.33,4211.52,4131.56,4148.89,2149104.0,279415095296.0
2018-02-07,4205.74,4212.57,4048.42,4050.5,2031274.0,261507022848.0
2018-02-08,4022.88,4071.67,3974.68,4012.05,1592699.0,199061766144.0
2018-02-09,3896.17,3911.29,3759.15,3840.65,2063498.0,246774824960.0
2018-02-12,3846.27,3907.84,3828.07,3890.1,1161826.0,149858041856.0
2018-02-13,3925.6,3986.98,3925.6,3935.63,1125658.0,144479354880.0
2018-02-14,3945.09,3971.4,3923.13,3966.96,710813.0,93110198272.0
2018-02-22,4020.97,4058.79,4009.92,4052.73,1058115.0,138334355456.0
2018-02-23,4061.75,4085.2,4035.23,4071.09,994587.0,128195837952.0
2018-02-26,4093.4,4128.74,4048.98,4118.42,1378810.0,179013091328.0
2018-02-27,4120.87,4120.87,4051.81,4058.98,1259344.0,169684893696.0
2018-02-28,4016.79,4051.71,3991.71,4023.64,1093435.0,152493916160.0
2018-03-01,3994.87,4061.03,3986.89,4049.09,1101998.0,146003460096.0
2018-03-02,4014.95,4044.42,4006.94,4016.46,961650.0,130931179520.0
2018-03-05,4021.66,4042.83,3995.87,4018.1,879525.0,118197862400.0
2018-03-06,4034.99,4067.55,3998.93,4066.56,1387624.0,171370659840.0
2018-03-07,4063.5,4089.7,4027.94,4036.65,1069524.0,136572305408.0
2018-03-08,4038.95,4078.23,4029.71,4077.6,911558.0,123634638848.0
2018-03-09,4088.07,4110.67,4076.45,4108.87,1137018.0,150024126464.0
2018-03-12,4130.71,4139.53,4112.77,4127.67,1409067.0,190367596544.0
2018-03-13,4124.33,4130.28,4087.56,4091.25,1117664.0,141174161408.0
2018-03-14,4076.06,4089.09,4066.49,4073.34,990134.0,131537960960.0
2018-03-15,4058.71,4098.99,4058.71,4096.16,881611.0,126882455552.0
2018-03-16,4096.89,4110.05,4055.82,4056.42,848961.0,122125344768.0
2018-03-19,4054.62,4074.52,4033.52,4074.25,815028.0,118183813120.0
2018-03-20,4045.74,4080.19,4040.31,4077.7,806052.0,111980232704.0
2018-03-21,4097.02,4110.12,4046.24,4061.05,976094.0,139330404352.0
2018-03-22,4062.07,4072.38,4003.72,4020.35,890952.0,127664340992.0
2018-03-23,3896.74,3928.51,3834.94,3904.94,1800804.0,218905034752.0
2018-03-26,3862.69,3883.9,3829.92,3879.89,1151391.0,156604530688.0
2018-03-27,3927.49,3936.78,3881.87,3913.27,1137007.0,162291548160.0
2018-03-28,3865.05,3907.28,3835.88,3842.72,1014949.0,155848949760.0
2018-03-29,3854.59,3913.96,3794.26,3894.05,1166290.0,164996775936.0
2018-03-30,3893.75,3915.35,3879.21,3898.5,975122.0,137959276544.0
2018-04-02,3897.01,3937.02,3882.89,3886.92,1112426.0,159356076032.0
2018-04-03,3850.15,3878.15,3839.93,3862.48,951373.0,132049936384.0
2018-04-04,3873.63,3898.61,3852.5,3854.86,887306.0,131593068544.0
2018-04-09,3851.95,3870.67,3827.41,3852.93,841054.0,118167273472.0
2018-04-10,3860.72,3927.42,3851.8,3927.17,1061737.0,137941303296.0
2018-04-11,3934.17,3958.71,3924.96,3938.34,1119330.0,139989286912.0
2018-04-12,3935.67,3937.78,3896.18,3898.64,826994.0,108075565056.0
2018-04-13,3920.74,3929.95,3866.19,3871.14,715442.0,98921824256.0
2018-04-16,3862.47,3869.16,3789.61,3808.86,992177.0,131566870528.0
2018-04-17,3812.87,3822.63,3745.44,3748.64,906107.0,126518755328.0
2018-04-18,3785.31,3789.66,3708.11,3766.28,1066767.0,143077670912.0
2018-04-19,3774.78,3824.03,3767.8,3811.84,990540.0,127520120832.0
2018-04-20,3801.21,3815.44,3750.1,3760.85,992829.0,123550662656.0
2018-04-23,3754.69,3787.4,3735.18,3766.33,903562.0,111763030016.0
2018-04-24,3769.88,3854.43,3769.88,3843.49,1142195.0,145700519936.0
2018-04-25,3824.59,3838.69,3817.03,3828.7,781726.0,105750446080.0
2018-04-26,3823.39,3828.71,3744.89,3755.49,871506.0,125772308480.0
2018-04-27,3771.04,3776.98,3714.64,3756.88,895317.0,142113619968.0
2018-05-02,3769.93,3787.3,3744.55,3763.65,833010.0,120083480576.0
2018-05-03,3756.17,3797.53,3732.37,3793.0,939611.0,122740170752.0
2018-05-04,3784.32,3801.52,3770.94,3774.6,715542.0,98315255808.0
2018-05-07,3782.54,3834.59,3776.03,3834.19,872861.0,126354800640.0
2018-05-08,3834.61,3892.07,3833.73,3878.68,942151.0,135445864448.0
2018-05-09,3876.13,3878.94,3855.74,3871.62,667129.0,92322897920.0
2018-05-10,3882.84,3894.49,3867.31,3893.06,706678.0,103255138304.0
2018-05-11,3902.15,3903.34,3871.95,3872.84,733566.0,107715461120.0
2018-05-14,3886.87,3919.3,3886.87,3909.29,819760.0,122520051712.0
2018-05-15,3920.14,3924.34,3892.92,3924.1,760495.0,106091905024.0
2018-05-16,3909.82,3923.34,3889.19,3892.84,719136.0,106533928960.0
2018-05-17,3895.49,3899.51,3858.85,3864.05,590301.0,87104167936.0
2018-05-18,3860.16,3903.06,3841.9,3903.06,726139.0,96823853056.0
2018-05-21,3925.54,3937.46,3913.6,3921.24,926417.0,120528723968.0
2018-05-22,3918.82,3918.82,3881.17,3906.21,753687.0,102883344384.0
2018-05-23,3898.27,3898.27,3854.58,3854.58,837223.0,110684504064.0
2018-05-24,3853.29,3859.1,3823.92,3827.22,683450.0,93408223232.0
2018-05-25,3823.75,3841.12,3804.14,3816.5,708363.0,95667544064.0
2018-05-28,3816.27,3846.55,3799.32,3833.26,715211.0,100001636352.0
2018-05-29,3824.19,3841.78,3800.67,3804.01,815526.0,117288583168.0
2018-05-30,3755.18,3767.89,3722.07,3723.37,879132.0,115858972672.0
2018-05-31,3749.3,3804.79,3742.53,3802.38,926668.0,130545418240.0
2018-06-01,3789.67,3802.54,3753.84,3770.59,778218.0,105934864384.0
2018-06-04,3785.19,3813.41,3776.62,3807.58,766243.0,115146465280.0
2018-06-05,3811.29,3845.56,3800.93,3845.32,786873.0,121261465600.0
2018-06-06,3839.68,3848.33,3830.9,3837.35,731172.0,107142045696.0
2018-06-07,3846.94,3859.85,3827.69,3831.01,802561.0,112365707264.0
2018-06-08,3819.45,3819.46,3759.27,3779.62,833373.0,107818795008.0
2018-06-11,3770.21,3792.55,3756.52,3779.98,687098.0,105597927424.0
2018-06-12,3783.19,3830.47,3765.26,3825.95,732062.0,116217143296.0
2018-06-13,3814.62,3817.45,3782.07,3788.34,663779.0,97185497088.0
2018-06-14,3774.64,3808.16,3759.25,3773.37,684713.0,99234013184.0
2018-06-15,3763.04,3780.34,3737.43,3753.43,854888.0,109534904320.0
2018-06-19,3702.67,3712.82,3583.02,3621.12,1607065.0,193848803328.0
2018-06-20,3602.55,3649.34,3578.17,3635.44,867180.0,112804814848.0
2018-06-21,3633.56,3673.56,3589.49,3592.97,939085.0,115584147456.0
2018-06-22,3567.89,3609.08,3542.46,3608.9,751178.0,89687285760.0
2018-06-25,3625.8,3631.03,3559.03,3560.48,798770.0,106690347008.0
2018-06-26,3521.59,3541.78,3478.21,3531.11,849852.0,108132163584.0
2018-06-27,3525.13,3537.66,3441.79,3459.26,814918.0,107628896256.0
2018-06-28,3434.94,3477.06,3416.95,3423.53,759180.0,98570526720.0
2018-06-29,3431.96,3512.38,3425.22,3510.98,772570.0,97616363520.0
2018-07-02,3504.46,3506.9,3383.5,3407.96,843514.0,107601543168.0
2018-07-03,3410.48,3422.04,3319.29,3409.28,952786.0,129898020864.0
2018-07-04,3398.78,3418.33,3359.09,3363.75,751580.0,93648560128.0
2018-07-05,3365.55,3398.49,3330.71,3342.44,815879.0,97544617984.0
2018-07-06,3347.06,3396.25,3295.73,3365.12,860975.0,109481943040.0
2018-07-09,3378.91,3459.32,3378.91,3459.18,766015.0,100918861824.0
2018-07-10,3464.91,3474.14,3437.27,3467.52,695488.0,90127441920.0
2018-07-11,3398.93,3427.57,3375.14,3407.53,720409.0,89661505536.0
2018-07-12,3403.33,3499.1,3403.33,3481.06,963535.0,117805514752.0
2018-07-13,3488.5,3499.76,3474.91,3492.69,729558.0,99800186880.0
2018-07-16,3488.97,3506.24,3459.73,3472.09,682820.0,90754285568.0
2018-07-17,3466.42,3467.19,3420.97,3449.38,619830.0,85720563712.0
2018-07-18,3456.61,3479.26,3430.16,3431.32,665303.0,88556871680.0
2018-07-19,3444.8,3466.51,3417.96,3428.34,684777.0,88804909056.0
2018-07-20,3426.46,3505.93,3398.95,3492.89,1019847.0,122196951040.0
2018-07-23,3471.86,3527.53,3464.65,3525.75,1190366.0,143960932352.0
2018-07-24,3530.66,3596.51,3530.66,3581.71,1569124.0,177448960000.0
2018-07-25,3589.51,3589.98,3566.31,3577.75,967585.0,112176693248.0
2018-07-26,3583.32,3593.92,3528.64,3536.25,903496.0,105577283584.0
2018-07-27,3533.77,3545.41,3512.7,3521.23,701781.0,81192173568.0
2018-07-30,3520.85,3550.9,3489.55,3515.08,821169.0,96183099392.0
2018-07-31,3510.47,3528.15,3493.15,3517.66,679808.0,80022151168.0
2018-08-01,3530.03,3543.61,3446.78,3447.39,903486.0,107477213184.0
2018-08-02,3434.35,3434.35,3322.1,3370.96,1013087.0,122401284096.0
2018-08-03,3366.66,3381.34,3315.2,3315.28,707969.0,91395989504.0
2018-08-06,3312.82,3344.25,3257.69,3273.27,779750.0,97517993984.0
2018-08-07,3284.98,3368.96,3263.5,3368.87,917839.0,107512225792.0
2018-08-08,3362.15,3368.16,3311.77,3314.51,792848.0,90958913536.0
2018-08-09,3303.48,3408.39,3299.62,3397.53,919575.0,108802318336.0
2018-08-10,3398.41,3424.04,3380.57,3405.02,689672.0,85634523136.0
2018-08-13,3369.98,3396.19,3336.7,3390.34,761915.0,90869293056.0
2018-08-14,3386.48,3391.73,3356.61,3372.91,606514.0,72121991168.0
2018-08-15,3371.96,3372.14,3288.71,3291.98,681740.0,83402194944.0
2018-08-16,3251.86,3315.2,3231.56,3276.73,765473.0,89269174272.0
2018-08-17,3305.9,3311.57,3224.1,3229.62,673954.0,84452450304.0
2018-08-20,3238.22,3267.25,3209.01,3267.25,709042.0,88963383296.0
2018-08-21,3271.84,3331.71,3270.03,3326.65,752055.0,97925840896.0
2018-08-22,3328.97,3328.97,3299.39,3307.95,507870.0,66548535296.0
2018-08-23,3308.46,3336.11,3285.81,3320.03,611123.0,80212787200.0
2018-08-24,3308.48,3353.04,3291.87,3325.33,637658.0,77197844480.0
2018-08-27,3339.39,3406.57,3339.26,3406.57,942700.0,114960965632.0
2018-08-28,3408.15,3416.59,3388.81,3400.17,754453.0,94945951744.0
2018-08-29,3393.05,3398.71,3377.12,3386.57,670204.0,79072296960.0
2018-08-30,3385.81,3402.56,3349.47,3351.09,683852.0,80226050048.0
2018-08-31,3333.38,3356.58,3310.87,3334.5,762056.0,96091889664.0
2018-09-03,3320.69,3325.61,3291.78,3321.82,664298.0,81305681920.0
2018-09-04,3324.19,3370.96,3307.96,3363.9,670888.0,85892038656.0
2018-09-05,3349.7,3354.2,3298.14,3298.14,643018.0,80656678912.0
2018-09-06,3286.66,3311.5,3253.76,3262.88,623002.0,79373139968.0
2018-09-07,3273.89,3316.62,3253.73,3277.64,639474.0,81263443968.0
2018-09-10,3271.38,3277.88,3227.85,3230.07,638170.0,76175581184.0
2018-09-11,3229.71,3245.62,3209.11,3224.21,584913.0,67722117120.0
2018-09-12,3216.99,3225.6,3194.98,3202.03,546279.0,68887019520.0
2018-09-13,3239.69,3249.59,3191.4,3236.57,672903.0,85887959040.0
2018-09-14,3242.83,3254.1,3227.94,3242.09,601306.0,76481208320.0
2018-09-17,3224.93,3230.79,3200.51,3204.92,522595.0,60650942464.0
2018-09-18,3193.64,3270.11,3193.64,3269.43,704250.0,83899138048.0
2018-09-19,3262.0,3335.99,3258.31,3312.48,891706.0,109395427328.0
2018-09-20,3314.88,3332.31,3303.07,3310.13,645610.0,76660842496.0
2018-09-21,3320.7,3410.49,3307.77,3410.49,1084160.0,123573116928.0
2018-09-25,3375.97,3394.38,3367.03,3379.8,690546.0,82870026240.0
2018-09-26,3388.56,3448.26,3383.24,3417.24,931733.0,119113318400.0
2018-09-27,3415.95,3423.71,3394.73,3403.59,697652.0,87573299200.0
2018-09-28,3409.96,3444.99,3404.7,3438.87,843777.0,94880276480.0
2018-10-08,3361.56,3364.46,3285.25,3290.9,978889.0,114164219904.0
2018-10-09,3290.17,3309.8,3276.13,3288.69,667232.0,78372937728.0
2018-10-10,3295.43,3315.73,3256.58,3281.6,644928.0,79166808064.0
2018-10-11,3179.54,3209.52,3099.04,3124.11,1209413.0,125723082752.0
2018-10-12,3123.37,3184.12,3094.97,3170.73,986111.0,104423079936.0
2018-10-15,3173.85,3183.13,3120.23,3126.45,696050.0,77137698816.0
2018-10-16,3128.58,3166.09,3089.37,3100.97,688877.0,75206467584.0
2018-10-17,3140.68,3149.13,3062.55,3118.25,768371.0,86132695040.0
2018-10-18,3097.79,3097.79,3043.38,3044.39,737719.0,79703728128.0
2018-10-19,3017.75,3137.75,3009.5,3134.95,988396.0,110951366656.0
2018-10-22,3159.56,3297.38,3159.56,3270.27,1458620.0,170651303936.0
2018-10-23,3273.13,3276.02,3163.57,3183.43,1210132.0,142589181952.0
2018-10-24,3169.46,3245.4,3164.29,3188.2,1109097.0,120954388480.0
2018-10-25,3107.84,3197.32,3099.89,3194.31,1069518.0,113291747328.0
2018-10-26,3204.28,3218.1,3151.92,3173.64,1012993.0,106070368256.0
2018-10-29,3157.49,3158.81,3062.58,3076.89,918397.0,108479488000.0
2018-10-30,3061.93,3146.63,3050.77,3110.26,1160701.0,131767099392.0
2018-10-31,3116.66,3168.92,3106.03,3153.82,1112074.0,117099700224.0
2018-11-01,3185.2,3217.8,3173.1,3177.03,1326533.0,145919311872.0
2018-11-02,3258.61,3290.25,3222.44,3290.25,1534661.0,178340642816.0
2018-11-05,3269.47,3279.88,3230.36,3262.84,1097066.0,123630919680.0
2018-11-06,3254.98,3254.98,3213.9,3243.15,838691.0,91703894016.0
2018-11-07,3243.88,3270.5,3218.42,3221.91,916155.0,101814919168.0
2018-11-08,3251.73,3253.57,3207.71,3212.77,764145.0,85221662720.0
2018-11-09,3193.3,3193.3,3166.31,3167.44,842827.0,88194195456.0
2018-11-12,3160.25,3206.51,3152.44,3205.14,880623.0,97363050496.0
2018-11-13,3164.92,3254.77,3161.1,3237.38,1264934.0,125603045376.0
2018-11-14,3233.64,3239.25,3200.23,3204.94,1138086.0,105386565632.0
2018-11-15,3201.28,3242.38,3198.78,3242.37,985588.0,100119191552.0
2018-11-16,3242.88,3282.39,3223.72,3257.67,1268768.0,135379804160.0
2018-11-19,3258.79,3294.6,3251.07,3294.6,1159565.0,123188781056.0
2018-11-20,3268.08,3278.78,3213.68,3218.41,1093611.0,114155069440.0
2018-11-21,3187.1,3230.26,3185.24,3226.49,841197.0,87813275648.0
2018-11-22,3232.97,3235.45,3199.7,3214.43,650982.0,70083371008.0
2018-11-23,3208.59,3212.2,3139.39,3143.48,846382.0,86864945152.0
2018-11-26,3148.67,3169.44,3131.64,3141.24,593791.0,61899481088.0
2018-11-27,3152.77,3162.01,3126.29,3137.24,554078.0,61946261504.0
2018-11-28,3137.75,3179.41,3126.62,3178.93,748819.0,77620551680.0
2018-11-29,3198.83,3204.86,3137.65,3137.65,804984.0,86927613952.0
2018-11-30,3136.2,3175.15,3132.42,3172.69,709210.0,77297696768.0
2018-12-03,3260.69,3273.64,3228.36,3260.95,1214871.0,145828413440.0
2018-12-04,3256.23,3267.94,3243.7,3267.71,794150.0,90543603712.0
2018-12-05,3224.26,3266.9,3219.98,3252.0,761530.0,90909089792.0
2018-12-06,3218.11,3223.52,3179.89,3181.67,763287.0,95678881792.0
2018-12-07,3187.49,3193.82,3176.71,3181.56,533619.0,66323972096.0
2018-12-10,3153.52,3170.15,3134.38,3144.76,634372.0,73717202944.0
2018-12-11,3148.23,3161.96,3143.61,3159.82,532238.0,60014968832.0
2018-12-12,3181.57,3182.21,3160.28,3170.61,533099.0,60536221696.0
2018-12-13,3178.89,3234.08,3169.42,3219.69,904427.0,103375478784.0
2018-12-14,3207.35,3210.72,3165.91,3165.91,843012.0,91576901632.0
2018-12-17,3158.28,3167.51,3134.37,3161.2,664970.0,77151494144.0
2018-12-18,3139.95,3165.0,3114.47,3128.43,638203.0,72035450880.0
2018-12-19,3133.74,3137.01,3086.76,3091.13,555223.0,67872923648.0
2018-12-20,3083.54,3097.72,3044.29,3067.42,697494.0,78181425152.0
2018-12-21,3055.33,3057.4,3007.61,3029.4,767581.0,84824064000.0
2018-12-24,3015.5,3040.35,3007.33,3038.2,572996.0,63880740864.0
2018-12-25,3006.88,3030.14,2964.88,3017.28,786894.0,80413564928.0
2018-12-26,3012.87,3029.06,2996.48,3002.03,556470.0,58574970880.0
2018-12-27,3042.95,3047.24,2990.51,2990.51,805417.0,81159266304.0
2018-12-28,2994.8,3024.35,2984.82,3010.65,710537.0,78145306624.0
2019-01-02,3017.07,3018.78,2958.49,2969.54,686630.0,76105572352.0
2019-01-03,2963.02,3000.44,2953.26,2964.84,708671.0,76664799232.0
2019-01-04,2940.19,3036.81,2935.83,3035.87,1033189.0,107141038080.0
2019-01-07,3055.15,3061.75,3035.91,3054.3,1011643.0,105703940096.0
2019-01-08,3049.87,3055.51,3038.53,3047.7,861705.0,79628886016.0
2019-01-09,3065.23,3117.96,3062.85,3078.48,1073643.0,117129682944.0
2019-01-10,3077.48,3092.54,3062.57,3072.69,852717.0,90206871552.0
2019-01-11,3082.26,3102.83,3071.03,3094.78,717864.0,77420240896.0
2019-01-14,3092.5,3097.41,3064.38,3067.78,661217.0,68115968000.0
2019-01-15,3071.52,3129.37,3064.67,3127.99,887729.0,99976888320.0
2019-01-16,3126.13,3135.01,3117.29,3128.65,802143.0,85781594112.0
2019-01-17,3132.63,3141.71,3110.06,3111.42,801748.0,82888204288.0
2019-01-18,3124.5,3171.69,3120.35,3168.17,1039638.0,106780655616.0
2019-01-21,3170.88,3199.21,3170.88,3185.64,939150.0,105536987136.0
2019-01-22,3181.95,3181.95,3135.34,3143.32,729905.0,78150877184.0
2019-01-23,3136.1,3157.63,3131.87,3141.05,598704.0,62669651968.0
2019-01-24,3146.6,3165.63,3125.3,3158.78,729346.0,80963878912.0
2019-01-25,3165.18,3203.17,3164.41,3184.47,839677.0,93207953408.0
2019-01-28,3203.12,3228.87,3174.72,3183.78,826224.0,97371496448.0
2019-01-29,3177.26,3200.99,3148.23,3193.97,776583.0,85943910400.0
2019-01-30,3181.66,3202.9,3167.89,3168.48,637465.0,73005121536.0
2019-01-31,3182.7,3216.07,3178.01,3201.63,862478.0,97509924864.0
2019-02-01,3225.73,3247.5,3207.72,3247.4,820196.0,94766415872.0
2019-02-11,3239.81,3307.06,3239.81,3306.47,988184.0,114752356352.0
2019-02-12,3306.35,3335.36,3298.63,3330.34,1222324.0,122834100224.0
2019-02-13,3337.78,3405.58,3329.14,3397.03,1638283.0,168866267136.0
2019-02-14,3392.85,3415.4,3381.98,3402.14,1511273.0,138649288704.0
2019-02-15,3391.24,3395.03,3335.87,3338.7,1436686.0,141555056640.0
2019-02-18,3366.42,3445.75,3366.42,3445.75,1828861.0,180449738752.0
2019-02-19,3454.72,3480.79,3419.07,3439.61,1790837.0,185762742272.0
2019-02-20,3449.93,3463.77,3421.51,3451.93,1473903.0,145570267136.0
2019-02-21,3450.14,3500.25,3431.63,3442.71,1801432.0,185197150208.0
2019-02-22,3439.38,3520.12,3417.98,3520.12,1872379.0,202869293056.0
2019-02-25,3575.85,3729.48,3574.69,3729.48,3425571.0,376382390272.0
2019-02-26,3734.71,3762.11,3679.27,3684.69,3580387.0,387632857088.0
2019-02-27,3682.81,3737.63,3638.33,3678.39,2862360.0,307306135552.0
2019-02-28,3675.26,3695.46,3650.05,3669.37,1848102.0,206010957824.0
2019-03-01,3699.22,3749.71,3668.77,3749.71,2047110.0,235620630528.0
2019-03-04,3783.04,3886.58,3764.78,3794.1,3234901.0,376397299712.0
2019-03-05,3785.38,3816.16,3770.79,3816.01,2308531.0,261464129536.0
2019-03-06,3822.86,3855.16,3787.52,3848.09,3180773.0,331155603456.0
2019-03-07,3841.15,3845.18,3778.8,3808.85,3298465.0,359339163648.0
2019-03-08,3721.4,3774.54,3656.19,3657.58,3179900.0,349296689152.0
2019-03-11,3663.98,3731.91,3650.81,3729.95,2309128.0,268718456832.0
2019-03-12,3758.32,3804.72,3723.68,3755.35,2749263.0,325180620800.0
2019-03-13,3758.71,3763.09,3708.81,3724.19,2336822.0,286171037696.0
2019-03-14,3710.29,3747.82,3673.85,3698.49,1908172.0,231820148736.0
2019-03-15,3713.94,3782.24,3713.94,3745.01,1751745.0,224194363392.0
2019-03-18,3753.64,3851.75,3733.68,3851.75,2169280.0,276473446400.0
2019-03-19,3856.59,3868.34,3815.22,3833.96,1817271.0,224096894976.0
2019-03-20,3825.34,3855.15,3790.51,3835.44,1756321.0,215407001600.0
2019-03-21,3840.28,3864.07,3823.47,3836.89,1963103.0,231993442304.0
2019-03-22,3838.13,3845.58,3786.59,3833.8,1713569.0,198518390784.0
2019-03-25,3776.44,3807.18,3741.61,3742.83,1985863.0,223396560896.0
2019-03-26,3766.53,3770.84,3687.55,3700.44,1730465.0,196547805184.0
2019-03-27,3724.41,3750.26,3703.45,3743.39,1387584.0,177507532800.0
2019-03-28,3731.06,3755.72,3710.08,3728.4,1332721.0,172604391424.0
2019-03-29,3739.77,3876.38,3739.77,3872.34,2156391.0,283022295040.0
2019-04-01,3901.17,3982.91,3901.17,3973.93,2713827.0,340799389696.0
2019-04-02,3986.34,3988.1,3956.51,3971.29,2260003.0,281892061184.0
2019-04-03,3947.87,4026.5,3939.78,4022.16,2319173.0,284826501120.0
2019-04-04,4039.74,4072.11,4021.71,4062.23,2604109.0,313539428352.0
2019-04-08,4097.1,4122.6,4017.49,4057.23,2675055.0,324670455808.0
2019-04-09,4063.81,4084.24,4038.28,4075.43,1829568.0,243187908608.0
2019-04-10,4062.44,4115.38,4035.47,4085.85,1946876.0,278282010624.0
2019-04-11,4083.46,4097.13,3990.24,3997.58,1690496.0,236259164160.0
2019-04-12,3986.78,4006.93,3961.46,3988.62,1358621.0,178795937792.0
2019-04-15,4056.49,4085.39,3974.23,3975.52,1826455.0,236298715136.0
2019-04-16,3958.1,4085.79,3943.49,4085.79,2020419.0,250569211904.0
2019-04-17,4080.72,4106.62,4057.5,4087.24,1803671.0,228824432640.0
2019-04-18,4085.11,4094.05,4056.24,4072.08,1465621.0,187812691968.0
2019-04-19,4076.3,4120.64,4046.2,4120.61,1507949.0,194701688832.0
2019-04-22,4125.97,4126.09,4015.48,4025.61,1893537.0,244380549120.0
2019-04-23,4021.63,4061.09,4005.28,4019.01,1556116.0,204121505792.0
2019-04-24,4033.63,4044.34,3967.81,4030.09,1454986.0,186497957888.0
2019-04-25,4013.6,4022.56,3938.33,3941.82,1597220.0,197530992640.0
2019-04-26,3921.89,3943.83,3887.25,3889.28,1420080.0,186572144640.0
2019-04-29,3896.58,3953.23,3875.45,3900.33,1538709.0,203946557440.0
2019-04-30,3887.18,3923.11,3885.15,3913.21,1162333.0,161665925120.0
2019-05-06,3775.08,3791.61,3647.14,3684.62,1974728.0,254115397632.0
2019-05-07,3702.27,3738.18,3671.83,3720.67,1328476.0,183659151360.0
2019-05-08,3648.55,3722.93,3642.5,3667.46,1128673.0,145058480128.0
2019-05-09,3637.35,3656.9,3584.82,3599.7,1010373.0,141829095424.0
2019-05-10,3643.06,3732.92,3589.29,3730.45,1480038.0,195067166720.0
2019-05-13,3675.76,3702.9,3658.0,3668.73,1033918.0,135053926400.0
2019-05-14,3630.44,3683.26,3630.44,3645.15,1023134.0,135262871552.0
2019-05-15,3674.99,3741.04,3674.99,3727.09,1101617.0,152534548480.0
2019-05-16,3720.04,3745.14,3707.9,3743.96,1162582.0,139851939840.0
2019-05-17,3744.88,3745.36,3637.58,3648.76,1284532.0,154092355584.0
2019-05-20,3635.74,3644.5,3583.83,3617.79,1089634.0,134194266112.0
2019-05-21,3619.44,3690.09,3610.68,3666.78,1110229.0,133071380480.0
2019-05-22,3663.15,3679.27,3634.75,3649.38,983461.0,121775243264.0
2019-05-23,3629.53,3631.47,3578.11,3583.96,998977.0,125611966464.0
2019-05-24,3584.9,3623.39,3580.79,3593.91,809340.0,101337497600.0
2019-05-27,3592.6,3648.03,3556.26,3637.2,1088308.0,133399052288.0
2019-05-28,3633.02,3683.23,3627.79,3672.26,1178862.0,148966342656.0
2019-05-29,3642.54,3693.23,3637.35,3663.91,933554.0,120002035712.0
2019-05-30,3648.85,3650.97,3612.62,3641.18,942025.0,112864075776.0
2019-05-31,3641.0,3668.18,3627.55,3629.79,892222.0,108264202240.0
2019-06-03,3640.61,3672.81,3613.13,3632.01,1007231.0,123902443520.0
2019-06-04,3632.56,3636.13,3584.46,3598.47,870970.0,109467238400.0
2019-06-05,3627.79,3634.45,3593.95,3597.11,886420.0,114634227712.0
2019-06-06,3601.04,3601.04,3557.02,3564.68,855344.0,104367267840.0
2019-06-10,3578.01,3623.73,3568.28,3610.74,923750.0,117346607104.0
2019-06-11,3617.52,3723.14,3617.52,3719.28,1434828.0,180899069952.0
2019-06-12,3706.86,3711.88,3683.94,3691.1,1191788.0,132296097792.0
2019-06-13,3689.58,3697.59,3654.27,3685.39,963317.0,110459904000.0
2019-06-14,3690.48,3709.65,3650.91,3654.88,1018170.0,116584259584.0
2019-06-17,3654.44,3683.77,3645.5,3654.82,729766.0,93092577280.0
2019-06-18,3661.13,3675.65,3638.78,3667.62,706922.0,89472843776.0
2019-06-19,3761.34,3771.35,3715.13,3715.94,1255957.0,172574179328.0
2019-06-20,3718.94,3845.79,3717.19,3828.52,1688720.0,227726983168.0
2019-06-21,3832.73,3856.09,3817.31,3833.94,1536351.0,199961624576.0
2019-06-24,3836.31,3853.55,3819.77,3841.27,1000846.0,143644737536.0
2019-06-25,3837.43,3838.06,3755.01,3801.31,1240759.0,169358786560.0
2019-06-26,3779.51,3809.76,3771.72,3794.33,818202.0,112106856448.0
2019-06-27,3807.54,3854.08,3805.83,3834.82,1053163.0,156483420160.0
2019-06-28,3832.06,3835.23,3803.05,3825.59,847661.0,116512047104.0
2019-07-01,3899.33,3936.67,3886.91,3935.81,1583703.0,217470255104.0
2019-07-02,3931.05,3942.43,3918.94,3937.17,1318635.0,173997047808.0
2019-07-03,3927.44,3927.44,3878.84,3893.53,1119926.0,163145728000.0
2019-07-04,3895.2,3906.89,3854.69,3873.1,993422.0,142669250560.0
2019-07-05,3875.37,3900.31,3857.93,3893.2,740065.0,116236525568.0
2019-07-08,3875.75,3875.75,3775.03,3802.79,1095390.0,147198427136.0
2019-07-09,3798.1,3811.1,3774.76,3793.13,748427.0,113147600896.0
2019-07-10,3807.95,3810.4,3774.23,3786.74,728339.0,101355479040.0
2019-07-11,3806.19,3830.74,3774.41,3785.22,753119.0,113674616832.0
2019-07-12,3783.07,3820.24,3774.52,3808.73,754659.0,107007926272.0
2019-07-15,3792.64,3844.87,3745.86,3824.19,1012052.0,142493040640.0
2019-07-16,3819.25,3828.33,3799.87,3806.85,807309.0,108449685504.0
2019-07-17,3800.11,3820.27,3787.9,3804.64,951838.0,116766777344.0
2019-07-18,3793.19,3793.39,3768.0,3768.4,874964.0,111669362688.0
2019-07-19,3787.51,3828.15,3787.51,3807.96,880861.0,117797527552.0
2019-07-22,3813.5,3816.54,3765.44,3781.68,921013.0,117810446336.0
2019-07-23,3783.54,3792.96,3768.76,3789.91,713133.0,103866605568.0
2019-07-24,3803.59,3840.06,3803.57,3819.83,909406.0,129940586496.0
2019-07-25,3821.39,3851.07,3812.95,3851.07,937404.0,125899505664.0
2019-07-26,3835.23,3863.59,3832.52,3858.57,832592.0,110929731584.0
2019-07-29,3857.94,3862.75,3842.43,3854.27,848143.0,111679111168.0
2019-07-30,3861.57,3890.73,3861.57,3870.32,941239.0,120480276480.0
2019-07-31,3856.75,3856.75,3830.09,3835.36,821511.0,111083896832.0
2019-08-01,3819.32,3831.26,3791.55,3803.47,841141.0,117649162240.0
2019-08-02,3729.13,3754.53,3720.06,3747.44,1083359.0,141874790400.0
2019-08-05,3724.41,3739.5,3675.69,3675.69,1013259.0,133061099520.0
2019-08-06,3609.11,3649.9,3575.86,3636.33,1298338.0,167267483648.0
2019-08-07,3654.63,3659.08,3621.43,3621.43,842387.0,108667666432.0
2019-08-08,3651.36,3675.46,3646.94,3669.29,884577.0,114981617664.0
2019-08-09,3686.75,3689.18,3628.12,3633.53,852955.0,116355686400.0
2019-08-12,3647.87,3699.1,3643.32,3699.1,820830.0,121129345024.0
2019-08-13,3675.59,3686.43,3658.01,3665.75,765003.0,103764320256.0
2019-08-14,3712.07,3717.56,3680.61,3682.4,912025.0,128301670400.0
2019-08-15,3618.01,3694.3,3612.11,3694.0,885988.0,119241080832.0
2019-08-16,3697.94,3738.1,3687.08,3710.54,883191.0,132696907776.0
2019-08-19,3736.03,3791.09,3720.69,3791.09,1393270.0,195448946688.0
2019-08-20,3786.03,3799.9,3778.73,3787.73,1086020.0,149115338752.0
2019-08-21,3778.31,3792.6,3775.45,3781.76,822998.0,121688506368.0
2019-08-22,3793.86,3797.33,3771.2,3793.51,858077.0,120708136960.0
2019-08-23,3796.88,3829.36,3788.03,3820.86,879545.0,137802153984.0
2019-08-26,3756.36,3778.87,3753.16,3765.91,938592.0,142350991360.0
2019-08-27,3791.46,3848.24,3790.87,3816.95,1247314.0,181748776960.0
2019-08-28,3818.81,3822.59,3790.14,3802.58,887508.0,137667280896.0
2019-08-29,3805.49,3808.6,3774.4,3790.19,840833.0,126475673600.0
2019-08-30,3816.68,3828.97,3778.92,3799.59,966951.0,152408670208.0
2019-09-02,3803.69,3855.78,3799.82,3848.32,1102893.0,164994465792.0
2019-09-03,3852.58,3856.68,3833.76,3853.61,977146.0,146270633984.0
2019-09-04,3848.65,3886.0,3846.42,3886.0,1266286.0,176839737344.0
2019-09-05,3909.21,3970.0,3909.21,3925.32,1816562.0,244681228288.0
2019-09-06,3946.69,3948.54,3922.34,3948.51,1218823.0,181718269952.0
2019-09-09,3980.96,3985.24,3954.88,3972.95,1468097.0,209545379840.0
2019-09-10,3976.87,3976.92,3938.74,3959.27,1308893.0,184494342144.0
2019-09-11,3969.68,3971.22,3922.95,3930.1,1315948.0,190165008384.0
2019-09-12,3944.69,3975.93,3933.44,3972.38,1102412.0,156750659584.0
2019-09-16,3981.36,3982.2,3943.37,3957.72,1102598.0,154736558080.0
2019-09-17,3947.16,3947.16,3879.49,3891.22,1136943.0,154899300352.0
2019-09-18,3902.99,3923.15,3902.51,3910.08,820561.0,130159558656.0
2019-09-19,3923.96,3924.38,3897.07,3924.38,859842.0,127421792256.0
2019-09-20,3933.46,3942.22,3921.41,3935.65,1034559.0,153162596352.0
2019-09-23,3925.19,3925.19,3868.21,3890.66,940362.0,139223498752.0
2019-09-24,3895.87,3927.01,3886.14,3901.08,877832.0,142341406720.0
2019-09-25,3887.55,3889.84,3867.23,3870.98,895208.0,133224464384.0
2019-09-26,3884.7,3890.75,3840.25,3841.14,1026983.0,150806757376.0
2019-09-27,3843.46,3859.5,3832.25,3852.65,740039.0,109130481664.0
2019-09-30,3842.07,3857.23,3813.55,3814.53,659313.0,100487274496.0
2019-10-08,3818.59,3861.64,3818.59,3837.68,766578.0,118365683712.0
2019-10-09,3822.61,3845.34,3805.07,3843.24,758545.0,112406208512.0
2019-10-10,3838.49,3877.14,3829.43,3874.64,792226.0,127474040832.0
2019-10-11,3885.52,3922.37,3868.84,3911.73,934125.0,139817304064.0
2019-10-14,3944.86,3983.81,3934.73,3953.24,1223936.0,167857127424.0
2019-10-15,3953.16,3953.16,3928.15,3936.25,852739.0,125117104128.0
2019-10-16,3939.28,3964.05,3919.02,3922.69,832297.0,128558530560.0
2019-10-17,3929.39,3935.81,3913.92,3925.22,648637.0,99991846912.0
2019-10-18,3935.42,3940.54,3864.97,3869.38,823211.0,122186924032.0
2019-10-21,3865.34,3884.74,3856.04,3880.84,741829.0,110858231808.0
2019-10-22,3896.32,3897.44,3870.55,3895.88,689185.0,102843367424.0
2019-10-23,3892.68,3901.42,3862.2,3871.08,701986.0,99733602304.0
2019-10-24,3877.92,3890.2,3852.58,3870.67,713345.0,105096953856.0
2019-10-25,3871.77,3899.72,3849.03,3896.79,774536.0,126677483520.0
2019-10-28,3904.98,3927.8,3897.82,3926.59,974060.0,150762209280.0
2019-10-29,3929.71,3932.37,3910.23,3910.23,822570.0,139611422720.0
2019-10-30,3904.72,3908.1,3883.45,3891.23,778729.0,122610499584.0
2019-10-31,3906.86,3907.15,3878.88,3886.75,867145.0,135012425728.0
2019-11-01,3883.81,3956.08,3876.42,3952.39,1006896.0,151471063040.0
2019-11-04,3964.01,3985.36,3964.01,3978.12,1041938.0,154485358592.0
2019-11-05,3982.12,4030.64,3970.87,4002.81,1129118.0,163317858304.0
2019-11-06,4006.33,4007.5,3973.78,3984.88,973129.0,139859771392.0
2019-11-07,3984.55,4005.38,3975.55,3991.88,872548.0,117751554048.0
2019-11-08,4017.67,4022.04,3971.57,3973.01,971069.0,139026677760.0
2019-11-11,3948.62,3948.62,3897.55,3902.98,941556.0,130330083328.0
2019-11-12,3905.96,3914.88,3877.74,3903.69,765430.0,108828237824.0
2019-11-13,3905.28,3908.42,3882.43,3899.98,767490.0,112057147392.0
2019-11-14,3905.93,3916.95,3895.14,3905.86,870084.0,119791566848.0
2019-11-15,3908.49,3915.11,3877.09,3877.09,837309.0,115423019008.0
2019-11-18,3874.44,3913.1,3868.32,3907.93,766459.0,107085815808.0
2019-11-19,3904.1,3947.04,3902.38,3947.04,821610.0,123227168768.0
2019-11-20,3940.13,3943.23,3901.99,3907.86,768153.0,118003064832.0
2019-11-21,3894.54,3901.83,3875.97,3889.6,691305.0,104147771392.0
2019-11-22,3894.17,3918.84,3833.5,3850.0,910426.0,146981158912.0
2019-11-25,3850.97,3878.25,3839.42,3878.21,1060662.0,140851068928.0
2019-11-26,3893.43,3899.11,3869.59,3891.65,1115135.0,140213633024.0
2019-11-27,3883.43,3889.98,3862.7,3875.62,764373.0,107238825984.0
2019-11-28,3877.9,3887.69,3852.01,3862.3,652301.0,87081787392.0
2019-11-29,3857.19,3861.66,3804.83,3828.67,741443.0,116200554496.0
2019-12-02,3835.51,3854.75,3829.31,3836.06,774121.0,109992591360.0
2019-12-03,3829.21,3851.12,3811.63,3851.09,736112.0,108703711232.0
2019-12-04,3841.66,3852.99,3831.07,3849.82,796833.0,109646340096.0
2019-12-05,3863.61,3883.4,3859.82,3879.36,890511.0,129357594624.0
2019-12-06,3885.06,3902.39,3878.7,3902.39,786488.0,116424777728.0
2019-12-09,3909.53,3911.97,3885.25,3895.45,953538.0,130873098240.0
2019-12-10,3886.44,3900.96,3882.09,3900.38,862629.0,121118408704.0
2019-12-11,3907.16,3909.39,3890.34,3902.75,997654.0,127690399744.0
2019-12-12,3908.45,3908.45,3886.12,3891.02,847083.0,117874311168.0
2019-12-13,3928.0,3969.46,3925.28,3968.22,1485713.0,201018884096.0
2019-12-16,3970.71,3987.59,3953.51,3987.55,1484866.0,202154901504.0
2019-12-17,3987.74,4067.14,3984.52,4041.8,2011629.0,251637858304.0
2019-12-18,4039.72,4057.64,4025.34,4032.78,1513517.0,197620203520.0
2019-12-19,4034.62,4038.54,4014.9,4027.15,1179005.0,152553816064.0
2019-12-20,4032.15,4046.73,4014.93,4017.25,1212676.0,158460231680.0
2019-12-23,4014.69,4032.17,3964.38,3967.1,1228162.0,162048262144.0
2019-12-24,3971.56,3994.51,3963.67,3992.96,959890.0,122499162112.0
2019-12-25,3988.66,4000.56,3976.36,3990.87,949388.0,131896467456.0
2019-12-26,3993.67,4025.99,3993.54,4025.99,1088606.0,140814974976.0
2019-12-27,4029.25,4066.8,4019.72,4022.03,1509264.0,195090415616.0
2019-12-30,4015.52,4083.69,4001.5,4081.63,1559714.0,216814665728.0
2019-12-31,4077.75,4098.14,4069.01,4096.58,1232642.0,173119340544.0
2020-01-02,4121.35,4172.66,4121.35,4152.24,1821167.0,270105526272.0
2020-01-03,4161.22,4164.3,4131.86,4144.97,1428262.0,215216291840.0
2020-01-06,4120.52,4170.64,4102.38,4129.3,1753099.0,250182074368.0
2020-01-07,4137.4,4161.25,4135.1,4160.23,1394890.0,196389060608.0
2020-01-08,4139.63,4149.81,4101.98,4112.32,1675858.0,212406272000.0
2020-01-09,4145.53,4165.66,4143.59,4164.37,1368863.0,200150351872.0
2020-01-10,4177.58,4180.98,4148.48,4163.19,1130317.0,177827414016.0
2020-01-13,4166.93,4203.99,4148.6,4203.99,1196919.0,199795490816.0
2020-01-14,4215.16,4223.51,4188.08,4189.89,1293207.0,196221255680.0
2020-01-15,4186.88,4193.87,4150.88,4166.73,1046331.0,163081928704.0
2020-01-16,4174.82,4175.29,4142.18,4149.04,1002676.0,156242509824.0
2020-01-17,4162.19,4177.03,4141.65,4154.85,987256.0,166591594496.0
2020-01-20,4170.74,4185.96,4149.49,4185.83,1224091.0,202692280320.0
2020-01-21,4165.02,4165.02,4113.33,4114.31,1305275.0,204586876928.0
2020-01-22,4093.8,4141.18,4046.49,4131.93,1267587.0,208136142848.0
2020-01-23,4093.32,4103.52,3972.39,4003.9,1603576.0,250409353216.0
2020-02-03,3639.91,3732.16,3639.91,3688.36,1575596.0,243303104512.0
2020-02-04,3652.0,3786.86,3652.0,3785.64,2139333.0,298165764096.0
2020-02-05,3801.1,3866.01,3781.61,3828.53,1749255.0,264042921984.0
2020-02-06,3841.75,3914.92,3806.96,3899.78,1764622.0,262820085760.0
2020-02-07,3879.55,3899.88,3849.71,3899.87,1517317.0,237508820992.0
2020-02-10,3872.37,3920.17,3861.01,3916.01,1484069.0,229625446400.0
2020-02-11,3926.42,3970.52,3915.71,3952.46,1434416.0,219307114496.0
2020-02-12,3945.67,3984.43,3940.67,3984.43,1267103.0,200776712192.0
2020-02-13,3985.88,3999.55,3950.14,3959.92,1450018.0,228605968384.0
2020-02-14,3954.23,4001.56,3954.02,3987.73,1432398.0,222895079424.0
2020-02-17,3999.65,4077.45,3999.65,4077.42,1827789.0,273067819008.0
2020-02-18,4069.83,4076.39,4027.79,4057.51,1632362.0,242552520704.0
2020-02-19,4049.59,4085.17,4042.85,4051.31,1690464.0,257554530304.0
2020-02-20,4062.9,4148.53,4055.81,4144.66,2122326.0,310835576832.0
2020-02-21,4134.87,4184.44,4130.17,4149.49,2172136.0,326563987456.0
2020-02-24,4131.84,4149.01,4097.18,4132.84,2128693.0,326387793920.0
2020-02-25,4066.3,4126.71,4020.91,4123.85,2441678.0,372213710848.0
2020-02-26,4070.1,4132.78,4061.13,4073.02,2610940.0,366022426624.0
2020-02-27,4084.08,4110.53,4067.44,4084.88,1812909.0,282050199552.0
2020-02-28,3988.73,4031.15,3928.07,3940.05,2302751.0,330358915072.0
2020-03-02,3968.84,4092.54,3968.84,4069.67,2193135.0,317426204672.0
2020-03-03,4125.14,4147.65,4067.91,4091.36,2193697.0,330802593792.0
2020-03-04,4078.5,4115.26,4060.73,4115.05,1824247.0,281784877056.0
2020-03-05,4150.21,4215.85,4127.04,4206.73,2318231.0,362838818816.0
2020-03-06,4158.2,4181.31,4135.39,4138.51,1724757.0,253168631808.0
2020-03-09,4063.08,4063.08,3995.13,3997.13,2081020.0,305428725760.0
2020-03-10,3975.23,4093.0,3954.75,4082.73,1974164.0,296184446976.0
2020-03-11,4090.93,4091.27,4028.4,4028.43,1616561.0,244990869504.0
2020-03-12,3976.11,3987.43,3926.27,3950.91,1570604.0,233152856064.0
2020-03-13,3771.01,3937.18,3765.15,3895.31,1882967.0,280213454848.0
2020-03-16,3899.86,3899.86,3720.51,3727.84,1859682.0,282836238336.0
2020-03-17,3739.78,3786.89,3618.31,3709.68,1662461.0,250824032256.0
2020-03-18,3729.69,3775.85,3636.26,3636.26,1550375.0,244127154176.0
2020-03-19,3623.79,3647.99,3503.19,3589.09,1808074.0,271827468288.0
2020-03-20,3629.51,3663.95,3588.78,3653.22,1396030.0,211223068672.0
2020-03-23,3542.68,3585.8,3523.79,3530.31,1371087.0,197669617664.0
2020-03-24,3598.65,3627.76,3545.45,3625.11,1431030.0,208553836544.0
2020-03-25,3711.48,3732.65,3685.99,3722.52,1534959.0,231561510912.0
2020-03-26,3692.61,3736.25,3681.27,3698.05,1123106.0,169336307712.0
2020-03-27,3746.39,3758.78,3709.92,3710.06,1240609.0,186103431168.0
2020-03-30,3657.46,3690.64,3637.59,3674.11,1268766.0,180640792576.0
2020-03-31,3708.14,3716.07,3676.2,3686.16,1114530.0,161595506688.0
2020-04-01,3682.3,3731.78,3670.97,3675.08,1193526.0,170422566912.0
2020-04-02,3656.32,3734.53,3652.32,3734.53,1151682.0,168893251584.0
2020-04-03,3721.48,3738.83,3698.98,3713.22,998250.0,150132817920.0
2020-04-07,3779.91,3803.63,3772.21,3798.02,1427780.0,207642820608.0
2020-04-08,3776.42,3793.0,3767.29,3780.34,1113895.0,161576779776.0
2020-04-09,3798.49,3801.72,3785.31,3792.81,1004850.0,154595311616.0
2020-04-10,3794.84,3824.74,3758.96,3769.18,1024449.0,162251227136.0
2020-04-13,3751.71,3769.88,3740.19,3753.26,790533.0,119874306048.0
2020-04-14,3777.83,3825.76,3764.98,3825.7,1106375.0,170612572160.0
2020-04-15,3820.85,3829.8,3793.44,3797.36,1084619.0,169700212736.0
2020-04-16,3777.8,3807.36,3774.56,3802.38,959479.0,147164299264.0
2020-04-17,3831.92,3863.45,3821.42,3839.49,1320043.0,203595268096.0
2020-04-20,3845.46,3853.8,3831.55,3853.46,1000131.0,151924097024.0
2020-04-21,3838.23,3838.23,3780.0,3808.05,1029218.0,155077459968.0
2020-04-22,3789.13,3839.38,3782.22,3839.38,858994.0,135547281408.0
2020-04-23,3851.91,3857.47,3826.56,3829.75,955084.0,142122549248.0
2020-04-24,3826.31,3827.21,3787.07,3796.97,948441.0,138961207296.0
2020-04-27,3808.02,3842.87,3793.77,3822.77,954627.0,145301159936.0
2020-04-28,3835.35,3859.68,3768.2,3849.15,1220934.0,184179752960.0
2020-04-29,3837.51,3880.74,3833.72,3867.03,958545.0,151282106368.0
2020-04-30,3880.41,3921.7,3880.41,3912.58,1329171.0,202268295168.0
2020-05-06,3867.26,3937.69,3865.99,3936.25,1398556.0,214935961600.0
2020-05-07,3937.59,3941.48,3915.9,3924.89,1055146.0,167207796736.0
2020-05-08,3943.0,3979.66,3935.98,3963.62,1169433.0,190299586560.0
2020-05-11,3974.76,3998.1,3944.5,3960.18,1226738.0,193758101504.0
2020-05-12,3961.34,3970.11,3930.21,3960.24,982505.0,157465772032.0
2020-05-13,3946.64,3972.53,3932.57,3968.25,881906.0,145563385856.0
2020-05-14,3952.2,3952.2,3924.05,3925.22,885300.0,143499182080.0
2020-05-15,3941.13,3945.2,3907.4,3912.82,926183.0,153301499904.0
2020-05-18,3914.66,3946.43,3898.4,3922.91,1128017.0,188528115712.0
2020-05-19,3963.78,3966.85,3944.07,3956.25,940152.0,159886229504.0
2020-05-20,3955.71,3955.71,3923.92,3935.22,1007911.0,157102538752.0
2020-05-21,3950.6,3951.74,3907.58,3913.8,948610.0,149154136064.0
2020-05-22,3907.58,3907.58,3818.15,3824.06,1033783.0,157286498304.0
2020-05-25,3828.32,3835.63,3800.18,3829.32,790333.0,127011913728.0
2020-05-26,3850.0,3874.75,3844.48,3872.77,774480.0,125445619712.0
2020-05-27,3873.7,3873.7,3838.42,3845.61,837118.0,123737497600.0
2020-05-28,3848.49,3885.42,3818.43,3856.63,930640.0,139108401152.0
2020-05-29,3838.38,3872.3,3830.42,3867.02,938138.0,135658135552.0
2020-06-01,3901.73,3976.32,3901.73,3971.34,1364566.0,208436510720.0
2020-06-02,3969.95,3991.78,3958.98,3983.57,1443030.0,195563307008.0
2020-06-03,4001.17,4018.68,3982.93,3983.65,1365974.0,200882765824.0
2020-06-04,3998.16,3999.81,3968.57,3982.19,1042777.0,149057863680.0
2020-06-05,3988.22,4001.25,3967.93,4001.25,1024439.0,154311344128.0
2020-06-08,4023.61,4050.22,4016.1,4021.95,1379258.0,193047511040.0
2020-06-09,4027.56,4052.16,4016.34,4047.03,1153044.0,166533971968.0
2020-06-10,4046.23,4046.23,4024.42,4039.71,1122657.0,166778634240.0
2020-06-11,4031.74,4043.01,3979.75,3995.88,1273089.0,197079449600.0
2020-06-12,3931.62,4011.06,3927.25,4003.08,1341666.0,193504051200.0
2020-06-15,3982.97,4007.14,3954.99,3954.99,1312978.0,211125338112.0
2020-06-16,3995.58,4014.57,3987.86,4014.57,1110515.0,185104023552.0
2020-06-17,4018.61,4018.61,3992.13,4017.59,1056058.0,176977510400.0
2020-06-18,4009.78,4047.56,4000.9,4044.38,1381487.0,210192924672.0
2020-06-19,4047.05,4109.36,4043.49,4098.71,1529469.0,255549800448.0
2020-06-22,4097.51,4126.94,4088.78,4102.05,1558294.0,259200516096.0
2020-06-23,4098.04,4124.73,4080.75,4121.79,1292295.0,234806509568.0
2020-06-24,4128.1,4144.68,4123.36,4138.99,1217124.0,224551436288.0
2020-06-29,4127.93,4137.37,4092.54,4109.72,1308658.0,226522054656.0
2020-06-30,4130.0,4174.42,4129.78,4163.96,1259335.0,227935698944.0
2020-07-01,4172.64,4247.78,4163.5,4247.78,1699904.0,305711808512.0
2020-07-02,4239.41,4340.1,4238.12,4335.84,2529393.0,399571517440.0
2020-07-03,4353.19,4419.6,4348.45,4419.6,2904855.0,442335035392.0
2020-07-06,4465.81,4678.11,4465.81,4670.09,4058210.0,597438234624.0
2020-07-07,4739.61,4796.32,4688.06,4698.13,4060085.0,635254734848.0
2020-07-08,4692.86,4803.36,4670.65,4774.0,3480748.0,532849819648.0
2020-07-09,4770.08,4854.12,4757.29,4840.77,3510468.0,556718751744.0
2020-07-10,4796.09,4821.37,4734.47,4753.13,3169496.0,510472060928.0
2020-07-13,4742.37,4878.08,4741.87,4852.96,3216454.0,541105094656.0
2020-07-14,4836.17,4860.44,4729.93,4806.69,2972419.0,511211044864.0
2020-07-15,4821.52,4837.48,4723.36,4744.47,2723890.0,486748356608.0
2020-07-16,4741.53,4772.56,4513.65,4516.25,2846571.0,511237947392.0
2020-07-17,4524.77,4601.37,4485.82,4544.7,2073755.0,372973895680.0
2020-07-20,4597.2,4681.94,4534.23,4680.3,2460689.0,416714227712.0
2020-07-21,4697.5,4714.29,4661.44,4691.04,2004156.0,356069801984.0
2020-07-22,4682.66,4790.45,4675.35,4714.45,2241992.0,386470871040.0
2020-07-23,4668.74,4731.4,4607.66,4712.44,2343145.0,405175271424.0
2020-07-24,4679.03,4691.7,4479.39,4505.59,2439052.0,437726707712.0
2020-07-27,4535.01,4558.12,4482.44,4528.45,1714205.0,301893386240.0
2020-07-28,4567.67,4590.25,4537.69,4568.26,1627685.0,292835786752.0
2020-07-29,4559.16,4680.56,4548.85,4679.01,1866953.0,350432657408.0
2020-07-30,4689.76,4704.63,4649.77,4656.15,1669675.0,324009230336.0
2020-07-31,4652.18,4741.81,4621.96,4695.05,1848390.0,351119310848.0
2020-08-03,4735.9,4771.37,4720.03,4771.31,2147762.0,401914822656.0
2020-08-04,4778.49,4807.08,4747.78,4775.8,2399750.0,426411360256.0
2020-08-05,4761.76,4786.7,4711.27,4777.11,1967005.0,347407843328.0
2020-08-06,4779.24,4791.86,4691.16,4762.76,2278544.0,404323401728.0
2020-08-07,4742.29,4749.02,4637.84,4707.93,2135182.0,397041205248.0
2020-08-10,4681.76,4757.66,4646.29,4724.87,2037888.0,371297550336.0
2020-08-11,4730.38,4791.53,4674.86,4681.78,2055465.0,350828593152.0
2020-08-12,4668.89,4681.62,4566.27,4647.64,2028872.0,347298660352.0
2020-08-13,4666.49,4671.77,4626.1,4635.71,1525501.0,250945880064.0
2020-08-14,4627.61,4708.07,4617.63,4704.63,1472929.0,254343938048.0
2020-08-17,4727.12,4838.09,4721.36,4815.23,2680015.0,416469155840.0
2020-08-18,4816.57,4825.39,4788.83,4812.76,1891398.0,314395918336.0
2020-08-19,4804.67,4809.05,4738.01,4740.68,1924429.0,319403294720.0
2020-08-20,4708.13,4721.44,4662.8,4679.15,1583686.0,260486561792.0
2020-08-21,4717.79,4739.48,4684.81,4718.84,1426578.0,251775156224.0
2020-08-24,4746.4,4769.47,4716.61,4755.85,1511435.0,272428679168.0
2020-08-25,4769.21,4802.41,4746.31,4761.95,1417013.0,262308790272.0
2020-08-26,4761.72,4786.42,4689.88,4706.13,1513051.0,277456355328.0
2020-08-27,4718.06,4731.94,4679.36,4731.35,1190428.0,223631507456.0
2020-08-28,4727.29,4850.49,4719.35,4844.27,1593997.0,305047896064.0
2020-08-31,4870.93,4901.21,4816.21,4816.22,2025670.0,357005066240.0
2020-09-01,4803.39,4842.13,4791.78,4842.12,1383954.0,262018072576.0
2020-09-02,4859.08,4863.55,4797.52,4843.89,1579895.0,280778604544.0
2020-09-03,4841.5,4877.01,4800.06,4817.1,1456712.0,279411982336.0
2020-09-04,4737.24,4778.2,4726.56,4770.22,1200328.0,238463336448.0
2020-09-07,4759.52,4789.3,4655.56,4669.37,1486077.0,282316406784.0
2020-09-08,4683.83,4707.9,4639.05,4694.39,1391992.0,249198133248.0
2020-09-09,4634.25,4645.2,4558.03,4584.59,1622771.0,244905197568.0
2020-09-10,4632.1,4647.75,4572.21,4581.98,1506528.0,226146353152.0
2020-09-11,4572.26,4630.88,4563.11,4627.28,1153024.0,198240927744.0
2020-09-14,4652.05,4666.99,4625.99,4651.05,1072351.0,211653410816.0
2020-09-15,4649.45,4691.5,4630.54,4688.48,1019159.0,194573680640.0
2020-09-16,4683.01,4690.68,4638.46,4657.36,1087536.0,196120182784.0
2020-09-17,4642.05,4664.95,4601.64,4632.71,1059836.0,214146646016.0
2020-09-18,4636.64,4737.8,4631.7,4737.09,1604264.0,281885933568.0
2020-09-21,4750.75,4752.98,4688.72,4691.43,1245358.0,224137920512.0
2020-09-22,4654.22,4706.21,4622.11,4635.76,1196729.0,202909220864.0
2020-09-23,4639.66,4665.96,4623.55,4652.33,958265.0,190393466880.0
2020-09-24,4623.95,4631.95,4562.21,4563.07,1125936.0,193515880448.0
2020-09-25,4582.48,4599.54,4554.72,4570.02,930151.0,167457374208.0
2020-09-28,4582.65,4613.63,4571.15,4581.91,850483.0,159314673664.0
2020-09-29,4608.29,4616.68,4586.35,4591.8,859938.0,159937888256.0
2020-09-30,4607.58,4634.72,4563.41,4587.4,890812.0,165532221440.0
2020-10-09,4663.61,4695.4,4655.09,4681.14,1113375.0,229926731776.0
2020-10-12,4705.19,4823.27,4704.16,4823.16,1557845.0,307848544256.0
2020-10-13,4812.9,4845.92,4795.37,4839.2,1165163.0,242172559360.0
2020-10-14,4830.46,4830.46,4795.91,4807.1,1119069.0,229836210176.0
2020-10-15,4810.78,4833.89,4796.26,4798.74,1099649.0,213878292480.0
2020-10-16,4798.92,4825.55,4765.97,4791.68,1167161.0,204175130624.0
2020-10-19,4823.49,4849.61,4747.34,4755.49,1292463.0,225392197632.0
2020-10-20,4751.37,4793.47,4739.46,4793.47,980481.0,185849200640.0
2020-10-21,4801.63,4801.63,4758.86,4792.83,1038057.0,189978689536.0
2020-10-22,4780.6,4791.81,4725.5,4777.98,1013508.0,194614968320.0
2020-10-23,4775.47,4802.46,4717.1,4718.49,1068251.0,200985821184.0
2020-10-26,4684.05,4713.39,4639.3,4691.24,1083432.0,205518995456.0
2020-10-27,4680.14,4708.46,4671.85,4699.28,926563.0,186675544064.0
2020-10-28,4703.0,4753.31,4685.6,4737.27,1084634.0,226754265088.0
2020-10-29,4683.61,4803.03,4679.25,4772.92,1171172.0,252303507456.0
2020-10-30,4776.47,4778.51,4683.47,4695.33,1398023.0,280783323136.0
2020-11-02,4702.75,4738.02,4695.44,4720.83,1428677.0,279027679232.0
2020-11-03,4743.17,4793.4,4734.17,4777.56,1360554.0,252390555648.0
2020-11-04,4781.45,4825.46,4770.56,4813.66,1146618.0,230513770496.0
2020-11-05,4861.34,4885.11,4838.0,4885.11,1392445.0,281951928320.0
2020-11-06,4897.63,4897.63,4845.43,4885.72,1536390.0,305365090304.0
2020-11-09,4918.86,4997.8,4918.86,4981.35,1971319.0,371923288064.0
2020-11-10,4995.41,4995.41,4928.93,4953.88,1762672.0,334271447040.0
2020-11-11,4937.76,4957.58,4901.71,4904.9,1644705.0,303858548736.0
2020-11-12,4916.77,4926.34,4891.51,4908.46,1181146.0,227645915136.0
2020-11-13,4886.98,4886.98,4825.76,4856.85,1336930.0,255353110528.0
2020-11-16,4880.96,4904.17,4848.62,4904.17,1487709.0,266705027072.0
2020-11-17,4903.12,4909.29,4865.39,4894.79,1514874.0,288911392768.0
2020-11-18,4889.67,4911.09,4870.72,4891.67,1642166.0,290727231488.0
2020-11-19,4880.92,4939.79,4870.2,4927.99,1336813.0,247727128576.0
2020-11-20,4928.22,4947.43,4922.59,4943.29,1294003.0,229053677568.0
2020-11-23,4954.6,5029.65,4940.45,5005.03,2059151.0,333633814528.0
2020-11-24,4997.05,5001.06,4960.98,4974.29,1566379.0,264804450304.0
2020-11-25,4992.75,5004.77,4910.7,4910.7,1703405.0,277070643200.0
2020-11-26,4908.32,4925.29,4867.82,4919.59,1372023.0,239748153344.0
2020-11-27,4930.59,4980.77,4917.35,4980.77,1629529.0,253178970112.0
2020-11-30,4994.11,5055.19,4960.25,4960.25,2626389.0,396495847424.0
2020-12-01,4963.13,5072.55,4963.13,5067.1,2040656.0,328450998272.0
2020-12-02,5072.98,5090.61,5043.31,5067.14,1954354.0,310609739776.0
2020-12-03,5065.45,5072.3,5033.79,5057.06,1778657.0,275335217152.0
2020-12-04,5049.52,5072.39,5017.85,5065.92,1443471.0,257798815744.0
2020-12-07,5065.73,5067.87,5014.61,5022.24,1398962.0,264657780736.0
2020-12-08,5029.11,5043.06,4998.92,5009.88,1230730.0,234880647168.0
2020-12-09,5022.38,5033.64,4942.52,4942.7,1389169.0,260772773888.0
2020-12-10,4931.29,4962.74,4919.77,4940.53,1259142.0,229651283968.0
2020-12-11,4957.82,4957.82,4849.35,4889.63,1593577.0,275212730368.0
2020-12-14,4903.63,4937.26,4887.66,4934.84,1208015.0,247878287360.0
2020-12-15,4931.6,4954.19,4904.79,4945.1,1183426.0,248093392896.0
2020-12-16,4957.3,4968.86,4938.19,4953.87,1067789.0,229696028672.0
2020-12-17,4960.73,5021.62,4950.37,5017.48,1333854.0,270180352000.0
2020-12-18,5014.32,5027.44,4979.01,4999.97,1280496.0,258938552320.0
2020-12-21,4995.76,5048.51,4970.0,5046.84,1408117.0,298204299264.0
2020-12-22,5034.98,5055.13,4960.95,4964.77,1623449.0,326758825984.0
2020-12-23,4977.3,5028.45,4968.15,5007.12,1402928.0,308729053184.0
2020-12-24,5006.01,5033.04,4979.24,5000.02,1144186.0,246674472960.0
2020-12-25,4985.77,5042.1,4973.68,5042.01,1210069.0,243992264704.0
2020-12-28,5042.94,5089.34,5037.86,5064.41,1369144.0,281019252736.0
2020-12-29,5071.45,5077.42,5034.31,5042.94,1411986.0,279035248640.0
2020-12-30,5037.99,5113.71,5036.63,5113.71,1486264.0,296577826816.0
2020-12-31,5122.48,5215.62,5122.48,5211.29,1716025.0,358731382784.0
2021-01-04,5212.93,5284.43,5190.94,5267.72,2117113.0,452796186624.0
2021-01-05,5245.84,5368.51,5234.38,5368.51,2249311.0,498041946112.0
2021-01-06,5386.51,5433.47,5341.43,5417.67,1937734.0,444434382848.0
2021-01-07,5428.39,5513.66,5413.35,5513.66,2198720.0,473385369600.0
2021-01-08,5526.29,5547.47,5442.69,5495.43,2043249.0,473567657984.0
2021-01-11,5504.24,5555.69,5412.5,5441.16,2318359.0,522298490880.0
2021-01-12,5419.5,5596.35,5417.63,5596.35,2242202.0,486233767936.0
2021-01-13,5609.26,5644.72,5535.14,5577.97,2615699.0,546959720448.0
2021-01-14,5556.21,5568.02,5458.68,5470.46,2436833.0,501890121728.0
2021-01-15,5471.39,5500.64,5390.27,5458.08,2386374.0,475709931520.0
2021-01-18,5438.16,5541.46,5410.78,5518.52,2070518.0,422717194240.0
2021-01-19,5525.97,5532.48,5415.72,5437.52,2110434.0,433205182464.0
2021-01-20,5439.91,5496.05,5426.54,5476.43,1709132.0,373770387456.0
2021-01-21,5492.96,5593.11,5490.56,5564.97,2099502.0,453183668224.0
2021-01-22,5562.38,5573.66,5513.88,5569.78,1993000.0,456622178304.0
2021-01-25,5564.12,5655.48,5543.27,5625.92,1970470.0,508166995968.0
2021-01-26,5600.9,5600.9,5506.0,5512.97,1719045.0,415008063488.0
2021-01-27,5505.77,5534.99,5449.64,5528.0,1601908.0,376892620800.0
2021-01-28,5450.37,5462.24,5360.38,5377.14,1704855.0,376166514688.0
2021-01-29,5413.97,5430.2,5288.1,5351.97,1821787.0,390287687680.0
2021-02-01,5356.85,5422.3,5342.05,5417.65,1663137.0,346859077632.0
2021-02-02,5429.7,5503.21,5411.52,5501.09,1652105.0,380016721920.0
2021-02-03,5499.3,5532.89,5473.12,5485.2,1880543.0,404343586816.0
2021-02-04,5453.98,5510.05,5411.58,5473.95,1805756.0,397995212800.0
2021-02-05,5494.7,5550.77,5477.65,5483.41,1896996.0,395400118272.0
2021-02-08,5506.14,5576.49,5479.85,5564.56,1640337.0,367582773248.0
2021-02-09,5584.17,5686.25,5555.05,5686.25,1648872.0,378769113088.0
2021-02-10,5709.68,5823.42,5707.33,5807.72,1701697.0,417056456704.0
2021-02-18,5922.07,5930.91,5747.66,5768.38,2188487.0,507481227264.0
2021-02-19,5734.02,5787.89,5667.32,5778.84,2144757.0,456433795072.0
2021-02-22,5785.51,5785.51,5597.33,5597.33,2821243.0,543633145856.0
2021-02-23,5542.68,5644.76,5541.11,5579.67,2338077.0,424904458240.0
2021-02-24,5591.48,5598.83,5379.73,5437.57,2254286.0,472369201152.0
2021-02-25,5494.47,5527.63,5444.16,5469.56,2307360.0,412206170112.0
2021-02-26,5343.9,5416.32,5318.86,5336.76,2122645.0,405717712896.0
2021-03-01,5389.25,5421.56,5345.95,5418.78,1774635.0,358146539520.0
2021-03-02,5453.28,5454.97,5305.06,5349.63,1965111.0,376444616704.0
2021-03-03,5327.35,5452.4,5316.48,5452.21,1947090.0,337610309632.0
2021-03-04,5388.48,5392.37,5254.78,5280.71,2127752.0,384382468096.0
2021-03-05,5191.97,5307.82,5174.25,5262.8,2026279.0,352539770880.0
2021-03-08,5299.79,5326.26,5079.8,5080.02,2302316.0,407133814784.0
2021-03-09,5066.15,5094.31,4917.91,4971.0,2307110.0,414415224832.0
2021-03-10,5047.06,5055.28,4981.62,5003.61,1699285.0,309577416704.0
2021-03-11,5024.56,5138.41,5020.58,5128.22,1896007.0,333859192832.0
2021-03-12,5153.67,5153.67,5086.82,5146.38,2010205.0,323237740544.0
2021-03-15,5116.12,5120.88,4992.4,5035.54,2041530.0,330740498432.0
2021-03-16,5054.41,5084.31,5009.95,5079.36,1613900.0,271755051008.0
2021-03-17,5062.77,5123.55,5020.13,5100.86,1491623.0,263492419584.0
2021-03-18,5114.59,5160.46,5111.13,5141.77,1429015.0,260930043904.0
2021-03-19,5068.53,5089.92,4980.76,5007.09,1641748.0,282974486528.0
2021-03-22,5008.4,5071.34,4996.54,5057.15,1674026.0,264209104896.0
2021-03-23,5057.06,5064.02,4966.53,5009.25,1580139.0,255755370496.0
2021-03-24,4985.4,5024.33,4919.89,4928.69,1593859.0,265970024448.0
2021-03-25,4904.07,4950.76,4883.66,4926.35,1329451.0,219782053888.0
2021-03-26,4953.95,5050.83,4953.95,5037.99,1459267.0,273901928448.0
2021-03-29,5052.26,5086.65,5010.39,5046.88,1433882.0,266176593920.0
2021-03-30,5043.1,5106.04,5032.8,5094.73,1386185.0,254928011264.0
2021-03-31,5085.95,5085.95,5015.61,5048.36,1413357.0,241058480128.0
2021-04-01,5059.94,5115.43,5056.87,5110.78,1203248.0,211493322752.0
2021-04-02,5129.85,5169.83,5116.35,5161.56,1270022.0,248060379136.0
2021-04-06,5178.64,5181.15,5125.33,5140.34,1098342.0,213852438528.0
2021-04-07,5141.66,5141.66,5065.19,5103.74,1457637.0,246271197184.0
2021-04-08,5078.26,5129.13,5062.07,5112.21,1417710.0,228422008832.0
2021-04-09,5100.04,5100.04,5022.09,5035.34,1284165.0,221519790080.0
2021-04-12,5026.98,5045.6,4933.01,4947.75,1526443.0,267218190336.0
2021-04-13,4949.81,4994.54,4924.2,4939.64,1329193.0,225753235456.0
2021-04-14,4945.69,4987.12,4940.27,4980.63,1208608.0,221036281856.0
2021-04-15,4969.91,4969.91,4900.3,4948.97,1088293.0,213820882944.0
2021-04-16,4966.9,4979.17,4917.96,4966.18,1112399.0,213389180928.0
2021-04-19,4966.41,5088.21,4940.75,5087.02,1547698.0,307899760640.0
2021-04-20,5065.78,5119.86,5058.92,5083.37,1365417.0,276640595968.0
2021-04-21,5055.24,5110.56,5047.99,5098.75,1246372.0,242574999552.0
2021-04-22,5114.28,5119.22,5067.14,5089.24,1211676.0,241488838656.0
2021-04-23,5088.83,5149.98,5086.49,5135.45,1220569.0,264345190400.0
2021-04-26,5156.59,5181.11,5072.96,5077.24,1513819.0,325760385024.0
2021-04-27,5076.64,5095.98,5042.61,5090.52,1239618.0,254738006016.0
2021-04-28,5073.97,5119.45,5059.26,5119.24,1206203.0,272182525952.0
2021-04-29,5128.28,5170.59,5113.65,5164.17,1400924.0,294112460800.0
2021-04-30,5156.36,5163.25,5094.93,5123.49,1601216.0,315075100672.0
2021-05-06,5098.8,5132.9,5037.41,5061.12,1588226.0,323258253312.0
2021-05-07,5073.46,5093.75,4996.04,4996.05,1722583.0,304638394368.0
2021-05-10,5001.44,5019.39,4953.7,4992.42,1708205.0,282656800768.0
2021-05-11,4956.08,5033.49,4925.92,5023.06,1515265.0,270931623936.0
2021-05-12,5003.82,5051.17,4995.4,5044.55,1266190.0,228344004608.0
2021-05-13,4992.35,5022.08,4975.45,4992.97,1322794.0,237821411328.0
2021-05-14,5007.63,5112.98,4981.3,5110.59,1594261.0,318802788352.0
2021-05-17,5115.31,5206.69,5115.31,5184.99,1538896.0,335439921152.0
2021-05-18,5190.93,5201.67,5156.79,5187.6,1184042.0,238182268928.0
2021-05-19,5173.17,5193.56,5151.64,5172.27,1187299.0,250736279552.0
2021-05-20,5167.05,5201.59,5152.04,5186.41,1384547.0,277088468992.0
2021-05-21,5199.13,5216.16,5123.12,5134.15,1247684.0,268053626880.0
2021-05-24,5138.82,5155.59,5092.39,5155.59,1267423.0,278513123328.0
2021-05-25,5165.04,5324.36,5161.52,5318.48,1829968.0,404683292672.0
2021-05-26,5326.12,5344.28,5308.74,5320.59,1696071.0,346444660736.0
2021-05-27,5311.37,5378.48,5286.05,5338.23,1484628.0,311893721088.0
2021-05-28,5338.73,5360.28,5288.65,5321.09,1646058.0,330711891968.0
2021-05-31,5318.08,5331.63,5281.69,5331.57,1446032.0,321450803200.0
2021-06-01,5320.47,5343.75,5269.26,5341.68,1438314.0,321845854208.0
2021-06-02,5348.34,5352.64,5266.79,5289.97,1377543.0,296176189440.0
2021-06-03,5285.71,5314.37,5255.07,5255.29,1419688.0,285448634368.0
2021-06-04,5228.28,5334.49,5221.23,5282.28,1447320.0,292326047744.0
2021-06-07,5284.89,5286.84,5242.95,5277.63,1277049.0,280463245312.0
2021-06-08,5276.97,5319.04,5201.14,5232.12,1305595.0,304042213376.0
2021-06-09,5224.95,5253.36,5215.35,5236.45,1218203.0,255075450880.0
2021-06-10,5236.47,5299.53,5229.52,5271.47,1389919.0,301454327808.0
2021-06-11,5275.75,5276.1,5213.6,5224.7,1808071.0,365363494912.0
2021-06-15,5218.57,5225.5,5137.41,5166.56,1428800.0,330616602624.0
2021-06-16,5163.25,5164.52,5076.02,5080.49,1251479.0,298286776320.0
2021-06-17,5074.38,5123.37,5073.82,5101.89,1204525.0,281927286784.0
2021-06-18,5104.93,5128.03,5064.92,5102.47,1485858.0,356697079808.0
2021-06-21,5088.09,5123.78,5058.57,5090.39,1321845.0,331527127040.0
2021-06-22,5106.07,5125.82,5086.28,5122.16,1304167.0,313690357760.0
2021-06-23,5127.19,5171.03,5109.76,5147.39,1363560.0,358765658112.0
2021-06-24,5156.56,5160.43,5120.58,5155.97,1266856.0,312607408128.0
2021-06-25,5159.8,5251.61,5157.48,5239.97,1549310.0,368265625600.0
2021-06-28,5253.61,5260.64,5226.22,5251.76,1331937.0,337452761088.0
2021-06-29,5248.53,5248.53,5182.68,5190.54,1251630.0,314896842752.0
2021-06-30,5189.38,5231.43,5186.63,5224.04,1037526.0,281015517184.0
2021-07-01,5241.2,5252.26,5190.88,5229.66,1272406.0,324097409024.0
2021-07-02,5186.66,5186.66,5074.36,5081.12,1304264.0,342578954240.0
2021-07-05,5073.78,5098.23,5048.0,5085.79,1312115.0,335197798400.0
2021-07-06,5089.78,5092.21,5028.51,5083.1,1406552.0,362828890112.0
2021-07-07,5052.42,5152.77,5045.41,5140.49,1485490.0,336731406336.0
2021-07-08,5149.31,5151.22,5078.93,5088.26,1739010.0,397879869440.0
2021-07-09,5063.15,5081.41,5006.41,5069.44,1606532.0,352845594624.0
2021-07-12,5108.38,5159.41,5070.32,5132.71,2062120.0,437203140608.0
2021-07-13,5128.61,5154.05,5114.94,5142.1,1664822.0,361328476160.0
2021-07-14,5130.75,5130.75,5075.13,5083.09,1883527.0,372568096768.0
2021-07-15,5073.26,5153.81,5067.68,5151.46,1810771.0,372484079616.0
2021-07-16,5140.9,5140.9,5090.63,5094.77,1699559.0,362594271232.0
2021-07-19,5083.73,5120.82,5047.62,5113.49,1531995.0,340322615296.0
2021-07-20,5080.22,5114.0,5067.86,5108.99,1293000.0,283543142400.0
2021-07-21,5122.78,5160.55,5122.3,5144.04,1679764.0,390275530752.0
2021-07-22,5150.39,5171.21,5137.88,5151.75,1855568.0,418221654016.0
2021-07-23,5145.43,5145.43,5080.0,5089.23,2165368.0,435521159168.0
2021-07-26,5067.31,5067.31,4859.6,4925.3,2281117.0,495153643520.0
2021-07-27,4924.28,4940.86,4749.03,4751.31,2366312.0,521146105856.0
2021-07-28,4714.3,4785.66,4663.9,4760.48,1926344.0,419706142720.0
2021-07-29,4845.76,4857.97,4800.01,4850.27,1733220.0,415676104704.0
2021-07-30,4825.7,4825.7,4761.04,4811.17,1823497.0,420943921152.0
2021-08-02,4794.82,4938.82,4761.46,4933.74,2271949.0,524659458048.0
2021-08-03,4909.23,4957.03,4890.85,4934.46,2035333.0,471194140672.0
2021-08-04,4927.74,4979.29,4919.66,4978.85,1754664.0,425801416704.0
2021-08-05,4946.17,4997.14,4921.94,4948.67,1673818.0,398772207616.0
2021-08-06,4943.04,4944.35,4891.8,4921.57,1541796.0,371773603840.0
2021-08-09,4890.26,5002.89,4884.04,4985.56,1824368.0,408897060864.0
2021-08-10,4977.82,5043.76,4941.24,5043.15,1670519.0,410098761728.0
2021-08-11,5037.08,5059.79,5009.98,5015.34,1822660.0,373386346496.0
2021-08-12,4998.07,5016.26,4962.99,4973.35,1682237.0,361828384768.0
2021-08-13,4958.76,4993.74,4921.28,4945.98,1583143.0,352459063296.0
2021-08-16,4935.92,4973.38,4931.37,4941.07,1619533.0,340735131648.0
2021-08-17,4935.0,4967.57,4823.39,4837.4,1875734.0,388457136128.0
2021-08-18,4838.47,4909.54,4818.9,4894.24,1974743.0,395792154624.0
2021-08-19,4886.56,4893.47,4839.57,4862.14,2017117.0,397424951296.0
2021-08-20,4817.49,4835.15,4720.83,4769.27,1776358.0,404938031104.0
2021-08-23,4777.74,4843.82,4764.01,4835.88,1675790.0,389599133696.0
2021-08-24,4844.59,4906.2,4842.75,4888.39,1978831.0,417481424896.0
2021-08-25,4890.52,4899.77,4865.76,4898.16,1894480.0,371868205056.0
2021-08-26,4892.2,4892.2,4798.7,4801.61,1976173.0,368987734016.0
2021-08-27,4794.97,4863.47,4793.59,4827.04,1833102.0,368421404672.0
2021-08-30,4847.03,4849.16,4787.2,4813.27,2196357.0,477182066688.0
2021-08-31,4803.09,4821.76,4740.75,4805.61,2351186.0,460805668864.0
2021-09-01,4804.69,4906.4,4763.3,4869.46,3267211.0,568819777536.0
2021-09-02,4865.82,4892.71,4845.62,4869.41,2678580.0,465954144256.0
2021-09-03,4875.07,4886.55,4828.7,4843.06,2680919.0,466430132224.0
2021-09-06,4841.06,4944.45,4837.79,4933.73,2405072.0,452756275200.0
2021-09-07,4932.98,5005.96,4915.61,4992.83,2441785.0,417759625216.0
2021-09-08,4986.8,5013.98,4955.89,4972.13,2646153.0,428591087616.0
2021-09-09,4952.49,4970.15,4929.95,4970.01,2565302.0,401675681792.0
2021-09-10,4967.98,5042.8,4962.37,5013.52,2883043.0,472762548224.0
2021-09-13,5006.78,5029.72,4964.96,4991.66,2499153.0,433329635328.0
2021-09-14,4989.84,5000.98,4907.32,4917.16,2455904.0,417245822976.0
2021-09-15,4903.85,4903.85,4843.12,4867.32,1879847.0,363256643584.0
2021-09-16,4866.79,4879.53,4806.14,4807.7,2167521.0,393517268992.0
2021-09-17,4797.11,4857.96,4786.09,4855.94,2019581.0,360397406208.0
2021-09-22,4770.73,4830.85,4765.23,4821.77,1912203.0,311952998400.0
2021-09-23,4848.22,4877.34,4837.56,4853.2,2281510.0,362140925952.0
2021-09-24,4845.64,4897.06,4838.54,4849.43,2076933.0,361849454592.0
2021-09-27,4870.85,4922.56,4852.2,4877.37,2159670.0,426083024896.0
2021-09-28,4869.08,4901.31,4846.63,4883.83,1768908.0,321272184832.0
2021-09-29,4846.02,4868.07,4799.88,4833.93,1881713.0,331841765376.0
2021-09-30,4843.95,4876.07,4843.95,4866.38,1461138.0,283254685696.0
2021-10-08,4915.73,4937.09,4891.63,4929.94,1689680.0,343635820544.0
2021-10-11,4941.29,4983.73,4930.71,4936.19,1635116.0,315186315264.0
2021-10-12,4920.66,4925.49,4840.77,4883.84,1680793.0,299424251904.0
2021-10-13,4880.14,4953.38,4869.83,4940.11,1311428.0,280044666880.0
2021-10-14,4934.26,4953.92,4903.25,4913.61,1195570.0,249151668224.0
2021-10-15,4896.56,4939.82,4881.01,4932.11,1428220.0,300728483840.0
2021-10-18,4922.51,4922.51,4844.94,4874.78,1412452.0,302539440128.0
2021-10-19,4869.39,4928.14,4868.81,4922.72,1352665.0,282928250880.0
2021-10-20,4926.77,4944.02,4898.37,4910.18,1415331.0,279747723264.0
2021-10-21,4914.74,4946.18,4893.85,4928.02,1488981.0,274802966528.0
2021-10-22,4934.87,4989.89,4934.87,4959.73,1439262.0,289252605952.0
2021-10-25,4940.9,4981.65,4930.11,4979.52,1418614.0,299408228352.0
2021-10-26,4983.24,5002.57,4953.48,4963.1,1408889.0,301786234880.0
2021-10-27,4949.23,4949.23,4884.94,4898.16,1471116.0,299460460544.0
2021-10-28,4882.59,4898.66,4846.28,4864.14,1566494.0,316631711744.0
2021-10-29,4861.27,4908.77,4855.76,4908.77,1598873.0,368731979776.0
2021-11-01,4878.13,4908.21,4858.25,4890.69,1715839.0,379730755584.0
2021-11-02,4886.19,4911.23,4797.9,4839.85,1854377.0,385731887104.0
2021-11-03,4835.81,4858.71,4804.37,4821.11,1427638.0,302269923328.0
2021-11-04,4841.09,4873.94,4834.74,4868.74,1325929.0,308688060416.0
2021-11-05,4858.9,4889.68,4841.74,4842.35,1477893.0,312070832128.0
2021-11-08,4841.15,4866.08,4827.69,4848.18,1373982.0,295893827584.0
2021-11-09,4858.25,4870.79,4818.54,4846.74,1183755.0,261645058048.0
2021-11-10,4832.8,4832.8,4754.0,4821.19,1351181.0,301058981888.0
2021-11-11,4814.77,4898.65,4809.11,4898.65,1604848.0,323624632320.0
2021-11-12,4902.93,4909.08,4875.35,4888.38,1326629.0,271773237248.0
2021-11-15,4894.41,4906.33,4863.4,4882.38,1218231.0,272997744640.0
2021-11-16,4880.9,4915.37,4876.5,4883.32,1272544.0,284094595072.0
2021-11-17,4883.25,4891.52,4864.52,4885.75,1084592.0,246177923072.0
2021-11-18,4871.42,4871.42,4830.41,4837.62,1144805.0,244484718592.0
2021-11-19,4832.06,4892.81,4829.57,4890.06,1271983.0,266280681472.0
2021-11-22,4895.39,4919.0,4893.27,4912.4,1380928.0,316148809728.0
2021-11-23,4905.76,4927.52,4896.88,4913.35,1543044.0,301022150656.0
2021-11-24,4914.03,4935.49,4899.61,4916.66,1371506.0,289707327488.0
2021-11-25,4917.61,4921.33,4891.73,4896.44,1159840.0,255450988544.0
2021-11-26,4886.95,4886.95,4850.81,4860.13,1203689.0,243041337344.0
2021-11-29,4820.01,4858.53,4818.71,4851.42,1336268.0,285995237376.0
2021-11-30,4857.18,4871.25,4810.22,4832.03,1296305.0,279268229120.0
2021-12-01,4831.89,4844.52,4823.93,4843.85,1230867.0,255968919552.0
2021-12-02,4839.91,4866.85,4830.32,4856.16,1480885.0,278051717120.0
2021-12-03,4856.98,4901.02,4853.35,4901.02,1440596.0,300052709376.0
2021-12-06,4909.43,4943.9,4888.69,4892.62,1736156.0,333405782016.0
2021-12-07,4930.83,4934.1,4895.22,4922.1,1790534.0,340617756672.0
2021-12-08,4934.41,4995.93,4915.79,4995.93,1574905.0,329064841216.0
2021-12-09,5000.69,5114.5,4999.41,5078.69,2205687.0,425680961536.0
2021-12-10,5046.27,5060.06,5035.81,5055.12,1936951.0,356917641216.0
2021-12-13,5090.02,5143.84,5079.73,5083.8,2118016.0,426376527872.0
2021-12-14,5066.35,5075.21,5038.86,5049.7,1591077.0,318685544448.0
2021-12-15,5036.28,5060.37,5003.78,5005.9,1505297.0,291072573440.0
2021-12-16,5006.61,5034.73,4987.22,5034.73,1440538.0,291474767872.0
2021-12-17,5021.34,5022.11,4954.76,4954.76,1490053.0,297943302144.0
2021-12-20,4934.97,4971.67,4872.68,4880.42,1696757.0,317536927744.0
2021-12-21,4876.51,4917.8,4872.95,4913.49,1433399.0,259023175680.0
2021-12-22,4924.58,4936.67,4903.17,4914.45,1332567.0,244642447360.0
2021-12-23,4924.29,4948.74,4906.75,4948.74,1395554.0,263359758336.0
2021-12-24,4953.06,4964.91,4905.98,4921.34,1426733.0,290483666944.0
2021-12-27,4918.15,4939.69,4894.16,4919.32,1241009.0,254421532672.0
2021-12-28,4923.69,4959.15,4913.6,4955.96,1304577.0,276316717056.0
2021-12-29,4958.65,4958.65,4883.48,4883.48,1135870.0,273225465856.0
2021-12-30,4882.16,4940.18,4878.65,4921.51,1216171.0,268022480896.0
2021-12-31,4937.46,4950.36,4923.14,4940.37,1213137.0,266975395840.0
2022-01-04,4957.98,4961.45,4874.53,4917.77,1515347.0,336516972544.0
2022-01-05,4907.93,4916.28,4851.98,4868.12,1788161.0,363944542208.0
2022-01-06,4842.16,4857.56,4786.43,4818.23,1576658.0,321750073344.0
2022-01-07,4824.32,4856.65,4818.19,4822.37,1871394.0,332218957824.0
2022-01-10,4812.23,4844.39,4780.82,4844.05,1562117.0,305033805824.0
2022-01-11,4840.01,4850.88,4791.89,4797.77,1469280.0,286445764608.0
2022-01-12,4818.89,4852.73,4810.92,4845.58,1432002.0,293153046528.0
2022-01-13,4853.03,4853.06,4765.24,4765.92,1425196.0,288799129600.0
2022-01-14,4743.91,4764.05,4723.94,4726.73,1468631.0,281828458496.0
2022-01-17,4728.76,4775.24,4726.71,4767.28,1152956.0,263788249088.0
2022-01-18,4766.78,4826.3,4747.92,4813.35,1508708.0,282749403136.0
2022-01-19,4815.81,4828.75,4755.93,4780.38,1339273.0,275534544896.0
2022-01-20,4778.26,4845.0,4777.57,4823.51,1649713.0,304344268800.0
2022-01-21,4808.77,4818.31,4762.56,4779.31,1389525.0,274699157504.0
2022-01-24,4753.94,4801.1,4746.45,4786.74,1144638.0,246261596160.0
2022-01-25,4761.95,4781.39,4678.25,4678.45,1336675.0,250555777024.0
2022-01-26,4697.1,4718.99,4648.13,4712.31,1070708.0,226553446400.0
2022-01-27,4708.1,4708.44,4616.03,4619.88,1212638.0,250535657472.0
2022-01-28,4641.81,4660.52,4559.83,4563.77,1264801.0,263967899648.0
2022-02-07,4638.58,4672.65,4615.01,4634.09,1448497.0,266031792128.0
2022-02-08,4626.44,4626.44,4522.47,4608.77,1558307.0,281364889600.0
2022-02-09,4608.15,4659.46,4595.28,4652.06,1483355.0,273771954176.0
2022-02-10,4657.21,4657.21,4608.09,4639.86,1515766.0,287224397824.0
2022-02-11,4617.87,4662.6,4595.88,4601.4,1559745.0,307938000896.0
2022-02-14,4579.42,4593.63,4530.06,4551.69,1436738.0,275737542656.0
2022-02-15,4553.81,4601.45,4550.54,4600.1,1150256.0,249977012224.0
2022-02-16,4619.85,4643.1,4607.22,4617.99,1072589.0,210190925824.0
2022-02-17,4616.9,4650.16,4606.95,4629.16,1100146.0,227946250240.0
2022-02-18,4604.57,4651.34,4598.1,4651.24,1045502.0,195825696768.0
2022-02-21,4646.05,4646.67,4613.3,4634.31,1125165.0,215039180800.0
2022-02-22,4601.92,4602.07,4550.8,4574.15,1233172.0,246872965120.0
2022-02-23,4582.01,4625.3,4579.29,4623.05,1229529.0,259050143744.0
2022-02-24,4592.07,4610.88,4488.48,4529.32,1844030.0,342346661888.0
2022-02-25,4564.63,4611.86,4561.9,4573.42,1497225.0,271727607808.0
2022-02-28,4563.74,4581.65,4530.68,4581.65,1354069.0,248363728896.0
2022-03-01,4597.86,4623.43,4583.92,4619.69,1231392.0,260431183872.0
2022-03-02,4594.02,4594.02,4558.44,4578.6,1132983.0,215299653632.0
2022-03-03,4595.02,4599.4,4544.43,4551.63,1382858.0,242701778944.0
2022-03-04,4513.36,4539.39,4481.49,4496.43,1272668.0,249970278400.0
2022-03-07,4462.52,4462.52,4338.3,4352.78,1621977.0,306898534400.0
2022-03-08,4361.64,4383.65,4252.54,4265.39,1678632.0,315176714240.0
2022-03-09,4280.98,4304.48,4068.19,4226.35,1942329.0,341009399808.0
2022-03-10,4326.2,4335.67,4288.51,4292.84,1452663.0,301636190208.0
2022-03-11,4231.2,4316.04,4176.45,4306.52,1523999.0,295008829440.0
2022-03-14,4248.15,4280.36,4174.76,4174.76,1301872.0,260691656704.0
2022-03-15,4125.49,4163.42,3983.81,3983.81,2025247.0,346988937216.0
2022-03-16,4053.1,4168.59,3942.86,4156.08,1960219.0,378883604480.0
2022-03-17,4237.67,4302.74,4217.8,4237.7,1794073.0,385039204352.0
2022-03-18,4218.47,4283.37,4194.94,4265.9,1494583.0,275791282176.0
2022-03-21,4280.14,4287.82,4223.02,4258.75,1270363.0,251214544896.0
2022-03-22,4252.57,4283.33,4236.69,4255.3,1263824.0,226213527552.0
2022-03-23,4269.61,4287.58,4241.96,4276.52,1170890.0,226390786048.0
2022-03-24,4249.53,4273.96,4216.85,4251.31,1089182.0,219594424320.0
2022-03-25,4249.07,4254.84,4173.93,4174.57,1088080.0,217013190656.0
2022-03-28,4128.84,4174.12,4091.3,4148.47,1184490.0,213468971008.0
2022-03-29,4155.42,4177.21,4124.72,4134.14,1002669.0,199463845888.0
2022-03-30,4162.17,4254.1,4160.74,4254.1,1383460.0,268869173248.0
2022-03-31,4234.72,4247.36,4214.54,4222.6,1340291.0,238877212672.0
2022-04-01,4198.82,4290.67,4190.08,4276.16,1338030.0,244758872064.0
2022-04-06,4258.83,4277.52,4236.73,4263.84,1590621.0,253690937344.0
2022-04-07,4240.02,4278.11,4205.74,4209.1,1348803.0,216996184064.0
2022-04-08,4213.21,4237.81,4175.53,4230.77,1428437.0,229081759744.0
2022-04-11,4203.79,4203.79,4089.09,4100.07,1481970.0,265224929280.0
2022-04-12,4102.97,4179.97,4075.8,4179.97,1442856.0,252830416896.0
2022-04-13,4154.41,4194.04,4139.74,4139.74,1250974.0,221281026048.0
2022-04-14,4172.64,4217.06,4155.55,4191.57,1247913.0,245993816064.0
2022-04-15,4162.37,4211.32,4152.97,4188.75,1247622.0,226229747712.0
2022-04-18,4152.93,4171.74,4119.99,4166.38,1175046.0,212855324672.0
2022-04-19,4161.93,4186.94,4115.42,4134.9,1102174.0,208570580992.0
2022-04-20,4130.54,4136.17,4060.5,4070.79,1173316.0,216536629248.0
2022-04-21,4048.73,4086.44,3978.37,3995.83,1327838.0,227026681856.0
2022-04-22,3967.2,4037.08,3953.72,4013.25,1221018.0,206371766272.0
2022-04-25,3933.45,3958.21,3814.91,3814.91,1683645.0,272889266176.0
2022-04-26,3822.49,3871.85,3773.9,3784.12,1575776.0,259626352640.0
2022-04-27,3758.08,3895.73,3757.09,3895.54,1727340.0,296924119040.0
2022-04-28,3883.42,3943.43,3873.58,3921.11,1530565.0,268502237184.0
2022-04-29,3939.62,4017.43,3898.57,4016.24,1794583.0,321414889472.0
2022-05-05,3995.35,4039.7,3988.93,4010.21,1541707.0,290538225664.0
2022-05-06,3928.85,3947.24,3902.05,3908.82,1230055.0,214825172992.0
2022-05-09,3883.95,3914.11,3854.94,3877.44,929366.0,171756503040.0
2022-05-10,3820.63,3932.68,3808.57,3919.87,1364169.0,239060205568.0
2022-05-11,3917.93,4033.3,3916.52,3976.42,1656322.0,309294923776.0
2022-05-12,3949.95,3985.93,3935.59,3958.74,1133760.0,202029154304.0
2022-05-13,3983.82,4003.85,3957.14,3988.6,1099683.0,195727048704.0
2022-05-16,4015.0,4018.03,3947.75,3956.54,1124253.0,199717912576.0
2022-05-17,3961.76,4005.89,3955.1,4005.89,1096614.0,210117541888.0
2022-05-18,4015.01,4017.34,3964.75,3991.91,1080742.0,201800663040.0
2022-05-19,3938.3,3999.6,3933.75,3999.6,1162934.0,210206687232.0
2022-05-20,4020.82,4077.6,4020.82,4077.6,1470691.0,265609084928.0
2022-05-23,4080.97,4080.97,4029.08,4053.98,1304778.0,225981546496.0
2022-05-24,4052.87,4055.78,3959.15,3959.15,1455543.0,247713038336.0
2022-05-25,3959.77,3983.62,3946.81,3983.18,1077340.0,188700540928.0
2022-05-26,3987.68,4015.75,3938.24,3993.04,1262636.0,216987025408.0
2022-05-27,4022.71,4051.14,3983.38,4001.3,1127693.0,206944419840.0
2022-05-30,4020.86,4040.82,4003.38,4029.02,1111522.0,211144720384.0
2022-05-31,4031.76,4096.2,4020.38,4091.52,1354155.0,267770085376.0
2022-06-01,4086.62,4094.9,4058.85,4083.18,1148508.0,225416232960.0
2022-06-02,4064.0,4091.15,4057.91,4089.57,1138936.0,222657544192.0
2022-06-06,4090.53,4166.62,4063.91,4166.09,1678710.0,324075618304.0
2022-06-07,4165.69,4198.09,4155.17,4179.13,1429928.0,285733715968.0
2022-06-08,4187.15,4224.81,4158.03,4219.81,1573740.0,319480266752.0
2022-06-09,4211.72,4227.45,4160.88,4175.67,1684491.0,285172793344.0
2022-06-10,4145.65,4241.35,4140.22,4238.99,1847962.0,324091445248.0
2022-06-13,4194.46,4218.23,4156.71,4189.35,1684756.0,336585654272.0
2022-06-14,4143.22,4224.09,4102.93,4222.31,1713859.0,335418556416.0
2022-06-15,4228.29,4348.42,4228.29,4278.22,2570466.0,459766824960.0
2022-06-16,4282.08,4302.92,4241.08,4250.06,1840744.0,337235902464.0
2022-06-17,4219.23,4318.77,4218.68,4309.04,1586491.0,346675740672.0
2022-06-20,4322.83,4368.36,4297.89,4330.43,1656663.0,359569293312.0
2022-06-21,4327.92,4357.34,4287.14,4325.57,1646676.0,317163307008.0
2022-06-22,4331.9,4333.18,4269.25,4270.62,1585658.0,298656268288.0
2022-06-23,4277.96,4343.88,4260.9,4343.88,1708823.0,327144767488.0
2022-06-24,4354.55,4400.69,4346.12,4394.77,1689721.0,356054761472.0
2022-06-27,4414.33,4472.69,4414.33,4444.26,1773856.0,381432954880.0
2022-06-28,4442.58,4497.89,4407.35,4490.52,1747565.0,361685975040.0
2022-06-29,4472.73,4503.13,4414.0,4421.36,1872766.0,395926110208.0
2022-06-30,4418.07,4515.0,4418.07,4485.01,1566662.0,354343878656.0
2022-07-01,4489.52,4500.99,4449.29,4466.72,1447796.0,318492114944.0
2022-07-04,4447.22,4496.03,4427.82,4496.03,1463456.0,356968529920.0
2022-07-05,4505.46,4530.32,4439.45,4489.54,1549624.0,361891856384.0
2022-07-06,4475.48,4484.36,4393.42,4423.97,1498002.0,344672698368.0
2022-07-07,4425.28,4457.34,4391.19,4443.47,1326609.0,328133148672.0
2022-07-08,4468.06,4479.49,4426.89,4428.78,1231957.0,304031105024.0
2022-07-11,4406.15,4406.15,4330.58,4354.62,1344485.0,299195236352.0
2022-07-12,4352.65,4370.34,4296.62,4313.62,1301878.0,291072311296.0
2022-07-13,4313.36,4341.47,4284.94,4321.46,1311131.0,286075551744.0
2022-07-14,4308.82,4352.1,4292.76,4322.07,1452509.0,301569867776.0
2022-07-15,4299.47,4344.86,4248.53,4248.53,1502144.0,316793192448.0
2022-07-18,4262.15,4300.78,4217.51,4292.59,1226011.0,281055133696.0
2022-07-19,4288.44,4288.44,4238.82,4269.34,1038057.0,231117733888.0
2022-07-20,4291.28,4303.37,4269.97,4283.8,944901.0,212301889536.0
2022-07-21,4270.36,4283.15,4236.05,4236.06,1171563.0,239228141568.0
2022-07-22,4251.79,4275.47,4207.31,4238.23,1038406.0,224295337984.0
2022-07-25,4233.93,4234.84,4201.92,4212.64,836366.0,188136423424.0
2022-07-26,4220.09,4259.99,4214.53,4245.98,858232.0,197601411072.0
2022-07-27,4236.15,4242.1,4217.28,4225.04,789049.0,194245296128.0
2022-07-28,4242.27,4267.92,4223.03,4225.67,1075319.0,243871481856.0
2022-07-29,4226.42,4243.51,4160.87,4170.1,1141792.0,253198581760.0
2022-08-01,4160.65,4196.57,4129.45,4188.68,1077490.0,251125301248.0
2022-08-02,4144.38,4144.38,4071.43,4107.02,1422244.0,281013551104.0
2022-08-03,4114.83,4150.98,4058.18,4066.98,1166661.0,268695830528.0
2022-08-04,4089.44,4108.16,4064.66,4101.54,895326.0,216898682880.0
2022-08-05,4109.63,4159.49,4097.86,4156.91,1025710.0,247325900800.0
2022-08-08,4142.11,4155.73,4135.08,4148.07,902081.0,224080805888.0
2022-08-09,4143.67,4161.81,4131.43,4156.29,841369.0,214223699968.0
2022-08-10,4149.21,4160.79,4092.55,4109.74,855658.0,217447366656.0
2022-08-11,4130.74,4193.81,4116.06,4193.54,1213850.0,269630996480.0
2022-08-12,4185.42,4202.47,4175.05,4191.15,1068083.0,219208056832.0
2022-08-15,4180.0,4219.92,4174.3,4185.68,1058985.0,245539799040.0
2022-08-16,4190.53,4208.8,4170.52,4177.84,939061.0,233818587136.0
2022-08-17,4182.57,4222.79,4155.17,4216.96,1128646.0,252044328960.0
2022-08-18,4205.79,4211.91,4173.54,4180.1,1010526.0,233115484160.0
2022-08-19,4174.55,4185.66,4151.07,4151.07,1174029.0,262494126080.0
2022-08-22,4135.16,4183.65,4134.2,4181.4,1124427.0,259747168256.0
2022-08-23,4175.53,4187.39,4147.41,4161.08,1031535.0,239101329408.0
2022-08-24,4168.58,4174.16,4079.09,4082.42,1190696.0,262844301312.0
2022-08-25,4093.29,4119.62,4058.75,4116.24,1113207.0,242149588992.0
2022-08-26,4127.81,4139.79,4102.68,4107.55,990004.0,225519190016.0
2022-08-29,4063.88,4092.95,4059.6,4089.52,943544.0,203086118912.0
2022-08-30,4088.53,4093.14,4048.52,4075.79,933016.0,192649003008.0
2022-08-31,4057.14,4112.85,4046.62,4078.84,1324497.0,292974657536.0
2022-09-01,4066.19,4090.89,4041.13,4043.74,973870.0,210898501632.0
2022-09-02,4054.84,4056.18,4004.91,4023.61,867892.0,184468324352.0
2022-09-05,4010.41,4017.0,3982.74,4015.43,937671.0,201118695424.0
2022-09-06,4024.47,4054.0,4009.58,4052.28,1135062.0,235921833984.0
2022-09-07,4032.72,4067.54,4028.37,4054.98,1076780.0,215147151360.0
2022-09-08,4059.17,4067.76,4036.02,4037.68,1008860.0,186889043968.0
2022-09-09,4050.59,4099.01,4042.25,4093.79,1184271.0,221442539520.0
2022-09-13,4112.01,4128.11,4097.14,4111.11,1117897.0,218521059328.0
2022-09-14,4058.04,4089.06,4047.92,4065.36,907936.0,185484967936.0
2022-09-15,4078.65,4088.81,3998.86,4027.12,1239512.0,254367498240.0
2022-09-16,4013.58,4019.41,3932.68,3932.68,1371936.0,241251844096.0
2022-09-19,3928.42,3953.65,3910.31,3928.0,977195.0,183574446080.0
2022-09-20,3945.65,3957.55,3921.69,3932.84,848241.0,179248152576.0
2022-09-21,3921.32,3924.39,3884.23,3903.73,864583.0,168939077632.0
2022-09-22,3875.18,3900.27,3860.23,3869.34,809469.0,161134100480.0
2022-09-23,3865.1,3888.4,3829.69,3856.02,943424.0,172904808448.0
2022-09-26,3829.6,3893.32,3827.95,3836.68,1045260.0,192906199040.0
2022-09-27,3844.07,3893.03,3827.93,3892.3,888601.0,185955254272.0
2022-09-28,3879.44,3879.44,3828.05,3828.71,865922.0,172438044672.0
2022-09-29,3864.32,3873.18,3808.65,3827.14,856541.0,171635933184.0
2022-09-30,3833.35,3848.6,3801.28,3804.89,785599.0,158692753408.0
2022-10-10,3806.56,3807.46,3715.71,3720.94,1026475.0,194635907072.0
2022-10-11,3732.02,3739.81,3706.06,3727.69,839446.0,166800392192.0
2022-10-12,3722.87,3784.31,3661.53,3784.31,1080893.0,210931367936.0
2022-10-13,3756.42,3783.6,3749.64,3752.67,990189.0,198368886784.0
2022-10-14,3783.32,3863.23,3780.84,3842.47,1162423.0,256551272448.0
2022-10-17,3822.24,3849.62,3809.12,3846.41,1041920.0,220488876032.0
2022-10-18,3865.83,3870.22,3831.17,3838.27,883469.0,186556301312.0
2022-10-19,3827.47,3840.49,3776.53,3776.53,815748.0,186736410624.0
2022-10-20,3746.58,3804.25,3726.79,3754.93,902908.0,203781619712.0
2022-10-21,3753.89,3768.69,3724.69,3742.89,987500.0,180686356480.0
2022-10-24,3727.92,3762.16,3619.99,3633.37,1300568.0,259450748928.0
2022-10-25,3621.94,3670.73,3594.7,3627.45,1109538.0,219302756352.0
2022-10-26,3633.31,3700.88,3633.31,3656.9,1213015.0,242453807104.0
2022-10-27,3667.66,3685.08,3631.06,3631.14,1179986.0,257473314816.0
2022-10-28,3605.16,3618.86,3533.5,3541.33,1187721.0,245816459264.0
2022-10-31,3504.51,3553.39,3495.95,3508.7,1384656.0,256574816256.0
2022-11-01,3519.82,3634.17,3517.62,3634.17,1492867.0,295089930240.0
2022-11-02,3620.37,3703.47,3610.8,3677.81,1415929.0,291648241664.0
2022-11-03,3645.06,3670.16,3628.5,3647.9,1105660.0,215379296256.0
2022-11-04,3646.77,3782.88,3646.77,3767.17,1497349.0,311145463808.0
2022-11-07,3754.52,3792.79,3746.37,3775.3,1298263.0,251195703296.0
2022-11-08,3773.66,3779.12,3723.34,3749.33,990164.0,193351319552.0
2022-11-09,3750.78,3760.41,3711.27,3714.27,894345.0,172029526016.0
2022-11-10,3685.83,3701.53,3665.06,3685.69,1035093.0,183155310592.0
2022-11-11,3787.76,3828.9,3747.09,3788.44,1896855.0,344471339008.0
2022-11-14,3818.14,3848.41,3781.78,3794.02,1696650.0,315536867328.0
2022-11-15,3788.93,3871.64,3775.5,3865.97,1515156.0,296268136448.0
2022-11-16,3860.81,3877.68,3829.31,3834.39,1206109.0,235844583424.0
2022-11-17,3821.27,3821.74,3776.57,3818.66,1059406.0,219540815872.0
2022-11-18,3823.82,3840.3,3801.57,3801.57,1150787.0,224276135936.0
2022-11-21,3769.63,3769.87,3734.0,3769.13,958669.0,188230369280.0
2022-11-22,3766.08,3809.86,3751.04,3769.57,1444863.0,203490836480.0
2022-11-23,3760.22,3791.18,3753.21,3773.53,1445279.0,201070608384.0
2022-11-24,3791.54,3804.9,3751.38,3756.81,1010734.0,160698925056.0
2022-11-25,3751.28,3790.57,3743.41,3775.78,1429297.0,191711035392.0
2022-11-28,3701.9,3736.08,3672.13,3733.24,1278257.0,196305567744.0
2022-11-29,3766.57,3854.77,3766.57,3848.42,1787013.0,289062322176.0
2022-11-30,3836.56,3867.66,3833.83,3853.04,1575113.0,250051461120.0
2022-12-01,3921.3,3944.56,3893.87,3894.77,1699645.0,306678202368.0
2022-12-02,3886.4,3898.11,3865.88,3870.95,1167863.0,201253158912.0
2022-12-05,3907.64,3947.48,3900.67,3946.88,2017472.0,296615510016.0
2022-12-06,3929.01,3988.9,3923.0,3968.2,1551083.0,275583434752.0
2022-12-07,3956.67,3999.59,3944.18,3958.44,1430013.0,255490834432.0
2022-12-08,3953.2,3971.49,3941.3,3959.18,1151999.0,198037684224.0
2022-12-09,3961.99,4003.32,3944.44,3998.24,1537749.0,268166791168.0
2022-12-12,3976.17,3983.43,3950.32,3953.44,1259353.0,227606298624.0
2022-12-13,3953.55,3964.4,3939.98,3945.68,1009940.0,184020697088.0
2022-12-14,3952.79,3972.74,3935.77,3954.89,985280.0,196175101952.0
2022-12-15,3954.67,3963.5,3926.5,3951.99,888647.0,181994881024.0
2022-12-16,3931.23,3960.47,3929.49,3954.23,931785.0,167488438272.0
2022-12-19,3952.77,3966.57,3878.44,3893.22,1069190.0,180801388544.0
2022-12-20,3881.23,3881.27,3811.48,3829.02,830968.0,164046438400.0
2022-12-21,3839.0,3853.73,3821.4,3830.54,648392.0,123450040320.0
2022-12-22,3859.2,3882.13,3821.34,3836.03,837051.0,163970301952.0
2022-12-23,3811.62,3848.34,3805.95,3828.22,652781.0,130559418368.0
2022-12-26,3830.57,3856.81,3827.52,3843.49,730057.0,148692828160.0
2022-12-27,3860.91,3891.85,3856.58,3887.85,775153.0,152032198656.0
2022-12-28,3874.91,3884.72,3854.94,3871.26,844246.0,160671121408.0
2022-12-29,3854.24,3868.29,3838.48,3856.7,793948.0,149011365888.0
2022-12-30,3873.94,3887.55,3868.76,3871.63,787732.0,148295057408.0
2023-01-03,3864.84,3893.99,3831.25,3887.9,1150518.0,207540158464.0
2023-01-04,3886.25,3905.9,3873.65,3892.95,1106607.0,198997704704.0
2023-01-05,3913.49,3974.88,3912.26,3968.58,1165023.0,256312606720.0
2023-01-06,3969.55,4000.41,3966.47,3980.89,1109530.0,235744313344.0
2023-01-09,3998.53,4023.09,3990.71,4013.12,1170544.0,233212428288.0
2023-01-10,4014.71,4030.46,4002.23,4017.47,1017511.0,214871162880.0
2023-01-11,4019.88,4043.4,4008.02,4010.03,999978.0,203000266752.0
2023-01-12,4021.75,4030.29,4003.51,4017.87,905526.0,183686266880.0
2023-01-13,4032.29,4074.38,4027.89,4074.38,958718.0,212173996032.0
2023-01-16,4077.88,4177.1,4076.64,4137.96,1513954.0,319007752192.0
2023-01-17,4138.84,4148.58,4118.16,4137.24,954790.0,204381569024.0
2023-01-18,4140.1,4151.46,4125.77,4130.31,842006.0,172126175232.0
2023-01-19,4125.58,4156.01,4105.98,4156.01,946084.0,192699596800.0
2023-01-20,4166.84,4189.83,4161.67,4181.53,1235538.0,222342447104.0
2023-01-30,4267.62,4268.15,4197.86,4201.35,1646070.0,330193338368.0
2023-01-31,4200.58,4212.73,4153.05,4156.86,1245508.0,249365315584.0
2023-02-01,4170.13,4195.93,4137.77,4195.93,1410089.0,265553952768.0
2023-02-02,4207.41,4207.41,4170.56,4181.15,1338237.0,262497435648.0
2023-02-03,4162.03,4162.03,4103.17,4141.63,1170412.0,226914762752.0
2023-02-06,4103.83,4105.94,4065.22,4086.88,1101927.0,226345107456.0
2023-02-07,4098.31,4107.34,4077.96,4094.23,913600.0,183537352704.0
2023-02-08,4099.86,4111.47,4072.65,4076.14,847860.0,170591748096.0
2023-02-09,4067.56,4130.86,4064.75,4130.86,1022899.0,211722600448.0
2023-02-10,4124.1,4125.29,4092.35,4106.31,967167.0,195348316160.0
2023-02-13,4098.88,4146.45,4092.27,4143.57,1288925.0,251990179840.0
2023-02-14,4151.25,4152.05,4125.26,4145.29,1024998.0,204915441664.0
2023-02-15,4146.85,4153.72,4115.97,4123.69,1216645.0,219855536128.0
2023-02-16,4125.41,4167.9,4068.86,4093.49,1593105.0,281315639296.0
2023-02-17,4086.22,4104.64,4032.93,4034.51,1161425.0,225737752576.0
2023-02-20,4039.96,4134.86,4035.48,4133.49,1617944.0,280122949632.0
2023-02-21,4130.06,4151.8,4116.27,4144.35,1457761.0,249674203136.0
2023-02-22,4118.97,4134.88,4101.86,4106.95,1042902.0,191586156544.0
2023-02-23,4106.21,4132.39,4088.21,4103.65,1035649.0,197193580544.0
2023-02-24,4100.99,4102.61,4048.24,4061.05,1009894.0,191210471424.0
2023-02-27,4040.46,4067.03,4034.52,4043.84,937876.0,187959492608.0
2023-02-28,4058.13,4074.26,4026.45,4069.46,1103235.0,198799720448.0
2023-03-01,4068.73,4135.48,4061.22,4126.94,1560157.0,255374786560.0
2023-03-02,4119.99,4137.25,4113.83,4117.74,1482176.0,235953766400.0
2023-03-03,4126.02,4135.21,4100.38,4130.55,1603317.0,226914549760.0
2023-03-06,4131.15,4132.84,4088.45,4109.01,1629718.0,283079868416.0
2023-03-07,4103.64,4124.96,4046.57,4048.85,1959120.0,272491986944.0
2023-03-08,4030.74,4037.29,4011.52,4034.11,1179365.0,191659655168.0
2023-03-09,4035.84,4043.85,4000.89,4019.85,1165396.0,201737994240.0
2023-03-10,3991.8,4004.36,3966.43,3967.14,1238554.0,218286948352.0
2023-03-13,3962.64,4008.69,3962.64,4008.69,1435613.0,242865520640.0
2023-03-14,3999.88,4001.94,3946.94,3984.7,1505441.0,267224842240.0
2023-03-15,4011.84,4018.75,3986.9,3986.9,1420260.0,232101101568.0
2023-03-16,3958.2,3981.32,3936.48,3939.15,1525156.0,246264283136.0
2023-03-17,3971.16,4004.22,3945.25,3958.82,1774338.0,305541021696.0
2023-03-20,3962.66,3979.55,3935.02,3939.08,2052649.0,319760039936.0
2023-03-21,3948.16,3982.7,3948.16,3982.38,1450906.0,251631992832.0
2023-03-22,3993.78,4016.45,3986.71,3999.44,1492289.0,265180987392.0
2023-03-23,3985.99,4039.09,3984.0,4039.09,1588874.0,296479522816.0
2023-03-24,4035.16,4037.84,4017.0,4027.05,1594423.0,295785594880.0
2023-03-27,4023.3,4023.3,3987.03,4012.48,1684822.0,315474706432.0
2023-03-28,4015.7,4023.78,3994.6,3999.51,1318951.0,248736923648.0
2023-03-29,4013.59,4017.76,3992.67,4006.14,1337435.0,263866925056.0
2023-03-30,4009.56,4040.5,3983.9,4038.53,1499010.0,280004722688.0
2023-03-31,4045.45,4063.57,4039.96,4050.93,1388425.0,279863689216.0
2023-04-03,4059.62,4094.94,4059.06,4090.57,1821243.0,382895554560.0
2023-04-04,4089.29,4103.16,4080.07,4103.11,1971466.0,394443161600.0
2023-04-06,4084.13,4098.83,4078.4,4096.64,1507033.0,328981839872.0
2023-04-07,4096.9,4131.31,4092.18,4123.28,1286767.0,286567759872.0
2023-04-10,4132.01,4132.3,4099.05,4104.81,1524530.0,340822556672.0
2023-04-11,4108.51,4116.12,4083.49,4100.15,1539013.0,324192960512.0
2023-04-12,4102.4,4108.25,4090.28,4097.29,1659652.0,325425233920.0
2023-04-13,4081.39,4088.88,4059.57,4068.98,1564442.0,300291031040.0
2023-04-14,4078.97,4098.22,4075.2,4092.0,1506956.0,306201493504.0
2023-04-17,4090.07,4149.38,4089.51,4149.38,1887730.0,341831286784.0
2023-04-18,4139.31,4169.67,4138.46,4162.03,1701841.0,331545673728.0
2023-04-19,4159.39,4159.39,4118.63,4124.56,1625545.0,312219500544.0
2023-04-20,4122.95,4125.82,4094.0,4113.02,1627066.0,332172394496.0
2023-04-21,4114.26,4114.26,4031.91,4032.57,1808024.0,347852013568.0
2023-04-24,4031.3,4033.64,3967.91,3982.64,1700992.0,328375599104.0
2023-04-25,3985.11,3991.69,3925.44,3962.67,1725554.0,331110612992.0
2023-04-26,3950.26,3975.66,3934.66,3959.23,1627020.0,322062811136.0
2023-04-27,3948.03,3999.13,3942.82,3988.42,1538281.0,304804003840.0
2023-04-28,3993.26,4030.45,3993.26,4029.09,1795084.0,328936292352.0
2023-05-04,4013.47,4035.78,4001.13,4030.25,2275828.0,345492520960.0
2023-05-05,4031.09,4047.6,3998.39,4016.88,2066269.0,307694501888.0
2023-05-08,4028.11,4070.77,4018.96,4062.66,2555831.0,359539965952.0
2023-05-09,4065.44,4092.85,4026.39,4027.88,2793060.0,396422119424.0
2023-05-10,4017.94,4019.06,3984.63,3996.87,2075527.0,309484847104.0
2023-05-11,4005.78,4018.06,3988.48,3990.66,1448046.0,241052073984.0
2023-05-12,3987.77,3999.38,3937.53,3937.76,1444217.0,228992925696.0
2023-05-15,3938.83,3998.89,3923.03,3998.89,1762573.0,279531159552.0
2023-05-16,4002.52,4005.02,3966.99,3978.21,1368332.0,234840653824.0
2023-05-17,3971.7,3982.6,3945.71,3960.17,1184481.0,205195689984.0
2023-05-18,3965.52,3982.72,3939.55,3956.07,1365339.0,229134188544.0
2023-05-19,3946.22,3967.28,3928.32,3944.54,1202124.0,207094939648.0
2023-05-22,3941.0,3985.4,3935.8,3969.33,1091166.0,202185555968.0
2023-05-23,3968.23,3971.94,3913.19,3913.19,1186850.0,189955817472.0
2023-05-24,3903.78,3903.78,3859.09,3859.09,1372582.0,211768410112.0
2023-05-25,3851.41,3861.38,3817.84,3850.5,1241507.0,213313617920.0
2023-05-26,3848.42,3859.63,3815.57,3850.95,1003264.0,191537807360.0
2023-05-29,3862.08,3866.72,3819.18,3833.94,1318599.0,230095601664.0
2023-05-30,3827.79,3844.01,3789.27,3837.75,1376196.0,244566261760.0
2023-05-31,3827.16,3827.16,3781.4,3798.54,1263873.0,235606130688.0
2023-06-01,3788.59,3832.21,3786.73,3806.87,1345618.0,241829543936.0
2023-06-02,3821.62,3865.28,3821.62,3861.83,1250151.0,232696545280.0
2023-06-05,3860.56,3860.56,3832.46,3844.25,1161639.0,211144359936.0
2023-06-06,3840.46,3867.85,3802.84,3808.16,1257812.0,222091722752.0
2023-06-07,3815.48,3823.11,3780.1,3789.34,988624.0,189879795712.0
2023-06-08,3791.08,3834.39,3777.78,3820.19,1187009.0,199119306752.0
2023-06-09,3822.41,3836.7,3811.22,3836.7,1343198.0,247296081920.0
2023-06-12,3827.33,3859.72,3813.86,3844.43,1267585.0,240791273472.0
2023-06-13,3838.13,3867.3,3833.46,3864.91,1109249.0,225435222016.0
2023-06-14,3872.72,3891.67,3862.06,3864.02,1249557.0,243932577792.0
2023-06-15,3871.77,3925.5,3871.77,3925.5,1283699.0,282635894784.0
2023-06-16,3932.21,3968.01,3928.54,3963.35,1397600.0,280374771712.0
2023-06-19,3957.03,3957.03,3922.47,3930.91,1349058.0,268213075968.0
2023-06-20,3926.09,3937.49,3918.47,3924.24,1225203.0,266274078720.0
2023-06-21,3909.1,3920.13,3864.03,3864.03,1183465.0,243630702592.0
2023-06-26,3833.44,3841.29,3801.05,3809.7,1339904.0,247713841152.0
2023-06-27,3811.69,3851.9,3806.32,3845.43,1169926.0,210097717248.0
2023-06-28,3836.61,3846.85,3808.16,3840.8,1070215.0,206187954176.0
2023-06-29,3836.73,3840.71,3817.38,3821.84,982892.0,204110036992.0
2023-06-30,3816.33,3860.03,3813.55,3842.45,1012684.0,208146268160.0
2023-07-03,3853.29,3897.33,3853.29,3892.88,1331580.0,256876527616.0
2023-07-04,3888.03,3899.98,3878.4,3899.01,1094945.0,216335613952.0
2023-07-05,3895.19,3899.52,3864.13,3868.81,976363.0,188400271360.0
2023-07-06,3857.03,3876.89,3836.46,3842.75,1001218.0,184742428672.0
2023-07-07,3831.6,3844.84,3819.08,3825.7,1009069.0,173918568448.0
2023-07-10,3841.56,3865.46,3831.92,3844.33,920334.0,185360809984.0
2023-07-11,3853.8,3870.65,3844.52,3869.49,865107.0,177585700864.0
2023-07-12,3864.6,3874.04,3838.56,3843.44,1115220.0,214046523392.0
2023-07-13,3855.66,3901.1,3855.66,3898.42,1203002.0,235278712832.0
2023-07-14,3904.6,3908.49,3893.79,3899.1,1223648.0,220230467584.0
2023-07-17,3881.62,3881.62,3852.26,3867.17,983401.0,174623555584.0
2023-07-18,3871.04,3871.04,3844.51,3854.94,914386.0,167104315392.0
2023-07-19,3848.48,3860.01,3830.41,3850.87,795856.0,151311482880.0
2023-07-20,3857.77,3875.62,3818.71,3823.69,920420.0,174320877568.0
2023-07-21,3816.98,3849.51,3808.8,3821.91,795075.0,157144203264.0
2023-07-24,3803.35,3828.79,3798.8,3805.22,754835.0,151448371200.0
2023-07-25,3866.64,3915.81,3866.64,3915.12,1630663.0,299853578240.0
2023-07-26,3908.17,3912.98,3893.4,3907.01,1078817.0,192912605184.0
2023-07-27,3914.23,3935.36,3894.69,3902.35,1106671.0,196845420544.0
2023-07-28,3889.79,4000.92,3886.55,3992.74,1797354.0,310092464128.0
2023-07-31,4018.89,4064.36,4002.08,4014.63,1996068.0,366544125952.0
2023-08-01,4009.18,4031.7,3983.03,3998.0,1422868.0,255620775936.0
2023-08-02,3985.7,4008.33,3958.51,3969.9,1258556.0,204875694080.0
2023-08-03,3962.13,4005.0,3962.13,4004.98,1290066.0,224809828352.0
2023-08-04,4033.72,4058.24,4011.62,4020.58,1782671.0,316529737728.0
2023-08-07,4002.97,4002.97,3977.02,3990.15,1213106.0,227090579456.0
2023-08-08,3980.04,4002.29,3963.46,3979.73,1098717.0,202611343360.0
2023-08-09,3967.36,3982.11,3961.84,3967.57,946402.0,174394245120.0
2023-08-10,3962.86,3976.46,3945.39,3975.72,971768.0,175646736384.0
2023-08-11,3977.98,3977.98,3884.25,3884.25,1260829.0,203546312704.0
2023-08-14,3840.89,3859.47,3814.07,3855.91,1159663.0,197623758848.0
2023-08-15,3858.37,3865.28,3811.68,3846.54,1030971.0,177437065216.0
2023-08-16,3830.83,3852.42,3817.63,3818.33,946169.0,169323872256.0
2023-08-17,3801.2,3836.15,3782.5,3831.1,984154.0,174093844480.0
2023-08-18,3832.46,3844.2,3784.0,3784.0,955496.0,168445689856.0
2023-08-21,3773.23,3782.11,3729.56,3729.56,987083.0,173379944448.0
2023-08-22,3748.07,3770.06,3704.68,3758.23,1203183.0,203463884800.0
2023-08-23,3751.77,3756.17,3695.03,3696.63,970816.0,160476233728.0
2023-08-24,3711.54,3748.86,3701.57,3723.43,1196145.0,196257398784.0
2023-08-25,3703.51,3734.22,3695.84,3709.15,1051826.0,175601434624.0
2023-08-28,3911.55,3911.55,3740.53,3752.62,1979903.0,335047655424.0
2023-08-29,3743.05,3810.38,3742.08,3790.11,1524861.0,262134939648.0
2023-08-30,3803.12,3813.7,3780.24,3788.51,1296716.0,226727477248.0
2023-08-31,3786.93,3794.0,3762.0,3765.27,1189616.0,193577009152.0
2023-09-01,3778.91,3808.53,3778.91,3791.49,1053190.0,172219138048.0
2023-09-04,3812.99,3854.26,3804.59,3848.95,1423852.0,237934723072.0
2023-09-05,3839.58,3839.58,3814.33,3820.32,1040523.0,181377875968.0
2023-09-06,3808.1,3817.52,3790.89,3812.03,934423.0,166081527808.0
2023-09-07,3802.23,3802.23,3756.85,3758.47,951039.0,164405755904.0
2023-09-08,3747.65,3753.26,3724.99,3739.99,716381.0,129197654016.0
2023-09-11,3740.58,3788.32,3734.72,3767.54,1053580.0,186871758848.0
2023-09-12,3764.33,3775.09,3755.42,3760.6,793853.0,140117508096.0
2023-09-13,3759.61,3768.82,3719.11,3736.65,815769.0,138238083072.0
2023-09-14,3736.94,3748.82,3717.31,3733.51,1003860.0,151578099712.0
2023-09-15,3740.79,3749.02,3699.38,3708.78,1093956.0,180398964736.0
2023-09-18,3698.93,3737.53,3691.11,3727.71,867277.0,156966977536.0
2023-09-19,3723.42,3724.07,3702.69,3720.5,831990.0,135216898048.0
2023-09-20,3715.96,3718.52,3705.13,3705.69,754482.0,117691809792.0
2023-09-21,3698.31,3708.46,3672.44,3672.44,830310.0,135011794944.0
2023-09-22,3672.64,3740.42,3664.77,3738.93,1102311.0,192236470272.0
2023-09-25,3738.06,3738.06,3711.2,3714.6,925964.0,155793833984.0
2023-09-26,3711.71,3723.85,3692.62,3692.89,780445.0,137808445440.0
2023-09-27,3694.96,3731.14,3694.39,3700.5,916292.0,164790435840.0
2023-09-28,3711.21,3716.06,3685.3,3689.52,852217.0,153500418048.0
2023-10-09,3678.93,3694.17,3642.0,3684.73,1021480.0,178072371200.0
2023-10-10,3696.25,3701.26,3655.59,3657.13,991637.0,161938964480.0
2023-10-11,3674.75,3689.53,3658.36,3667.55,1020915.0,187667546112.0
2023-10-12,3697.93,3711.5,3682.84,3702.38,1143632.0,194598223872.0
2023-10-13,3677.96,3678.19,3652.31,3663.41,982879.0,170152312832.0
2023-10-16,3664.04,3664.04,3615.77,3626.6,918531.0,159537971200.0
2023-10-17,3635.3,3645.57,3619.13,3639.4,907451.0,147056230400.0
2023-10-18,3631.07,3632.06,3608.98,3610.58,945458.0,158982356992.0
2023-10-19,3588.52,3588.52,3532.31,3533.54,1117375.0,189194780672.0
2023-10-20,3518.35,3535.66,3501.73,3510.59,985186.0,169591291904.0
2023-10-23,3500.2,3505.35,3450.65,3474.24,965616.0,152054890496.0
2023-10-24,3481.76,3495.0,3453.1,3487.13,1155472.0,186529202176.0
2023-10-25,3524.3,3531.83,3500.92,3504.46,1280096.0,203691737088.0
2023-10-26,3484.78,3515.57,3478.05,3514.14,1051435.0,176088465408.0
2023-10-27,3501.17,3576.59,3494.55,3562.39,1202251.0,224301957120.0
2023-10-30,3554.11,3592.72,3554.02,3583.77,1440104.0,242973327360.0
2023-10-31,3581.68,3581.68,3554.58,3572.51,1125872.0,196317659136.0
2023-11-01,3605.76,3606.41,3564.64,3571.03,976455.0,182943563776.0
2023-11-02,3580.07,3597.17,3553.74,3554.19,903596.0,149465055232.0
2023-11-03,3558.53,3596.1,3558.53,3584.14,975421.0,165865996288.0
2023-11-06,3608.32,3635.79,3600.63,3632.61,1529824.0,254465949696.0
2023-11-07,3623.78,3628.46,3606.3,3619.76,1102885.0,190433607680.0
2023-11-08,3610.64,3627.05,3591.82,3611.07,1105942.0,192594378752.0
2023-11-09,3603.11,3624.41,3601.37,3612.83,1118720.0,189355229184.0
2023-11-10,3596.07,3599.45,3576.1,3586.49,1021070.0,166924681216.0
2023-11-13,3593.91,3599.39,3562.77,3579.41,967076.0,164821254144.0
2023-11-14,3581.1,3600.15,3568.88,3582.06,1008841.0,165935169536.0
2023-11-15,3616.88,3620.6,3596.92,3607.25,1049292.0,188932145152.0
2023-11-16,3600.98,3605.29,3572.36,3572.36,874647.0,146629214208.0
2023-11-17,3561.31,3573.68,3547.03,3568.07,873192.0,139621892096.0
2023-11-20,3569.73,3586.97,3545.1,3576.32,910804.0,157449633792.0
2023-11-21,3587.88,3615.06,3575.68,3581.07,1085943.0,175922102272.0
2023-11-22,3569.44,3574.38,3544.42,3544.42,847843.0,136041193472.0
2023-11-23,3541.44,3562.07,3529.94,3561.52,848001.0,141499809792.0
2023-11-24,3560.65,3560.65,3534.0,3538.01,850184.0,140101992448.0
2023-11-27,3534.44,3534.44,3492.86,3511.94,991023.0,155975434240.0
2023-11-28,3510.66,3521.05,3501.11,3518.52,893357.0,147740540928.0
2023-11-29,3518.88,3519.2,3482.24,3488.31,988414.0,155948236800.0
2023-11-30,3485.52,3505.13,3481.45,3496.2,1013508.0,153790185472.0
2023-12-01,3494.22,3494.22,3452.17,3482.88,1085309.0,176078323712.0
2023-12-04,3481.04,3488.13,3459.61,3460.14,971568.0,164664393728.0
2023-12-05,3450.09,3450.09,3393.81,3394.26,1004720.0,164840685568.0
2023-12-06,3387.88,3420.28,3382.95,3399.6,1058055.0,172142985216.0
2023-12-07,3394.31,3404.41,3369.77,3391.28,977132.0,160949944320.0
2023-12-08,3391.86,3409.38,3383.45,3399.46,1295220.0,203034214400.0
2023-12-11,3378.05,3426.61,3346.89,3419.45,1396262.0,219761180672.0
2023-12-12,3410.0,3427.55,3406.1,3426.8,1055900.0,166979960832.0
2023-12-13,3418.64,3418.64,3369.61,3369.61,952853.0,165455921152.0
2023-12-14,3387.38,3399.14,3350.76,3351.96,836551.0,150245769216.0
2023-12-15,3365.94,3388.5,3339.52,3341.55,977877.0,164907024384.0
2023-12-18,3329.19,3352.35,3314.91,3329.37,905268.0,142303313920.0
2023-12-19,3325.66,3345.78,3313.19,3334.04,838081.0,135293657088.0
2023-12-20,3334.33,3338.54,3297.37,3297.5,924128.0,141290536960.0
2023-12-21,3285.6,3339.36,3283.99,3330.87,1025462.0,171120787456.0
2023-12-22,3329.47,3359.06,3315.9,3337.23,1052201.0,167336345600.0
2023-12-25,3330.33,3348.88,3330.33,3347.45,745426.0,121838329856.0
2023-12-26,3345.4,3345.42,3315.94,3324.79,747329.0,121689997312.0
2023-12-27,3326.93,3341.27,3309.67,3336.36,944039.0,140924928000.0
2023-12-28,3335.56,3423.4,3331.21,3414.54,1480648.0,245855633408.0
2023-12-29,3411.11,3432.54,3409.58,3431.11,1149289.0,193573175296.0
2024-01-02,3426.27,3426.27,3386.35,3386.35,1161807.0,184096096256.0
2024-01-03,3379.75,3392.85,3362.66,3378.3,1056138.0,165099012096.0
2024-01-04,3375.02,3375.02,3323.86,3347.05,1067210.0,165512265728.0
2024-01-05,3341.31,3372.54,3313.55,3329.11,1264005.0,182251667456.0
2024-01-08,3322.61,3333.52,3283.34,3286.06,1174294.0,170761650176.0
2024-01-09,3286.71,3304.6,3273.84,3292.5,1093304.0,172276318208.0
2024-01-10,3281.67,3312.92,3268.25,3277.13,941993.0,159777652736.0
2024-01-11,3275.31,3311.11,3266.79,3295.67,1087897.0,180978532352.0
2024-01-12,3284.36,3310.47,3279.7,3284.17,968535.0,156536029184.0
2024-01-15,3270.1,3306.92,3261.27,3280.92,888515.0,144331718656.0
2024-01-16,3272.57,3300.88,3260.44,3300.88,1132766.0,175650586624.0
2024-01-17,3291.14,3291.14,3229.08,3229.08,1087697.0,173516390400.0
2024-01-18,3214.28,3279.25,3171.63,3274.73,1749091.0,256784531456.0
2024-01-19,3261.24,3286.94,3251.81,3269.78,1185014.0,191261802496.0
2024-01-22,3262.47,3281.42,3193.18,3218.9,1487056.0,225510031360.0
2024-01-23,3208.43,3249.53,3188.13,3231.93,1220120.0,193791164416.0
2024-01-24,3245.96,3281.49,3190.47,3277.11,1543719.0,219036336128.0
2024-01-25,3274.34,3344.24,3269.79,3342.92,1968336.0,265521119232.0
2024-01-26,3326.65,3351.97,3315.13,3333.82,1806640.0,238144897024.0
2024-01-29,3335.39,3351.37,3303.96,3303.96,1841648.0,244698005504.0
2024-01-30,3283.9,3300.2,3244.97,3245.04,1436493.0,199592935424.0
2024-01-31,3231.54,3252.15,3201.93,3215.35,1531434.0,215333355520.0
2024-02-01,3202.26,3251.76,3191.9,3217.71,1455168.0,203815059456.0
2024-02-02,3219.87,3235.41,3108.35,3179.63,1737581.0,234495148032.0
2024-02-05,3164.25,3233.85,3111.52,3200.42,2030429.0,279713153024.0
2024-02-06,3185.25,3314.51,3182.82,3311.69,2027131.0,285042016256.0
2024-02-07,3314.03,3343.63,3289.67,3343.63,2166479.0,297997664256.0
2024-02-08,3351.41,3367.21,3336.98,3364.93,1899775.0,270239760384.0
2024-02-19,3393.19,3403.81,3364.14,3403.81,1833198.0,267674140672.0
2024-02-20,3395.19,3415.89,3380.1,3410.85,1407345.0,218459275264.0
2024-02-21,3390.36,3500.13,3383.69,3456.87,1888793.0,291823550464.0
2024-02-22,3450.35,3486.68,3448.41,3486.67,1410207.0,225098121216.0
2024-02-23,3491.34,3507.56,3472.97,3489.74,1448212.0,232926052352.0
2024-02-26,3485.54,3492.61,3445.39,3453.36,1512483.0,238951645184.0
2024-02-27,3440.05,3494.79,3437.44,3494.79,1395282.0,244488716288.0
2024-02-28,3499.83,3521.66,3450.26,3450.26,1898375.0,328300593152.0
2024-02-29,3437.9,3516.08,3437.9,3516.08,1559445.0,281971884032.0
2024-03-01,3515.06,3544.36,3503.46,3537.8,1627095.0,288575619072.0
2024-03-04,3538.37,3548.69,3519.76,3540.87,1632446.0,297719922688.0
2024-03-05,3524.96,3570.69,3519.08,3565.51,1664223.0,299895914496.0
2024-03-06,3556.53,3577.39,3545.1,3551.05,1430766.0,248294162432.0
2024-03-07,3548.1,3569.92,3522.9,3529.72,1481105.0,251839528960.0
2024-03-08,3529.55,3548.51,3511.58,3544.91,1257926.0,225379106816.0
2024-03-11,3545.94,3589.26,3542.28,3589.26,1482028.0,286418567168.0
2024-03-12,3592.58,3605.7,3574.21,3597.49,1806855.0,339997032448.0
2024-03-13,3594.42,3594.42,3563.37,3572.36,1445905.0,266898751488.0
2024-03-14,3571.79,3597.46,3545.61,3562.22,1409627.0,263803617280.0
2024-03-15,3554.91,3572.81,3533.68,3569.99,1383160.0,243991560192.0
2024-03-18,3577.06,3604.05,3573.4,3603.53,1603794.0,295314849792.0
2024-03-19,3593.34,3610.74,3577.19,3577.63,1455717.0,259553443840.0
2024-03-20,3568.72,3589.55,3568.43,3585.38,1295289.0,223752110080.0
2024-03-21,3593.07,3601.11,3575.03,3581.09,1307433.0,233162489856.0
2024-03-22,3571.27,3575.72,3522.84,3545.0,1392273.0,248850923520.0
2024-03-25,3536.71,3564.96,3525.76,3525.76,1370157.0,233747251200.0
2024-03-26,3526.68,3547.65,3518.6,3543.75,1262095.0,226730737664.0
2024-03-27,3538.72,3542.96,3502.79,3502.79,1286267.0,216404721664.0
2024-03-28,3498.48,3551.21,3489.39,3520.96,1433347.0,232530804736.0
2024-03-29,3516.88,3538.24,3516.88,3537.48,1286432.0,201749381120.0
2024-04-01,3551.58,3600.92,3551.58,3595.65,1627765.0,251637268480.0
2024-04-02,3593.22,3596.19,3568.75,3580.68,1412729.0,220207513600.0
2024-04-03,3578.68,3582.43,3558.87,3567.8,1355923.0,214222897152.0
2024-04-08,3553.56,3567.82,3535.77,3536.41,1553042.0,243249250304.0
2024-04-09,3533.38,3543.71,3518.86,3533.49,1296709.0,195893526528.0
2024-04-10,3528.97,3531.23,3490.05,3504.71,1287902.0,199754776576.0
2024-04-11,3485.03,3520.59,3484.93,3504.24,1265343.0,200293482496.0
2024-04-12,3505.75,3516.7,3470.06,3475.84,1289211.0,208566206464.0
2024-04-15,3473.5,3552.41,3473.5,3549.08,1839412.0,267472486400.0
2024-04-16,3533.36,3545.5,3503.62,3511.11,1761530.0,253315973120.0
2024-04-17,3509.13,3565.94,3498.03,3565.4,1684664.0,244987805696.0
2024-04-18,3550.56,3602.79,3547.6,3569.8,1785741.0,261329928192.0
2024-04-19,3550.61,3560.95,3529.32,3541.66,1472815.0,226229518336.0
2024-04-22,3536.18,3558.16,3528.02,3530.9,1505790.0,229511184384.0
2024-04-23,3525.67,3533.76,3499.98,3506.22,1431135.0,213257224192.0
2024-04-24,3514.01,3524.54,3495.65,3521.62,1217398.0,195299917824.0
2024-04-25,3510.64,3543.97,3505.2,3530.28,1151877.0,184524619776.0
2024-04-26,3531.96,3588.4,3531.96,3584.27,1972161.0,308045053952.0
2024-04-29,3584.54,3645.82,3578.76,3623.91,2227213.0,358709723136.0
2024-04-30,3619.26,3630.71,3604.39,3604.39,1912969.0,286674157568.0
2024-05-06,3654.05,3668.26,3645.74,3657.88,2080180.0,333270482944.0
2024-05-07,3657.0,3665.68,3648.38,3659.01,1648342.0,247368351744.0
2024-05-08,3650.75,3650.94,3628.7,3630.22,1300353.0,199923466240.0
2024-05-09,3630.41,3669.76,3630.41,3664.56,1465590.0,232694923264.0
2024-05-10,3669.09,3674.61,3641.76,3666.28,1507205.0,233730555904.0
2024-05-13,3646.35,3673.62,3634.6,3664.69,1572674.0,249688457216.0
2024-05-14,3668.23,3675.78,3646.71,3657.05,1334064.0,214643556352.0
2024-05-15,3651.05,3656.53,3624.0,3626.06,1235227.0,191480971264.0
2024-05-16,3636.6,3657.48,3626.33,3640.36,1546305.0,240288956416.0
2024-05-17,3638.56,3677.97,3627.45,3677.97,1645704.0,247729520640.0
2024-05-20,3682.06,3703.03,3677.44,3690.96,1846094.0,279971332096.0
2024-05-21,3682.29,3684.61,3665.15,3676.16,1306782.0,196575346688.0
2024-05-22,3675.65,3691.88,3667.09,3684.45,1519146.0,230839369728.0
2024-05-23,3672.84,3674.37,3633.51,3641.79,1425729.0,214205038592.0
2024-05-24,3630.83,3650.87,3599.67,3601.48,1247911.0,195344744448.0
2024-05-27,3606.65,3638.15,3603.71,3635.71,1312726.0,206143750144.0
2024-05-28,3633.25,3638.97,3605.92,3609.17,1235322.0,184381276160.0
2024-05-29,3609.07,3633.2,3602.82,3613.52,1159063.0,179072811008.0
2024-05-30,3607.05,3624.04,3586.75,3594.31,1226029.0,193069645824.0
2024-05-31,3599.82,3614.64,3579.92,3579.92,1124620.0,180707606528.0
2024-06-03,3577.38,3600.6,3567.87,3588.75,1410545.0,222756929536.0
2024-06-04,3583.81,3622.5,3580.28,3615.67,1245451.0,195790962688.0
2024-06-05,3610.36,3623.32,3594.11,3594.79,1109067.0,182639591424.0
2024-06-06,3602.16,3625.01,3584.17,3592.25,1378935.0,226764079104.0
2024-06-07,3594.63,3603.07,3552.09,3574.11,1311030.0,213001535488.0
2024-06-11,3555.82,3565.31,3525.89,3542.88,1345223.0,219282341888.0
2024-06-12,3539.09,3551.17,3531.57,3544.12,1228137.0,200722595840.0
2024-06-13,3548.22,3551.08,3520.18,3526.13,1232454.0,214792339456.0
2024-06-14,3514.8,3547.15,3503.52,3541.53,1715169.0,283768815616.0
2024-06-17,3521.44,3540.79,3520.74,3536.2,1374334.0,232293859328.0
2024-06-18,3533.49,3551.71,3532.78,3545.59,1236718.0,208824123392.0
2024-06-19,3543.36,3543.36,3524.84,3528.75,1066428.0,184790302720.0
2024-06-20,3525.17,3533.99,3500.13,3503.28,1116173.0,186515783680.0
2024-06-21,3496.34,3505.51,3473.83,3495.62,1091866.0,182736732160.0
2024-06-24,3473.64,3505.78,3471.22,3476.81,1179901.0,195787554816.0
2024-06-25,3475.16,3483.22,3440.65,3457.9,1184481.0,190886330368.0
2024-06-26,3451.54,3487.4,3442.3,3480.26,1058988.0,171538104320.0
2024-06-27,3467.29,3471.14,3452.58,3454.12,1149181.0,174112505856.0
2024-06-28,3443.67,3484.68,3443.67,3461.66,1354091.0,205118799872.0
2024-07-01,3458.26,3479.95,3443.81,3478.18,1218297.0,188018229248.0
2024-07-02,3472.45,3488.32,3464.52,3471.79,1216501.0,186104758272.0
2024-07-03,3471.56,3478.7,3454.99,3463.41,1038571.0,163035365376.0
2024-07-04,3468.3,3483.31,3444.93,3445.81,1044299.0,159477153792.0
2024-07-05,3443.36,3451.04,3399.67,3431.06,1166096.0,181416574976.0
2024-07-08,3420.8,3428.04,3395.91,3401.76,1155282.0,177559764992.0
2024-07-09,3396.8,3448.93,3384.81,3439.81,1316294.0,215048830976.0
2024-07-10,3425.88,3447.51,3423.65,3428.97,1272034.0,198149472256.0
2024-07-11,3451.04,3473.98,3438.12,3468.17,1458924.0,237551304704.0
2024-07-12,3459.96,3479.1,3457.36,3472.4,1308745.0,205055557632.0
2024-07-15,3462.61,3481.46,3460.79,3476.25,1185170.0,171584913408.0
2024-07-16,3466.85,3500.29,3464.37,3498.28,1206590.0,200456290304.0
2024-07-17,3494.21,3514.48,3486.22,3501.58,1318020.0,222830804992.0
2024-07-18,3483.3,3522.8,3475.72,3520.93,1237682.0,215783800832.0
2024-07-19,3500.81,3545.34,3493.07,3539.02,1324479.0,228065099776.0
2024-07-22,3538.4,3540.19,3494.01,3514.92,1321263.0,217457328128.0
2024-07-23,3509.79,3509.79,3439.88,3439.88,1288976.0,202857562112.0
2024-07-24,3432.35,3451.42,3408.41,3418.17,1270362.0,184884494336.0
2024-07-25,3404.61,3415.86,3383.8,3399.27,1310222.0,190131470336.0
2024-07-26,3403.71,3420.82,3388.66,3409.29,1241955.0,187853324288.0
2024-07-29,3404.37,3408.5,3388.84,3390.74,1097877.0,166697107456.0
2024-07-30,3380.69,3380.69,3352.8,3369.38,1049521.0,165442830336.0
2024-07-31,3364.03,3445.0,3364.03,3442.08,1719591.0,258249146368.0
2024-08-01,3443.14,3448.34,3419.19,3419.27,1363234.0,206038007808.0
2024-08-02,3393.92,3419.1,3380.96,3384.39,1166152.0,179671187456.0
2024-08-05,3362.11,3409.03,3343.32,3343.32,1428125.0,223631261696.0
2024-08-06,3367.35,3376.8,3318.63,3342.98,1193402.0,181724692480.0
2024-08-07,3338.59,3362.38,3329.97,3341.49,950843.0,145078976512.0
2024-08-08,3332.43,3364.79,3320.84,3342.94,924956.0,149482930176.0
2024-08-09,3358.13,3366.67,3331.63,3331.63,915116.0,142852161536.0
2024-08-12,3327.56,3338.08,3319.89,3325.86,799387.0,117544894464.0
2024-08-13,3328.01,3335.01,3310.19,3334.39,844896.0,125259153408.0
2024-08-14,3332.79,3332.79,3309.1,3309.24,787424.0,118181953536.0
2024-08-15,3301.45,3356.76,3297.97,3341.95,1047664.0,149249343488.0
2024-08-16,3342.03,3356.91,3335.62,3345.63,965190.0,135885324288.0
2024-08-19,3344.26,3375.96,3343.71,3356.97,1055711.0,143421669376.0
2024-08-20,3361.64,3362.33,3321.64,3332.7,1016683.0,137910583296.0
2024-08-21,3322.91,3339.44,3307.99,3321.64,899547.0,130005991424.0
2024-08-22,3322.87,3327.7,3305.25,3313.14,1003665.0,147702792192.0
2024-08-23,3305.93,3336.24,3305.64,3327.19,895257.0,132680884224.0
2024-08-26,3330.72,3336.53,3311.57,3324.22,939907.0,139070603264.0
2024-08-27,3315.69,3320.57,3299.56,3305.33,958081.0,129755963392.0
2024-08-28,3298.91,3305.35,3274.59,3286.5,926966.0,135982309376.0
2024-08-29,3273.54,3290.79,3269.53,3277.68,1307023.0,174340112384.0
2024-08-30,3273.75,3351.63,3273.65,3321.43,1886954.0,268376047616.0
2024-09-02,3307.54,3307.76,3264.76,3265.01,1476123.0,194410004480.0
2024-09-03,3261.74,3281.59,3261.19,3273.43,1228973.0,155089485824.0
2024-09-04,3253.9,3272.99,3249.98,3252.16,1048324.0,140070060032.0
2024-09-05,3252.96,3266.88,3247.17,3257.76,971094.0,134618202112.0
2024-09-06,3261.15,3274.81,3231.07,3231.35,884004.0,121541541888.0
2024-09-09,3214.8,3222.93,3180.93,3192.95,1086730.0,146516049920.0
2024-09-10,3193.46,3205.1,3171.79,3195.76,972900.0,133610479616.0
2024-09-11,3187.05,3197.34,3174.03,3186.13,1024821.0,141513834496.0
2024-09-12,3189.43,3201.55,3171.88,3172.47,928686.0,136387248128.0
2024-09-13,3174.03,3188.91,3159.25,3159.25,883366.0,137448914944.0
2024-09-18,3158.82,3179.9,3145.79,3171.01,847228.0,123452145664.0
2024-09-19,3178.4,3213.84,3149.79,3196.04,1254392.0,181785116672.0
2024-09-20,3192.43,3207.99,3173.22,3201.05,1180641.0,163985047552.0
2024-09-23,3200.87,3230.16,3198.02,3212.76,953448.0,143876161536.0
2024-09-24,3244.65,3351.97,3222.49,3351.91,2040722.0,307879542784.0
2024-09-25,3403.7,3465.49,3393.44,3401.53,2415642.0,356862590976.0
2024-09-26,3399.32,3545.32,3391.68,3545.32,2431340.0,373983641600.0
2024-09-27,3617.92,3708.5,3596.58,3703.68,2654877.0,466692767744.0
2024-09-30,3846.65,4038.7,3796.5,4017.85,5102177.0,862528798720.0
2024-10-08,4450.37,4450.37,4094.35,4256.1,5898679.0,1130387472384.0
2024-10-09,4168.84,4197.6,3942.51,3955.98,4822693.0,1029032050688.0
2024-10-10,3979.61,4098.5,3912.77,3997.79,3950531.0,717952188416.0
2024-10-11,3969.76,3978.24,3847.12,3887.17,2740965.0,484998283264.0
2024-10-14,3915.22,3979.54,3868.78,3961.34,3075790.0,534076588032.0
2024-10-15,3942.53,3967.87,3855.99,3855.99,2424864.0,434410913792.0
2024-10-16,3806.14,3877.75,3805.09,3831.59,2188664.0,377301336064.0
2024-10-17,3853.84,3882.07,3787.75,3788.22,2123138.0,369170513920.0
2024-10-18,3780.31,3998.21,3765.16,3925.23,3129588.0,620673695744.0
2024-10-21,3946.9,3979.26,3896.17,3935.2,2911856.0,600109613056.0
2024-10-22,3923.74,3965.91,3917.52,3957.78,2234334.0,442881835008.0
2024-10-23,3955.32,4012.18,3939.1,3973.21,2458739.0,469120811008.0
2024-10-24,3950.9,3957.98,3914.09,3928.83,1747240.0,340486881280.0
2024-10-25,3931.32,3992.89,3921.94,3956.42,2106948.0,412231368704.0
2024-10-28,3953.11,3964.16,3917.2,3964.16,2161604.0,390450184192.0
2024-10-29,3970.01,3991.31,3921.58,3924.65,2172939.0,429625016320.0
2024-10-30,3904.16,3926.06,3864.31,3889.45,2194366.0,385010597888.0
2024-10-31,3888.42,3923.9,3859.11,3891.04,3006367.0,515533832192.0
2024-11-01,3882.46,3933.22,3879.96,3890.02,3079865.0,476472967168.0
2024-11-04,3897.71,3944.76,3891.21,3944.76,2292390.0,381048619008.0
2024-11-05,3937.62,4046.7,3925.41,4044.57,3168627.0,580971855872.0
2024-11-06,4051.29,4091.7,4002.5,4024.28,3358079.0,639124111360.0
2024-11-07,3987.27,4146.15,3984.67,4145.7,3414364.0,658145935360.0
2024-11-08,4192.08,4200.91,4094.16,4104.05,3323504.0,688446570496.0
2024-11-11,4066.93,4132.51,4048.04,4131.13,2895942.0,625605935104.0
2024-11-12,4133.35,4181.71,4060.79,4085.74,2977780.0,660380516352.0
2024-11-13,4059.59,4121.07,4059.59,4110.89,2404841.0,512734298112.0
2024-11-14,4101.22,4118.17,4034.94,4039.62,2301527.0,464157573120.0
2024-11-15,4025.65,4049.07,3968.83,3968.83,2473994.0,474079690752.0
2024-11-18,3982.1,4034.06,3931.19,3950.38,3067779.0,472408064000.0
2024-11-19,3954.6,3979.15,3896.75,3976.89,2429464.0,402610978816.0
2024-11-20,3966.12,4001.08,3958.34,3985.77,1845993.0,347577679872.0
2024-11-21,3979.46,3999.57,3966.07,3989.3,1661259.0,324235001856.0
2024-11-22,3984.24,3990.26,3865.7,3865.7,2162858.0,397566836736.0
2024-11-25,3875.61,3889.71,3812.32,3848.09,1907029.0,349006757888.0
2024-11-26,3836.26,3875.23,3833.28,3840.18,1498924.0,264403255296.0
2024-11-27,3829.34,3907.16,3817.91,3907.04,1741361.0,320632356864.0
2024-11-28,3904.25,3908.39,3866.01,3872.55,1501173.0,286432886784.0
2024-11-29,3869.89,3962.7,3869.89,3916.58,1876567.0,375262019584.0
2024-12-02,3909.7,3955.13,3902.17,3947.63,1972897.0,368591241216.0
2024-12-03,3946.7,3963.95,3922.84,3951.89,1824968.0,327295041536.0
2024-12-04,3948.13,3957.37,3917.75,3930.56,1746263.0,312040423424.0
2024-12-05,3916.56,3936.34,3910.08,3921.59,1385340.0,257716305920.0
2024-12-06,3923.9,3995.12,3923.9,3973.14,1920579.0,351751733248.0
2024-12-09,3970.66,3995.51,3948.42,3966.57,1759599.0,308227211264.0
2024-12-10,4094.05,4098.38,3988.97,3995.64,2534638.0,487278051328.0
2024-12-11,3988.02,4005.33,3977.35,3988.83,1772528.0,310713319424.0
2024-12-12,3987.15,4031.74,3981.35,4028.5,1816217.0,333667532800.0
2024-12-13,4000.99,4000.99,3931.74,3933.18,2303530.0,421478596608.0
2024-12-16,3930.78,3938.76,3901.65,3911.84,1785112.0,327619084288.0
2024-12-17,3908.13,3955.95,3908.13,3922.03,1609390.0,306037358592.0
2024-12-18,3934.54,3956.14,3933.97,3941.89,1577383.0,276825374720.0
2024-12-19,3911.89,3954.35,3899.75,3945.46,1610810.0,321771601920.0
2024-12-20,3937.47,3958.63,3923.26,3927.74,1549865.0,332143263744.0
2024-12-23,3928.15,3965.85,3928.15,3933.57,1900673.0,354063417344.0
2024-12-24,3934.94,3985.86,3934.73,3983.69,1614945.0,310384885760.0
2024-12-25,3987.96,4007.76,3969.48,3985.63,1593907.0,299295145984.0
2024-12-26,3981.73,3991.53,3965.55,3987.48,1434252.0,305769938944.0
2024-12-27,3987.02,4007.13,3970.94,3981.03,1692686.0,345011060736.0
2024-12-30,3976.7,4005.78,3976.7,3999.05,1646124.0,322699395072.0
2024-12-31,3995.87,4004.35,3934.91,3934.91,1839284.0,347880423424.0
2025-01-02,3931.82,3934.2,3796.34,3820.4,2178987.0,388636573696.0
2025-01-03,3825.24,3835.94,3767.67,3775.16,1753426.0,304322740224.0
2025-01-06,3775.99,3788.85,3743.07,3768.97,1509466.0,262803537920.0
2025-01-07,3760.87,3797.6,3749.06,3796.11,1464557.0,266855792640.0
2025-01-08,3781.26,3810.74,3731.19,3789.22,1691669.0,300965724160.0
2025-01-09,3780.73,3795.26,3768.68,3779.88,1297940.0,251485995008.0
2025-01-10,3778.89,3786.81,3732.48,3732.48,1375231.0,275354222592.0
2025-01-13,3704.44,3737.89,3704.11,3722.51,1364461.0,247861952512.0
2025-01-14,3728.56,3826.64,3718.88,3820.54,1706646.0,345461489664.0
2025-01-15,3810.04,3816.83,3790.17,3796.03,1414755.0,278850600960.0
2025-01-16,3812.19,3842.95,3776.29,3800.38,1445058.0,305734615040.0
2025-01-17,3788.37,3831.64,3780.21,3812.34,1266219.0,265437495296.0
2025-01-20,3835.3,3858.67,3821.98,3829.68,1395812.0,292175446016.0
2025-01-21,3850.36,3850.91,3817.12,3832.61,1412184.0,285073342464.0
2025-01-22,3823.94,3823.94,3783.14,3797.02,1372550.0,298745626624.0
2025-01-23,3829.05,3864.26,3801.85,3803.74,1805695.0,345198067712.0
2025-01-24,3793.85,3847.6,3793.48,3832.86,1489717.0,296474378240.0
2025-01-27,3836.96,3852.0,3817.08,3817.08,1466707.0,282940112896.0
2025-02-05,3844.7,3844.7,3785.16,3795.08,1571683.0,346016186368.0
2025-02-06,3789.61,3843.49,3788.32,3842.83,1672881.0,371891961856.0
2025-02-07,3844.06,3919.35,3833.87,3892.7,2218577.0,487381565440.0
2025-02-10,3898.1,3906.37,3878.83,3901.06,1889030.0,384968327168.0
2025-02-11,3905.16,3905.16,3872.91,3883.14,1665749.0,337866063872.0
2025-02-12,3875.96,3920.72,3867.35,3919.86,1642285.0,354830581760.0
2025-02-13,3913.9,3939.2,3904.98,3905.14,1724858.0,376473452544.0
2025-02-14,3900.83,3942.04,3900.83,3939.01,1729764.0,360974221312.0
2025-02-17,3954.41,3955.9,3921.7,3947.4,2135882.0,430929575936.0
2025-02-18,3942.58,3965.42,3901.87,3912.78,2094251.0,400186245120.0
2025-02-19,3906.22,3943.67,3904.15,3940.16,1828295.0,363680366592.0
2025-02-20,3934.65,3940.68,3916.18,3928.9,1638952.0,325972426752.0
2025-02-21,3938.05,3981.05,3927.79,3978.44,2274003.0,504645484544.0
2025-02-24,3972.48,3995.95,3949.23,3969.72,2208106.0,455088734208.0
2025-02-25,3933.64,3955.43,3915.65,3925.65,1781085.0,377981435904.0
2025-02-26,3931.84,3960.33,3925.37,3959.94,1910625.0,386458189824.0
2025-02-27,3961.06,3973.93,3933.46,3968.12,2028879.0,428272779264.0
2025-02-28,3950.19,3972.48,3886.4,3890.05,1981041.0,420308058112.0
2025-03-03,3899.7,3930.0,3872.59,3888.47,1776231.0,356057743360.0
2025-03-04,3865.99,3890.42,3855.73,3885.22,1498509.0,297739255808.0
2025-03-05,3887.8,3906.42,3877.02,3902.57,1586527.0,290860498944.0
2025-03-06,3923.38,3964.49,3917.08,3956.24,1939609.0,397419413504.0
2025-03-07,3944.91,3967.07,3935.05,3944.01,1667323.0,340626702336.0
2025-03-10,3945.58,3949.14,3905.13,3928.8,1527652.0,292574986240.0
2025-03-11,3890.43,3941.42,3889.43,3941.42,1447544.0,287480446976.0
2025-03-12,3946.86,3953.61,3921.47,3927.23,1567321.0,309627256832.0
2025-03-13,3925.74,3939.29,3897.38,3911.58,1565364.0,295173128192.0
2025-03-14,3919.62,4014.16,3919.62,4006.56,2161390.0,450895282176.0
2025-03-17,4020.64,4021.73,3992.26,3996.79,1622029.0,318904401920.0
2025-03-18,4011.78,4016.87,3995.96,4007.72,1402085.0,292739317760.0
2025-03-19,4004.83,4025.3,3989.51,4010.17,1444194.0,286075289600.0
2025-03-20,4011.06,4012.04,3969.93,3974.99,1337546.0,260020682752.0
2025-03-21,3966.51,3983.15,3904.77,3914.7,1659053.0,309348597760.0
2025-03-24,3916.11,3938.18,3907.2,3934.85,1522346.0,266051436544.0
2025-03-25,3937.9,3946.36,3921.53,3932.3,1404753.0,239246311424.0
2025-03-26,3930.21,3942.03,3916.86,3919.36,1311641.0,220943171584.0
2025-03-27,3911.38,3952.99,3903.65,3932.41,1267937.0,232173617152.0
2025-03-28,3930.78,3934.23,3907.38,3915.17,1263562.0,213379186688.0
2025-03-31,3905.98,3928.45,3872.4,3887.31,1667985.0,268480315392.0
2025-04-01,3892.78,3905.26,3882.4,3887.68,1403802.0,246041673728.0
2025-04-02,3884.42,3900.49,3877.16,3884.39,1130431.0,198267518976.0
2025-04-03,3843.42,3883.7,3843.42,3861.5,1425997.0,263684685824.0
2025-04-07,3675.2,3707.78,3514.12,3589.44,3125786.0,512971800576.0
2025-04-08,3597.99,3650.76,3583.87,3650.76,2801973.0,464021094400.0
2025-04-09,3606.1,3686.79,3587.34,3686.79,2623057.0,455031062528.0
2025-04-10,3749.13,3756.14,3708.82,3735.12,2272522.0,403842564096.0
2025-04-11,3730.31,3762.37,3708.46,3750.52,1687597.0,318535139328.0
2025-04-14,3772.04,3776.63,3754.03,3759.14,1644624.0,292571283456.0
2025-04-15,3756.48,3764.49,3737.85,3761.23,1340060.0,228604624896.0
2025-04-16,3757.88,3775.17,3721.6,3772.82,1563590.0,261711101952.0
2025-04-17,3755.09,3779.13,3749.5,3772.22,1223710.0,209012326400.0
2025-04-18,3760.04,3782.04,3754.41,3772.52,1029485.0,173109379072.0
2025-04-21,3768.14,3790.18,3763.14,3784.88,1213557.0,208085680128.0
2025-04-22,3780.11,3799.23,3778.08,3783.95,1256882.0,210200690688.0
2025-04-23,3803.43,3807.95,3780.52,3786.88,1319868.0,247117381632.0
2025-04-24,3787.46,3807.26,3775.21,3784.36,1171645.0,205483048960.0
2025-04-25,3792.08,3801.58,3780.78,3786.99,1245911.0,220535046144.0
2025-04-28,3786.39,3792.01,3772.8,3781.62,1251450.0,210635325440.0
2025-04-29,3776.0,3785.32,3768.03,3775.08,1115147.0,197462736896.0
2025-04-30,3775.83,3787.56,3768.76,3770.57,1436816.0,244820459520.0
2025-05-06,3794.38,3809.09,3782.78,3808.54,1585204.0,267937087488.0
2025-05-07,3861.58,3863.68,3814.99,3831.63,1611723.0,286010736640.0
2025-05-08,3820.55,3867.33,3816.26,3852.9,1249598.0,246987276288.0
2025-05-09,3848.62,3853.66,3836.53,3846.16,1193895.0,216697946112.0
2025-05-12,3866.53,3890.73,3859.03,3890.61,1533324.0,296122941440.0
2025-05-13,3915.59,3915.59,3890.69,3896.26,1473203.0,267586404352.0
2025-05-14,3894.84,3960.52,3890.65,3943.21,1720337.0,319465226240.0
2025-05-15,3934.03,3936.47,3904.91,3907.2,1380817.0,241464950784.0
2025-05-16,3898.67,3903.85,3874.86,3889.09,1184053.0,208835657728.0
2025-05-19,3882.57,3885.59,3866.57,3877.15,986434.0,184888164352.0
2025-05-20,3883.1,3911.47,3881.74,3898.17,1048852.0,201636708352.0
2025-05-21,3899.44,3928.63,3899.44,3916.38,1097913.0,217037733888.0
2025-05-22,3912.6,3923.02,3903.09,3913.87,1075970.0,197511413760.0
2025-05-23,3910.37,3931.55,3882.27,3882.27,1202774.0,232945385472.0
2025-05-26,3875.79,3884.54,3849.04,3860.11,1096012.0,208876797952.0
2025-05-27,3857.63,3865.43,3834.85,3839.4,985724.0,178466766848.0
2025-05-28,3843.07,3849.74,3833.96,3836.24,890310.0,162496364544.0
2025-05-29,3838.01,3869.79,3831.46,3858.7,1084718.0,209459609600.0
2025-05-30,3850.49,3858.61,3829.25,3840.23,1116722.0,199389757440.0
2025-06-03,3833.46,3863.3,3832.72,3852.01,1314030.0,226782773248.0
2025-06-04,3855.49,3875.86,3855.49,3868.74,1168038.0,211736182784.0
2025-06-05,3872.64,3883.13,3861.27,3877.56,1228781.0,231749271552.0
2025-06-06,3878.1,3889.46,3869.39,3873.98,1109879.0,202034741248.0
2025-06-09,3877.8,3894.65,3871.99,3885.25,1363062.0,262023675904.0
2025-06-10,3887.55,3897.46,3850.47,3865.47,1455638.0,263647559680.0
2025-06-11,3870.67,3911.61,3870.67,3894.63,1424147.0,257217708032.0
2025-06-12,3885.52,3900.04,3870.38,3892.2,1339987.0,260239589376.0
2025-06-13,3881.49,3889.16,3853.82,3864.18,1725395.0,309172338688.0
2025-06-16,3853.62,3876.17,3853.62,3873.8,1373418.0,246860988416.0
2025-06-17,3875.18,3880.42,3860.41,3870.38,1223425.0,220399812608.0
2025-06-18,3871.65,3881.35,3854.66,3874.97,1275286.0,230553862144.0
2025-06-19,3870.05,3872.94,3834.95,3843.09,1302806.0,234840178688.0
2025-06-20,3839.78,3856.48,3839.78,3846.64,1181510.0,213522825216.0
2025-06-23,3831.17,3867.59,3827.08,3857.9,1338009.0,232482209792.0
2025-06-24,3862.39,3914.16,3862.39,3904.03,1636561.0,294228721664.0
2025-06-25,3907.07,3963.04,3902.18,3960.07,1872136.0,361727262720.0
2025-06-26,3953.16,3964.48,3945.26,3946.02,1653162.0,328102838272.0
2025-06-27,3949.79,3969.26,3918.2,3921.76,1945579.0,343468244992.0
2025-06-30,3920.31,3940.36,3911.6,3936.08,1451702.0,288821444608.0
2025-07-01,3935.91,3946.25,3924.72,3942.76,1289593.0,236070338560.0
2025-07-02,3943.32,3952.14,3929.7,3943.68,1470630.0,246637854720.0
2025-07-03,3949.4,3971.62,3945.14,3968.07,1410040.0,269609566208.0
2025-07-04,3967.46,4013.85,3958.38,3982.2,1571971.0,290512994304.0
2025-07-07,3977.29,3979.75,3956.57,3965.17,1311352.0,225106984960.0
2025-07-08,3965.43,4002.27,3965.43,3998.45,1564029.0,292089823232.0
2025-07-09,3997.5,4016.74,3987.43,3991.4,1732937.0,305398808576.0
2025-07-10,3993.42,4032.98,3992.52,4010.02,2097789.0,347836710912.0
2025-07-11,4011.47,4065.94,4010.11,4014.81,2620527.0,443780792320.0
2025-07-14,4021.21,4034.92,4017.67,4017.67,2079171.0,321415938048.0
2025-07-15,4023.99,4042.66,3994.26,4019.06,1910429.0,353524580352.0
2025-07-16,4019.39,4027.86,3993.92,4007.2,1510273.0,300656787456.0
2025-07-17,4005.07,4034.59,4005.07,4034.49,1612490.0,325516853248.0
2025-07-18,4039.87,4064.64,4039.32,4058.55,1862110.0,354244460544.0
2025-07-21,4069.77,4086.12,4063.44,4085.61,2232684.0,377938575360.0
2025-07-22,4087.34,4119.2,4068.34,4118.96,2575970.0,450874015744.0
2025-07-23,4129.15,4155.68,4113.91,4119.77,3005061.0,470330900480.0
2025-07-24,4116.83,4152.43,4111.88,4149.04,3196323.0,487000047616.0
2025-07-25,4145.32,4150.5,4117.8,4127.16,2735949.0,430445527040.0
2025-07-28,4128.2,4146.12,4112.97,4135.82,2227598.0,406792863744.0
2025-07-29,4132.68,4153.33,4117.58,4152.02,2308078.0,428764299264.0
2025-07-30,4148.94,4185.21,4127.43,4151.24,2498530.0,445168451584.0
2025-07-31,4141.56,4141.82,4063.67,4075.59,2670874.0,492142559232.0
2025-08-01,4069.93,4085.35,4040.46,4054.93,1962218.0,359685160960.0
2025-08-04,4037.94,4070.7,4037.94,4070.7,1622759.0,295976828928.0
2025-08-05,4080.39,4106.3,4075.58,4103.45,1788520.0,306934251520.0
2025-08-06,4100.43,4116.71,4098.35,4113.49,1766761.0,307674611712.0
2025-08-07,4120.28,4129.74,4094.82,4114.67,1986419.0,358108364800.0
2025-08-08,4109.27,4122.21,4097.42,4104.97,1731712.0,308507672576.0
2025-08-11,4110.29,4134.25,4103.61,4122.51,1904437.0,360685830144.0
2025-08-12,4123.58,4153.29,4121.22,4143.83,1772878.0,383088427008.0
2025-08-13,4150.5,4186.75,4147.2,4176.58,2139350.0,462776729600.0
2025-08-14,4179.97,4220.31,4165.94,4173.31,2211036.0,485075648512.0
2025-08-15,4162.42,4214.73,4157.5,4202.35,2613275.0,518686867456.0
2025-08-18,4218.25,4272.96,4203.42,4239.41,3014791.0,635365883904.0
2025-08-19,4241.77,4264.23,4215.21,4223.37,2508187.0,553536192512.0
2025-08-20,4208.4,4272.15,4190.56,4271.4,2464817.0,538815299584.0
2025-08-21,4284.37,4308.45,4273.65,4288.07,2590300.0,558521253888.0
2025-08-22,4287.36,4378.39,4287.36,4378.0,2904349.0,675935092736.0
2025-08-25,4416.29,4472.65,4404.78,4469.22,3580900.0,823681941504.0
2025-08-26,4453.35,4476.8,4435.53,4452.59,2706214.0,627950419968.0
2025-08-27,4458.84,4494.91,4386.13,4386.13,3331339.0,785098473472.0
2025-08-28,4378.04,4464.8,4364.17,4463.78,2968345.0,739423617024.0
2025-08-29,4455.8,4516.84,4452.36,4496.76,3519389.0,831194071040.0
2025-09-01,4516.88,4528.13,4487.53,4523.71,3203667.0,770378301440.0
2025-09-02,4521.98,4548.89,4454.42,4490.45,3039325.0,777999286272.0
2025-09-03,4501.34,4510.73,4427.52,4459.83,2543202.0,655697117184.0
2025-09-04,4461.25,4465.5,4327.51,4365.21,3079346.0,773124587520.0
2025-09-05,4365.61,4466.56,4350.3,4460.32,2496256.0,664166989824.0
2025-09-08,4467.17,4482.76,4438.07,4467.57,2676383.0,683630854144.0
2025-09-09,4448.74,4472.09,4412.69,4436.26,2213754.0,562861113344.0
2025-09-10,4438.3,4466.63,4414.59,4445.36,2035976.0,535539351552.0
2025-09-11,4438.84,4548.03,4427.92,4548.03,2532640.0,693156642816.0
2025-09-12,4544.59,4564.67,4517.79,4522.0,2664420.0,689576083456.0
2025-09-15,4534.89,4566.91,4522.5,4533.06,2318856.0,613314658304.0
2025-09-16,4539.92,4552.42,4494.79,4523.34,2492692.0,613728321536.0
2025-09-17,4517.29,4556.03,4503.8,4551.02,2357164.0,608454180864.0
2025-09-18,4546.03,4573.83,4454.99,4498.11,3098598.0,839987101696.0
2025-09-19,4499.09,4533.09,4491.84,4501.92,2250440.0,603887042560.0
2025-09-22,4512.03,4523.87,4487.13,4522.61,1964599.0,563149144064.0
2025-09-23,4536.76,4560.73,4459.73,4519.78,2528270.0,680513634304.0
2025-09-24,4495.27,4567.49,4494.11,4566.07,2204826.0,629161525248.0
2025-09-25,4563.98,4613.95,4558.84,4593.49,2298233.0,669866983424.0
2025-09-26,4576.91,4597.85,4550.05,4550.05,2084821.0,598723919872.0
2025-09-29,4555.03,4647.57,4541.43,4620.05,2743588.0,693395259392.0
2025-09-30,4629.9,4647.5,4616.22,4640.69,2479803.0,664624103424.0
2025-10-09,4662.11,4726.34,4651.99,4709.48,3476787.0,862208000000.0
2025-10-10,4679.5,4692.59,4600.96,4616.83,3190209.0,792743051264.0
2025-10-13,4490.87,4601.81,4490.87,4593.98,3150103.0,714001612800.0
2025-10-14,4634.05,4641.45,4520.93,4539.06,3729540.0,808959016960.0
2025-10-15,4544.24,4608.82,4526.83,4606.29,2847718.0,607326371840.0
2025-10-16,4588.92,4645.1,4586.28,4618.42,2482355.0,560567222272.0
2025-10-17,4610.7,4618.56,4509.33,4514.23,2569056.0,559085977600.0
2025-10-20,4558.24,4570.44,4520.5,4538.22,2184204.0,505798819840.0
2025-10-21,4556.12,4615.46,4547.93,4607.87,2157111.0,551390281728.0
2025-10-22,4576.03,4603.49,4567.24,4592.57,1853339.0,440935317504.0
2025-10-23,4578.7,4611.34,4541.69,4606.34,2004639.0,420800200704.0
2025-10-24,4622.79,4660.68,4622.79,4660.68,2088144.0,551986659328.0
2025-10-27,4699.38,4720.43,4687.69,4716.02,2622006.0,672670351360.0
2025-10-28,4697.73,4734.32,4679.23,4691.97,2209066.0,571563245568.0
2025-10-29,4701.04,4747.84,4697.27,4747.84,2462113.0,645898698752.0
2025-10-30,4735.98,4761.83,4706.45,4709.91,2732891.0,719956279296.0
2025-10-31,4702.49,4706.14,4640.67,4640.67,2814647.0,680712273920.0
2025-11-03,4636.73,4653.4,4595.73,4653.4,2398698.0,557602963456.0
2025-11-04,4649.35,4665.32,4595.07,4618.7,2332240.0,505177702400.0
2025-11-05,4562.11,4642.61,4558.76,4627.26,2030458.0,468361150464.0
2025-11-06,4642.01,4698.09,4642.01,4693.4,2242410.0,553641771008.0
2025-11-07,4673.76,4701.37,4666.04,4678.79,2124973.0,507573862400.0
2025-11-10,4688.12,4695.18,4654.21,4695.05,2360267.0,593977147392.0
2025-11-11,4706.34,4707.13,4648.49,4652.17,1866388.0,477629087744.0
2025-11-12,4643.56,4669.61,4620.99,4645.91,2094605.0,492308856832.0
2025-11-13,4643.79,4703.49,4643.79,4702.07,2073674.0,510060691456.0
2025-11-14,4663.32,4684.26,4628.02,4628.14,1920926.0,444720447488.0
2025-11-17,4616.81,4624.9,4580.26,4598.05,1889554.0,438940106752.0
2025-11-18,4584.79,4606.62,4552.8,4568.19,1777131.0,420150116352.0
2025-11-19,4568.04,4607.86,4568.04,4588.29,1729249.0,385230471168.0
2025-11-20,4619.54,4620.65,4560.18,4564.95,1945625.0,415064817664.0
2025-11-21,4513.39,4527.04,4453.18,4453.61,2228510.0,481295826944.0
2025-11-24,4473.16,4478.81,4421.81,4448.05,1858337.0,425807478784.0
2025-11-25,4475.84,4510.77,4467.35,4490.4,1695719.0,411523809280.0
2025-11-26,4490.2,4538.14,4485.7,4517.63,1562003.0,427361370112.0
2025-11-27,4520.01,4559.22,4509.86,4515.4,1503117.0,417789837312.0
2025-11-28,4511.5,4531.72,4492.43,4526.66,1429021.0,341832302592.0
2025-12-01,4539.19,4576.97,4531.29,4576.49,2003823.0,463861579776.0
2025-12-02,4571.91,4575.49,4539.43,4554.33,1484931.0,364366430208.0
2025-12-03,4554.59,4569.82,4523.5,4531.05,1697627.0,374486171648.0
2025-12-04,4533.6,4557.42,4514.19,4546.57,1471981.0,348767387648.0
2025-12-05,4547.91,4593.83,4535.02,4584.54,1967999.0,412146794496.0
2025-12-08,4593.14,4640.63,4592.74,4621.75,1996209.0,496716185600.0
2025-12-09,4611.38,4628.7,4584.25,4598.22,1841603.0,452113891328.0
2025-12-10,4586.25,4598.54,4549.08,4591.83,1691111.0,401452793856.0
2025-12-11,4597.19,4610.28,4547.14,4552.18,1684194.0,432431104000.0
2025-12-12,4558.74,4583.68,4530.78,4580.95,2128265.0,523863228416.0
2025-12-15,4550.0,4595.05,4548.44,4552.06,1675899.0,424383381504.0
2025-12-16,4542.42,4553.08,4484.27,4497.55,1651652.0,390500122624.0
2025-12-17,4499.77,4594.66,4498.93,4579.88,1784248.0,452504748032.0
2025-12-18,4553.98,4571.97,4544.14,4552.79,1516813.0,382102405120.0
2025-12-19,4561.37,4591.09,4546.85,4568.18,1548762.0,371577159680.0
2025-12-22,4587.67,4615.87,4587.67,4611.62,1652528.0,448240615424.0
2025-12-23,4616.03,4644.53,4607.8,4620.73,1692564.0,433141317632.0
2025-12-24,4623.68,4639.43,4602.14,4634.06,1537112.0,406375628800.0
2025-12-25,4629.32,4651.15,4621.92,4642.54,1394341.0,385356070912.0
2025-12-26,4639.79,4676.13,4635.11,4657.24,1753965.0,460426936320.0
2025-12-29,4658.27,4672.04,4629.06,4639.37,2003971.0,482613526528.0
2025-12-30,4617.32,4664.33,4616.63,4651.28,1803749.0,457185492992.0
2025-12-31,4656.48,4667.05,4622.1,4629.94,1707602.0,444491530240.0
2026-01-05,4661.62,4721.64,4661.62,4717.75,2341448.0,630577364992.0
2026-01-06,4719.21,4790.69,4718.01,4790.69,2969707.0,725414576128.0
2026-01-07,4796.93,4802.6,4751.07,4776.67,2590955.0,664897912832.0
2026-01-08,4761.01,4765.49,4717.01,4737.65,2388049.0,630655614976.0
2026-01-09,4725.96,4771.43,4719.13,4758.92,2546880.0,668788785152.0
2026-01-12,4769.65,4795.93,4737.57,4789.92,2948331.0,799954108416.0
2026-01-13,4798.05,4836.95,4745.52,4761.03,3014495.0,801054982144.0
2026-01-14,4767.7,4818.1,4720.25,4741.93,3649510.0,891334230016.0
2026-01-15,4721.8,4769.55,4720.94,4751.43,2540036.0,674058665984.0
2026-01-16,4778.43,4792.55,4715.36,4731.87,3252789.0,785624137728.0
2026-01-19,4720.19,4761.63,4715.09,4734.46,2676125.0,655149236224.0
2026-01-20,4736.91,4748.23,4684.97,4718.88,2827195.0,671960662016.0
2026-01-21,4714.55,4758.28,4714.24,4723.07,2663533.0,665330515968.0
2026-01-22,4741.75,4757.76,4700.45,4723.71,2741999.0,690235244544.0
2026-01-23,4729.59,4734.79,4684.62,4702.5,3146354.0,755617759232.0
2026-01-26,4715.38,4754.18,4693.16,4706.96,3630044.0,796832956416.0
2026-01-27,4705.17,4736.99,4675.64,4705.69,3014757.0,715267899392.0
2026-01-28,4725.6,4739.63,4697.91,4717.99,3822556.0,829414047744.0
2026-01-29,4733.09,4770.96,4696.05,4753.87,4155130.0,917966159872.0
2026-01-30,4723.08,4738.87,4645.47,4706.34,3197865.0,750564868096.0
2026-02-02,4674.28,4716.61,4601.76,4605.98,3047735.0,725920382976.0
2026-02-03,4648.36,4662.13,4578.21,4660.11,2655494.0,666626818048.0
2026-02-04,4647.97,4701.48,4641.84,4698.68,2648810.0,636018622464.0
2026-02-05,4664.75,4687.02,4639.43,4670.42,2378563.0,550433193984.0
2026-02-06,4622.97,4678.26,4606.64,4643.6,2027164.0,505759793152.0
2026-02-09,4693.67,4719.96,4679.9,4719.06,2072519.0,522757275648.0
2026-02-10,4718.26,4732.09,4713.87,4724.3,1870009.0,450339569664.0
2026-02-11,4715.67,4723.7,4703.69,4713.82,1733916.0,433428627456.0
2026-02-12,4720.01,4726.04,4707.74,4719.58,1978414.0,490473848832.0
2026-02-13,4693.41,4703.63,4658.4,4660.41,1891677.0,452878598144.0
2026-02-24,4727.3,4727.37,4698.35,4707.54,2184889.0,526084243456.0
2026-02-25,4713.58,4766.56,4713.34,4735.89,2842683.0,596903854080.0
2026-02-26,4741.39,4742.15,4706.69,4726.87,2348476.0,599848910848.0
2026-02-27,4698.3,4721.01,4692.89,4710.65,2614208.0,578820964352.0
2026-03-02,4681.01,4735.41,4667.28,4728.67,3492607.0,752681943040.0
2026-03-03,4737.32,4744.6,4651.4,4655.9,3706242.0,801659224064.0
2026-03-04,4609.19,4639.42,4575.82,4602.62,3030356.0,608923156480.0
2026-03-05,4651.94,4671.53,4630.3,4647.69,2593178.0,570443759616.0
2026-03-06,4621.49,4671.71,4612.79,4660.44,2385279.0,487807090688.0
2026-03-09,4600.25,4625.98,4548.97,4615.46,3227876.0,665821511680.0
2026-03-10,4648.79,4677.6,4648.79,4674.76,2639037.0,557607878656.0
2026-03-11,4681.03,4711.87,4674.71,4704.5,2701754.0,579564404736.0
2026-03-12,4700.72,4704.38,4654.31,4687.56,3029868.0,572105490432.0
2026-03-13,4669.06,4707.42,4659.5,4669.14,3107720.0,580305616896.0
2026-03-16,4669.22,4673.69,4621.81,4671.56,2962150.0,598799089664.0
2026-03-17,4685.57,4720.86,4637.37,4637.44,2630219.0,578501476352.0
2026-03-18,4648.75,4662.29,4604.52,4658.33,2346907.0,524173901824.0
2026-03-19,4611.44,4634.55,4570.39,4583.25,2541304.0,547850289152.0
2026-03-20,4602.82,4628.71,4563.07,4567.02,2578737.0,615463059456.0
2026-03-23,4499.1,4514.72,4397.57,4418.0,3280819.0,671719751680.0
2026-03-24,4458.91,4474.83,4394.29,4474.72,2555325.0,530149376000.0
2026-03-25,4506.62,4542.18,4502.03,4537.47,2626392.0,550428147712.0
2026-03-26,4525.33,4541.05,4468.96,4477.53,2137367.0,471127490560.0
2026-03-27,4431.5,4519.89,4431.42,4502.57,1924003.0,440517558272.0
2026-03-30,4461.74,4496.41,4447.14,4491.95,2092930.0,444629516288.0
2026-03-31,4491.92,4523.17,4450.05,4450.05,2245415.0,484558110720.0
2026-04-01,4517.27,4532.11,4492.05,4526.07,2164832.0,503744069632.0
2026-04-02,4514.44,4519.69,4459.61,4478.91,1909921.0,429949124608.0
2026-04-03,4492.85,4494.46,4437.6,4440.79,1683217.0,373234925568.0
2026-04-07,4445.86,4458.93,4420.69,4440.62,1626387.0,378261700608.0
2026-04-08,4517.34,4595.56,4513.77,4595.56,2533392.0,641779171328.0
2026-04-09,4562.67,4579.2,4552.42,4566.22,1849397.0,500445675520.0
2026-04-10,4594.95,4655.1,4590.11,4636.57,2086786.0,625718001664.0
2026-04-13,4615.13,4653.4,4615.13,4646.15,1967122.0,556620972032.0
2026-04-14,4676.12,4701.28,4654.85,4701.28,2047003.0,605717790720.0
2026-04-15,4726.64,4731.27,4672.56,4685.25,2016885.0,604550529024.0
2026-04-16,4694.43,4739.22,4689.41,4736.61,1920576.0,567611293696.0
2026-04-17,4729.0,4738.32,4714.47,4728.67,1829153.0,587622711296.0
2026-04-20,4727.17,4763.04,4720.69,4757.44,2216335.0,626568396800.0
2026-04-21,4750.51,4776.83,4722.01,4768.0,2056140.0,580407984128.0
2026-04-22,4751.28,4801.45,4750.35,4799.63,2044818.0,619505647616.0
2026-04-23,4816.03,4823.47,4759.86,4786.33,2328657.0,693853749248.0
2026-04-24,4771.73,4786.44,4735.61,4769.37,1937983.0,680097808384.0
2026-04-27,4776.34,4795.17,4762.64,4770.95,1927965.0,648904835072.0
2026-04-28,4757.08,4778.19,4743.44,4758.21,2167242.0,631521673216.0
2026-04-29,4737.58,4813.61,4737.11,4810.35,2332981.0,681020489728.0
2026-04-30,4820.97,4829.27,4797.54,4807.31,2506333.0,726665396224.0
2026-05-06,4857.65,4892.8,4834.28,4877.09,2744438.0,881744281600.0
2026-05-07,4895.8,4901.86,4866.87,4900.51,2578339.0,787236192256.0
2026-05-08,4871.12,4887.21,4849.99,4871.91,2517210.0,716546113536.0
2026-05-11,4902.28,4960.4,4889.57,4951.84,3057348.0,904479309824.0
2026-05-12,4965.02,4971.3,4926.79,4948.05,2738120.0,819351453696.0
2026-05-13,4919.42,5001.12,4919.42,4998.34,2684545.0,823173185536.0
2026-05-14,5027.64,5030.52,4913.6,4914.6,2806954.0,857446350848.0
2026-05-15,4911.62,4935.62,4832.69,4859.59,2769677.0,887687413760.0
2026-05-18,4836.33,4868.6,4806.15,4833.52,2390775.0,733452828672.0
2026-05-19,4818.71,4854.52,4773.53,4852.88,2322808.0,712401027072.0
2026-05-20,4829.61,4866.21,4825.64,4850.7,2200232.0,729653313536.0
2026-05-21,4886.24,4937.93,4780.71,4783.1,2873425.0,891936374784.0
2026-05-22,4818.84,4851.35,4785.35,4845.1,2869404.0,771823304704.0
2026-05-25,4873.2,4922.44,4857.13,4921.6,2647432.0,861179412480.0
2026-05-26,4900.12,4952.74,4892.68,4947.85,3027995.0,899094478848.0
2026-05-27,4940.95,4974.21,4891.34,4908.17,3017091.0,909011910656.0
2026-05-28,4889.27,4922.33,4843.23,4914.21,2674327.0,819897892864.0
2026-05-29,4937.51,4954.07,4878.79,4892.12,3325186.0,942236499968.0
2026-06-01,4897.9,4918.79,4836.69,4844.26,2961340.0,823984848896.0
2026-06-02,4860.61,4930.28,4832.0,4914.56,2817316.0,806751371264.0
2026-06-03,4921.34,4991.85,4904.9,4938.81,3040359.0,906047717376.0
2026-06-04,4897.32,4938.78,4889.75,4904.75,2648089.0,736143409152.0
2026-06-05,4886.96,4924.34,4798.91,4816.92,3019293.0,839863828480.0
2026-06-08,4703.77,4779.86,4677.57,4713.64,2996475.0,761046368256.0
2026-06-09,4743.45,4802.5,4715.39,4801.81,2583916.0,713287008256.0
2026-06-10,4753.12,4786.52,4718.99,4748.59,2592971.0,694628384768.0
2026-06-11,4730.07,4766.17,4685.5,4722.41,2471770.0,653931773952.0
2026-06-12,4784.64,4809.86,4757.56,4777.32,3359220.0,871477346304.0
2026-06-15,4829.29,4892.55,4803.18,4891.71,3313160.0,914145738752.0
2026-06-16,4894.88,4908.28,4866.06,4884.23,2825847.0,857202556928.0
2026-06-17,4859.7,4933.93,4859.7,4931.39,2760539.0,850367610880.0
2026-06-18,4916.04,4976.89,4916.04,4941.6,3344599.0,1021710696448.0
2026-06-22,4949.35,5061.51,4928.46,5059.66,3751001.0,1145900236800.0
2026-06-23,5048.03,5064.27,4892.09,4919.39,3427193.0,1047052877824.0
2026-06-24,4900.38,4953.23,4892.27,4943.02,3122490.0,964945838080.0
2026-06-25,4950.98,5032.0,4944.88,5020.1,3466643.0,1110040903680.0
2026-06-26,4981.83,4981.98,4845.19,4868.22,3411792.0,1068082659328.0
2026-06-29,4866.04,4928.6,4827.15,4926.92,3232161.0,1053723852800.0
2026-06-30,4914.49,4987.56,4914.49,4979.43,3061502.0,985795198976.0
2026-07-01,4972.69,5017.38,4925.63,4958.98,3429347.0,1101717569536.0
2026-07-02,4865.17,4896.99,4800.48,4812.3,3432437.0,1027796828160.0
2026-07-03,4809.5,4890.97,4809.5,4842.17,3010675.0,942569881600.0
2026-07-06,4868.54,4878.32,4789.8,4842.0,2940505.0,907946033152.0
2026-07-07,4813.87,4839.51,4756.73,4792.26,2463060.0,762617528320.0
2026-07-08,4804.48,4830.05,4751.4,4755.53,2439287.0,783248982016.0
2026-07-09,4774.4,4882.85,4734.87,4876.31,2816277.0,947119390720.0
2026-07-10,4887.54,4906.49,4780.75,4780.79,3041302.0,1083913076736.0
2026-07-13,4745.44,4775.24,4670.25,4695.38,2786348.0,907944656896.0
2026-07-14,4691.12,4796.5,4649.04,4796.5,2832509.0,924097118208.0
2026-07-15,4797.94,4826.86,4772.04,4786.78,2786926.0,858314506240.0
2026-07-16,4711.53,4771.06,4673.35,4698.43,2515609.0,798830362624.0
2026-07-17,4661.62,4663.53,4492.09,4529.1,3026299.0,920822415360.0
2026-07-20,4575.67,4628.8,4521.18,4598.32,3331160.0,933403230208.0
2026-07-21,4630.85,4739.23,4566.28,4739.23,3454035.0,1016727273472.0
2026-07-22,4710.66,4772.08,4692.83,4717.24,2855563.0,921519259648.0
2026-07-23,4735.17,4737.51,4698.87,4728.0,2473316.0,741818564608.0
2026-07-24,4685.41,4704.08,4642.94,4649.19,2212612.0,626378670080.0
2026-07-27,4656.03,4702.52,4615.53,4702.43,2047869.0,604552364032.0
2026-07-28,4623.8,4646.49,4552.23,4569.52,2157050.0,652026904576.0
2026-07-29,4582.09,4626.71,4516.32,4600.26,2480823.0,751545090048.0
2026-07-30,4566.05,4596.21,4478.21,4549.72,2746511.0,803697000448.0
2026-07-31,4623.85,4635.59,4588.2,4588.2,2792437.0,832909082624.0
2026-08-03,4561.82,4572.59,4529.19,4543.18,2320426.0,615750959104.0
2026-08-04,4566.94,4613.69,4555.25,4600.93,2420736.0,698818101248.0
2026-08-05,4550.19,4679.86,4550.19,4658.15,2769219.0,879161180160.0
2026-08-06,4621.8,4675.65,4611.07,4651.31,2475107.0,747784175616.0
2026-08-07,4656.1,4706.73,4649.58,4694.44,2390720.0,788405747712.0
2026-08-10,4698.82,4714.46,4659.47,4702.02,2130760.0,733103390720.0
2026-08-11,4689.45,4715.88,4660.47,4663.79,2096991.0,645384765440.0
2026-08-12,4660.47,4700.43,4657.69,4690.92,1849391.0,575326257152.0
2026-08-13,4716.97,4727.23,4661.88,4663.95,2154996.0,690715951104.0
2026-08-14,4672.98,4676.71,4637.13,4665.88,1784306.0,549769576448.0
2026-08-17,4672.28,4742.4,4662.72,4741.1,1905692.0,657601724416.0
2026-08-18,4734.07,4744.01,4687.53,4725.81,2042455.0,619828740096.0
2026-08-19,4660.06,4674.38,4568.07,4588.7,2440701.0,705253474304.0
2026-08-20,4613.3,4631.13,4569.23,4592.75,2008741.0,554021093376.0
2026-08-21,4585.44,4629.0,4579.26,4618.9,1710758.0,505501089792.0
2026-08-24,4620.95,4621.39,4527.49,4563.13,2066168.0,590425620480.0
2026-08-25,4542.24,4573.38,4523.02,4552.03,1715101.0,480421576704.0
2026-08-26,4549.43,4612.04,4542.84,4590.79,1845781.0,489057288192.0
2026-08-27,4594.48,4631.35,4584.99,4630.28,2020172.0,587120377856.0
2026-08-28,4615.84,4643.34,4608.46,4609.18,1809894.0,549813485568.0
2026-08-31,4561.99,4625.09,4557.35,4625.09,2374476.0,583433846784.0
2026-09-01,4618.73,4640.08,4604.77,4611.44,2148695.0,535708368896.0
2026-09-02,4581.51,4583.27,4534.39,4547.96,1869918.0,474680393728.0
2026-09-03,4570.91,4585.99,4536.92,4552.58,1822440.0,439940677632.0
2026-09-04,4575.32,4602.2,4530.76,4548.05,1969974.0,517509316608.0
2026-09-07,4567.89,4580.7,4545.41,4575.02,1832184.0,535811883008.0
2026-09-08,4575.99,4587.73,4546.31,4558.74,1735666.0,492086624256.0
2026-09-09,4578.512,4581.903,4548.362,4572.599,1580044.0,440048386048.0
